Copyright 1986-2022 Xilinx, Inc. All Rights Reserved. Copyright 2022-2024 Advanced Micro Devices, Inc. All Rights Reserved.
---------------------------------------------------------------------------------------------------------------------------------------------------------------------------------------------------------
| Tool Version : Vivado v.2024.2 (win64) Build 5239630 Fri Nov 08 22:35:27 MST 2024
| Date         : Sun Mar  1 17:05:28 2026
| Host         : JakesXPS13 running 64-bit major release  (build 9200)
| Command      : report_timing_summary -max_paths 10 -report_unconstrained -file lab2_timing_summary_routed.rpt -pb lab2_timing_summary_routed.pb -rpx lab2_timing_summary_routed.rpx -warn_on_violation
| Design       : lab2
| Device       : 7a200t-sbg484
| Speed File   : -1  PRODUCTION 1.23 2018-06-13
| Design State : Routed
---------------------------------------------------------------------------------------------------------------------------------------------------------------------------------------------------------

Timing Summary Report

------------------------------------------------------------------------------------------------
| Timer Settings
| --------------
------------------------------------------------------------------------------------------------

  Enable Multi Corner Analysis               :  Yes
  Enable Pessimism Removal                   :  Yes
  Pessimism Removal Resolution               :  Nearest Common Node
  Enable Input Delay Default Clock           :  No
  Enable Preset / Clear Arcs                 :  No
  Disable Flight Delays                      :  No
  Ignore I/O Paths                           :  No
  Timing Early Launch at Borrowing Latches   :  No
  Borrow Time for Max Delay Exceptions       :  Yes
  Merge Timing Exceptions                    :  Yes
  Inter-SLR Compensation                     :  Conservative

  Corner  Analyze    Analyze    
  Name    Max Paths  Min Paths  
  ------  ---------  ---------  
  Slow    Yes        Yes        
  Fast    Yes        Yes        


------------------------------------------------------------------------------------------------
| Report Methodology
| ------------------
------------------------------------------------------------------------------------------------

Rule       Severity          Description                                        Violations  
---------  ----------------  -------------------------------------------------  ----------  
TIMING-17  Critical Warning  Non-clocked sequential cell                        295         
TIMING-27  Critical Warning  Invalid primary clock on hierarchical pin          2           
TIMING-20  Warning           Non-clocked latch                                  8           
XDCC-2     Warning           Scoped Non-Timing constraint/property overwritten  1           
LATCH-1    Advisory          Existing latches in the design                     1           

Note: This report is based on the most recent report_methodology run and may not be up-to-date. Run report_methodology on the current design for the latest report.



check_timing report

Table of Contents
-----------------
1. checking no_clock (319)
2. checking constant_clock (0)
3. checking pulse_width_clock (0)
4. checking unconstrained_internal_endpoints (890)
5. checking no_input_delay (12)
6. checking no_output_delay (9)
7. checking multiple_clock (0)
8. checking generated_clocks (0)
9. checking loops (0)
10. checking partial_input_delay (0)
11. checking partial_output_delay (0)
12. checking latch_loops (0)

1. checking no_clock (319)
--------------------------
 There are 295 register/latch pins with no clock driven by root clock pin: clk (HIGH)

 There are 2 register/latch pins with no clock driven by root clock pin: down_debouncer/FSM_sequential_state_reg[0]/Q (HIGH)

 There are 2 register/latch pins with no clock driven by root clock pin: down_debouncer/FSM_sequential_state_reg[1]/Q (HIGH)

 There are 2 register/latch pins with no clock driven by root clock pin: down_debouncer/FSM_sequential_state_reg[2]/Q (HIGH)

 There are 2 register/latch pins with no clock driven by root clock pin: left_debouncer/FSM_sequential_state_reg[0]/Q (HIGH)

 There are 2 register/latch pins with no clock driven by root clock pin: left_debouncer/FSM_sequential_state_reg[1]/Q (HIGH)

 There are 2 register/latch pins with no clock driven by root clock pin: left_debouncer/FSM_sequential_state_reg[2]/Q (HIGH)

 There are 2 register/latch pins with no clock driven by root clock pin: right_debouncer/FSM_sequential_state_reg[0]/Q (HIGH)

 There are 2 register/latch pins with no clock driven by root clock pin: right_debouncer/FSM_sequential_state_reg[1]/Q (HIGH)

 There are 2 register/latch pins with no clock driven by root clock pin: right_debouncer/FSM_sequential_state_reg[2]/Q (HIGH)

 There are 2 register/latch pins with no clock driven by root clock pin: up_debouncer/FSM_sequential_state_reg[0]/Q (HIGH)

 There are 2 register/latch pins with no clock driven by root clock pin: up_debouncer/FSM_sequential_state_reg[1]/Q (HIGH)

 There are 2 register/latch pins with no clock driven by root clock pin: up_debouncer/FSM_sequential_state_reg[2]/Q (HIGH)


2. checking constant_clock (0)
------------------------------
 There are 0 register/latch pins with constant_clock.


3. checking pulse_width_clock (0)
---------------------------------
 There are 0 register/latch pins which need pulse_width check


4. checking unconstrained_internal_endpoints (890)
--------------------------------------------------
 There are 890 pins that are not constrained for maximum delay. (HIGH)

 There are 0 pins that are not constrained for maximum delay due to constant clock.


5. checking no_input_delay (12)
-------------------------------
 There are 12 input ports with no input delay specified. (HIGH)

 There are 0 input ports with no input delay but user has a false path constraint.


6. checking no_output_delay (9)
-------------------------------
 There are 9 ports with no output delay specified. (HIGH)

 There are 0 ports with no output delay but user has a false path constraint

 There are 0 ports with no output delay but with a timing clock defined on it or propagating through it


7. checking multiple_clock (0)
------------------------------
 There are 0 register/latch pins with multiple clocks.


8. checking generated_clocks (0)
--------------------------------
 There are 0 generated clocks that are not connected to a clock source.


9. checking loops (0)
---------------------
 There are 0 combinational loops in the design.


10. checking partial_input_delay (0)
------------------------------------
 There are 0 input ports with partial input delay specified.


11. checking partial_output_delay (0)
-------------------------------------
 There are 0 ports with partial output delay specified.


12. checking latch_loops (0)
----------------------------
 There are 0 combinational latch loops in the design through latch input



------------------------------------------------------------------------------------------------
| Design Timing Summary
| ---------------------
------------------------------------------------------------------------------------------------

    WNS(ns)      TNS(ns)  TNS Failing Endpoints  TNS Total Endpoints      WHS(ns)      THS(ns)  THS Failing Endpoints  THS Total Endpoints     WPWS(ns)     TPWS(ns)  TPWS Failing Endpoints  TPWS Total Endpoints  
    -------      -------  ---------------------  -------------------      -------      -------  ---------------------  -------------------     --------     --------  ----------------------  --------------------  
      3.462        0.000                      0                  382        0.132        0.000                      0                  382        3.000        0.000                       0                   238  


All user specified timing constraints are met.


------------------------------------------------------------------------------------------------
| Clock Summary
| -------------
------------------------------------------------------------------------------------------------

Clock                                                          Waveform(ns)         Period(ns)      Frequency(MHz)
-----                                                          ------------         ----------      --------------
datapath/Audio_Codec/audiocodec_master_clock/inst/clk_in1      {0.000 5.000}        10.000          100.000         
  clk_out1_clk_wiz_1                                           {0.000 40.687}       81.375          12.289          
  clk_out2_clk_wiz_1                                           {0.000 10.000}       20.000          50.000          
  clkfbout_clk_wiz_1                                           {0.000 5.000}        10.000          100.000         
datapath/video_inst/mmcm_adv_inst_display_clocks/inst/clk_in1  {0.000 5.000}        10.000          100.000         
  clk_out1_clk_wiz_0                                           {0.000 20.000}       40.000          25.000          
  clk_out2_clk_wiz_0                                           {0.000 4.000}        8.000           125.000         
  clkfbout_clk_wiz_0                                           {0.000 5.000}        10.000          100.000         


------------------------------------------------------------------------------------------------
| Intra Clock Table
| -----------------
------------------------------------------------------------------------------------------------

Clock                                                              WNS(ns)      TNS(ns)  TNS Failing Endpoints  TNS Total Endpoints      WHS(ns)      THS(ns)  THS Failing Endpoints  THS Total Endpoints     WPWS(ns)     TPWS(ns)  TPWS Failing Endpoints  TPWS Total Endpoints  
-----                                                              -------      -------  ---------------------  -------------------      -------      -------  ---------------------  -------------------     --------     --------  ----------------------  --------------------  
datapath/Audio_Codec/audiocodec_master_clock/inst/clk_in1                                                                                                                                                        3.000        0.000                       0                     1  
  clk_out1_clk_wiz_1                                                                                                                                                                                            79.220        0.000                       0                     2  
  clk_out2_clk_wiz_1                                                13.899        0.000                      0                  207        0.132        0.000                      0                  207        9.500        0.000                       0                   117  
  clkfbout_clk_wiz_1                                                                                                                                                                                             7.845        0.000                       0                     3  
datapath/video_inst/mmcm_adv_inst_display_clocks/inst/clk_in1                                                                                                                                                    3.000        0.000                       0                     1  
  clk_out1_clk_wiz_0                                                26.233        0.000                      0                  116        0.191        0.000                      0                  116       19.500        0.000                       0                    65  
  clk_out2_clk_wiz_0                                                 3.462        0.000                      0                   53        0.196        0.000                      0                   53        3.500        0.000                       0                    46  
  clkfbout_clk_wiz_0                                                                                                                                                                                             7.845        0.000                       0                     3  


------------------------------------------------------------------------------------------------
| Inter Clock Table
| -----------------
------------------------------------------------------------------------------------------------

From Clock          To Clock                WNS(ns)      TNS(ns)  TNS Failing Endpoints  TNS Total Endpoints      WHS(ns)      THS(ns)  THS Failing Endpoints  THS Total Endpoints  
----------          --------                -------      -------  ---------------------  -------------------      -------      -------  ---------------------  -------------------  
clk_out1_clk_wiz_0  clk_out2_clk_wiz_0        4.466        0.000                      0                   30        0.135        0.000                      0                   30  


------------------------------------------------------------------------------------------------
| Other Path Groups Table
| -----------------------
------------------------------------------------------------------------------------------------

Path Group    From Clock    To Clock          WNS(ns)      TNS(ns)  TNS Failing Endpoints  TNS Total Endpoints      WHS(ns)      THS(ns)  THS Failing Endpoints  THS Total Endpoints  
----------    ----------    --------          -------      -------  ---------------------  -------------------      -------      -------  ---------------------  -------------------  


------------------------------------------------------------------------------------------------
| User Ignored Path Table
| -----------------------
------------------------------------------------------------------------------------------------

Path Group    From Clock    To Clock    
----------    ----------    --------    


------------------------------------------------------------------------------------------------
| Unconstrained Path Table
| ------------------------
------------------------------------------------------------------------------------------------

Path Group          From Clock          To Clock          
----------          ----------          --------          
(none)                                                      
(none)              clk_out1_clk_wiz_0                      
(none)              clk_out1_clk_wiz_1                      
(none)              clk_out2_clk_wiz_0                      
(none)              clk_out2_clk_wiz_1                      
(none)              clkfbout_clk_wiz_0                      
(none)              clkfbout_clk_wiz_1                      
(none)                                  clk_out1_clk_wiz_0  
(none)                                  clk_out2_clk_wiz_1  


------------------------------------------------------------------------------------------------
| Timing Details
| --------------
------------------------------------------------------------------------------------------------


---------------------------------------------------------------------------------------------------
From Clock:  datapath/Audio_Codec/audiocodec_master_clock/inst/clk_in1
  To Clock:  datapath/Audio_Codec/audiocodec_master_clock/inst/clk_in1

Setup :           NA  Failing Endpoints,  Worst Slack           NA  ,  Total Violation           NA
Hold  :           NA  Failing Endpoints,  Worst Slack           NA  ,  Total Violation           NA
PW    :            0  Failing Endpoints,  Worst Slack        3.000ns,  Total Violation        0.000ns
---------------------------------------------------------------------------------------------------


Pulse Width Checks
--------------------------------------------------------------------------------------
Clock Name:         datapath/Audio_Codec/audiocodec_master_clock/inst/clk_in1
Waveform(ns):       { 0.000 5.000 }
Period(ns):         10.000
Sources:            { datapath/Audio_Codec/audiocodec_master_clock/inst/clk_in1 }

Check Type        Corner  Lib Pin            Reference Pin  Required(ns)  Actual(ns)  Slack(ns)  Location         Pin
Min Period        n/a     MMCME2_ADV/CLKIN1  n/a            1.249         10.000      8.751      MMCME2_ADV_X0Y2  datapath/Audio_Codec/audiocodec_master_clock/inst/mmcm_adv_inst/CLKIN1
Max Period        n/a     MMCME2_ADV/CLKIN1  n/a            100.000       10.000      90.000     MMCME2_ADV_X0Y2  datapath/Audio_Codec/audiocodec_master_clock/inst/mmcm_adv_inst/CLKIN1
Low Pulse Width   Slow    MMCME2_ADV/CLKIN1  n/a            2.000         5.000       3.000      MMCME2_ADV_X0Y2  datapath/Audio_Codec/audiocodec_master_clock/inst/mmcm_adv_inst/CLKIN1
Low Pulse Width   Fast    MMCME2_ADV/CLKIN1  n/a            2.000         5.000       3.000      MMCME2_ADV_X0Y2  datapath/Audio_Codec/audiocodec_master_clock/inst/mmcm_adv_inst/CLKIN1
High Pulse Width  Slow    MMCME2_ADV/CLKIN1  n/a            2.000         5.000       3.000      MMCME2_ADV_X0Y2  datapath/Audio_Codec/audiocodec_master_clock/inst/mmcm_adv_inst/CLKIN1
High Pulse Width  Fast    MMCME2_ADV/CLKIN1  n/a            2.000         5.000       3.000      MMCME2_ADV_X0Y2  datapath/Audio_Codec/audiocodec_master_clock/inst/mmcm_adv_inst/CLKIN1



---------------------------------------------------------------------------------------------------
From Clock:  clk_out1_clk_wiz_1
  To Clock:  clk_out1_clk_wiz_1

Setup :           NA  Failing Endpoints,  Worst Slack           NA  ,  Total Violation           NA
Hold  :           NA  Failing Endpoints,  Worst Slack           NA  ,  Total Violation           NA
PW    :            0  Failing Endpoints,  Worst Slack       79.220ns,  Total Violation        0.000ns
---------------------------------------------------------------------------------------------------


Pulse Width Checks
--------------------------------------------------------------------------------------
Clock Name:         clk_out1_clk_wiz_1
Waveform(ns):       { 0.000 40.688 }
Period(ns):         81.375
Sources:            { datapath/Audio_Codec/audiocodec_master_clock/inst/mmcm_adv_inst/CLKOUT0 }

Check Type  Corner  Lib Pin             Reference Pin  Required(ns)  Actual(ns)  Slack(ns)  Location         Pin
Min Period  n/a     BUFG/I              n/a            2.155         81.375      79.220     BUFGCTRL_X0Y1    datapath/Audio_Codec/audiocodec_master_clock/inst/clkout1_buf/I
Min Period  n/a     MMCME2_ADV/CLKOUT0  n/a            1.249         81.375      80.126     MMCME2_ADV_X0Y2  datapath/Audio_Codec/audiocodec_master_clock/inst/mmcm_adv_inst/CLKOUT0
Max Period  n/a     MMCME2_ADV/CLKOUT0  n/a            213.360       81.375      131.985    MMCME2_ADV_X0Y2  datapath/Audio_Codec/audiocodec_master_clock/inst/mmcm_adv_inst/CLKOUT0



---------------------------------------------------------------------------------------------------
From Clock:  clk_out2_clk_wiz_1
  To Clock:  clk_out2_clk_wiz_1

Setup :            0  Failing Endpoints,  Worst Slack       13.899ns,  Total Violation        0.000ns
Hold  :            0  Failing Endpoints,  Worst Slack        0.132ns,  Total Violation        0.000ns
PW    :            0  Failing Endpoints,  Worst Slack        9.500ns,  Total Violation        0.000ns
---------------------------------------------------------------------------------------------------


Max Delay Paths
--------------------------------------------------------------------------------------
Slack (MET) :             13.899ns  (required time - arrival time)
  Source:                 datapath/Audio_Codec/initialize_audio/twi_controller/sclCnt_reg[2]/C
                            (rising edge-triggered cell FDSE clocked by clk_out2_clk_wiz_1  {rise@0.000ns fall@10.000ns period=20.000ns})
  Destination:            datapath/Audio_Codec/initialize_audio/twi_controller/dataByte_reg[0]/D
                            (rising edge-triggered cell FDRE clocked by clk_out2_clk_wiz_1  {rise@0.000ns fall@10.000ns period=20.000ns})
  Path Group:             clk_out2_clk_wiz_1
  Path Type:              Setup (Max at Slow Process Corner)
  Requirement:            20.000ns  (clk_out2_clk_wiz_1 rise@20.000ns - clk_out2_clk_wiz_1 rise@0.000ns)
  Data Path Delay:        6.068ns  (logic 1.519ns (25.034%)  route 4.549ns (74.966%))
  Logic Levels:           5  (LUT2=1 LUT3=1 LUT4=1 LUT5=1 LUT6=1)
  Clock Path Skew:        -0.028ns (DCD - SCD + CPR)
    Destination Clock Delay (DCD):    1.705ns = ( 21.705 - 20.000 ) 
    Source Clock Delay      (SCD):    1.827ns
    Clock Pessimism Removal (CPR):    0.094ns
  Clock Uncertainty:      0.084ns  ((TSJ^2 + DJ^2)^1/2) / 2 + PE
    Total System Jitter     (TSJ):    0.071ns
    Discrete Jitter          (DJ):    0.152ns
    Phase Error              (PE):    0.000ns

    Location             Delay type                Incr(ns)  Path(ns)    Netlist Resource(s)
  -------------------------------------------------------------------    -------------------
                         (clock clk_out2_clk_wiz_1 rise edge)
                                                      0.000     0.000 r  
    BUFGCTRL_X0Y2        BUFG                         0.000     0.000 r  clk_IBUF_BUFG_inst/O
                         net (fo=297, routed)         1.761     1.761    datapath/Audio_Codec/audiocodec_master_clock/inst/clk_in1
    MMCME2_ADV_X0Y2      MMCME2_ADV (Prop_mmcme2_adv_CLKIN1_CLKOUT1)
                                                     -3.701    -1.939 r  datapath/Audio_Codec/audiocodec_master_clock/inst/mmcm_adv_inst/CLKOUT1
                         net (fo=1, routed)           1.843    -0.096    datapath/Audio_Codec/audiocodec_master_clock/inst/clk_out2_clk_wiz_1
    BUFGCTRL_X0Y3        BUFG (Prop_bufg_I_O)         0.096    -0.000 r  datapath/Audio_Codec/audiocodec_master_clock/inst/clkout2_buf/O
                         net (fo=115, routed)         1.827     1.827    datapath/Audio_Codec/initialize_audio/twi_controller/CLK
    SLICE_X162Y114       FDSE                                         r  datapath/Audio_Codec/initialize_audio/twi_controller/sclCnt_reg[2]/C
  -------------------------------------------------------------------    -------------------
    SLICE_X162Y114       FDSE (Prop_fdse_C_Q)         0.478     2.305 f  datapath/Audio_Codec/initialize_audio/twi_controller/sclCnt_reg[2]/Q
                         net (fo=5, routed)           0.897     3.202    datapath/Audio_Codec/initialize_audio/twi_controller/sclCnt_reg[2]
    SLICE_X162Y115       LUT6 (Prop_lut6_I1_O)        0.295     3.497 f  datapath/Audio_Codec/initialize_audio/twi_controller/sclCnt[6]_i_4/O
                         net (fo=2, routed)           0.869     4.366    datapath/Audio_Codec/initialize_audio/twi_controller/sclCnt[6]_i_4_n_0
    SLICE_X162Y114       LUT2 (Prop_lut2_I0_O)        0.150     4.516 f  datapath/Audio_Codec/initialize_audio/twi_controller/subState[1]_i_2/O
                         net (fo=10, routed)          0.861     5.377    datapath/Audio_Codec/initialize_audio/twi_controller/subState[1]_i_2_n_0
    SLICE_X161Y114       LUT3 (Prop_lut3_I2_O)        0.348     5.725 f  datapath/Audio_Codec/initialize_audio/twi_controller/FSM_gray_state[3]_i_5/O
                         net (fo=2, routed)           0.807     6.532    datapath/Audio_Codec/initialize_audio/twi_controller/FSM_gray_state[3]_i_5_n_0
    SLICE_X161Y115       LUT5 (Prop_lut5_I0_O)        0.124     6.656 f  datapath/Audio_Codec/initialize_audio/twi_controller/dataByte[7]_i_6/O
                         net (fo=12, routed)          1.116     7.771    datapath/Audio_Codec/initialize_audio/twi_controller/dataByte[7]_i_6_n_0
    SLICE_X162Y117       LUT4 (Prop_lut4_I2_O)        0.124     7.895 r  datapath/Audio_Codec/initialize_audio/twi_controller/dataByte[0]_i_1/O
                         net (fo=1, routed)           0.000     7.895    datapath/Audio_Codec/initialize_audio/twi_controller/p_1_in[0]
    SLICE_X162Y117       FDRE                                         r  datapath/Audio_Codec/initialize_audio/twi_controller/dataByte_reg[0]/D
  -------------------------------------------------------------------    -------------------

                         (clock clk_out2_clk_wiz_1 rise edge)
                                                     20.000    20.000 r  
    BUFGCTRL_X0Y2        BUFG                         0.000    20.000 r  clk_IBUF_BUFG_inst/O
                         net (fo=297, routed)         1.643    21.643    datapath/Audio_Codec/audiocodec_master_clock/inst/clk_in1
    MMCME2_ADV_X0Y2      MMCME2_ADV (Prop_mmcme2_adv_CLKIN1_CLKOUT1)
                                                     -3.494    18.149 r  datapath/Audio_Codec/audiocodec_master_clock/inst/mmcm_adv_inst/CLKOUT1
                         net (fo=1, routed)           1.760    19.909    datapath/Audio_Codec/audiocodec_master_clock/inst/clk_out2_clk_wiz_1
    BUFGCTRL_X0Y3        BUFG (Prop_bufg_I_O)         0.091    20.000 r  datapath/Audio_Codec/audiocodec_master_clock/inst/clkout2_buf/O
                         net (fo=115, routed)         1.705    21.705    datapath/Audio_Codec/initialize_audio/twi_controller/CLK
    SLICE_X162Y117       FDRE                                         r  datapath/Audio_Codec/initialize_audio/twi_controller/dataByte_reg[0]/C
                         clock pessimism              0.094    21.799    
                         clock uncertainty           -0.084    21.716    
    SLICE_X162Y117       FDRE (Setup_fdre_C_D)        0.079    21.795    datapath/Audio_Codec/initialize_audio/twi_controller/dataByte_reg[0]
  -------------------------------------------------------------------
                         required time                         21.795    
                         arrival time                          -7.895    
  -------------------------------------------------------------------
                         slack                                 13.899    

Slack (MET) :             14.198ns  (required time - arrival time)
  Source:                 datapath/Audio_Codec/initialize_audio/twi_controller/sclCnt_reg[2]/C
                            (rising edge-triggered cell FDSE clocked by clk_out2_clk_wiz_1  {rise@0.000ns fall@10.000ns period=20.000ns})
  Destination:            datapath/Audio_Codec/initialize_audio/twi_controller/dataByte_reg[1]/D
                            (rising edge-triggered cell FDRE clocked by clk_out2_clk_wiz_1  {rise@0.000ns fall@10.000ns period=20.000ns})
  Path Group:             clk_out2_clk_wiz_1
  Path Type:              Setup (Max at Slow Process Corner)
  Requirement:            20.000ns  (clk_out2_clk_wiz_1 rise@20.000ns - clk_out2_clk_wiz_1 rise@0.000ns)
  Data Path Delay:        5.767ns  (logic 1.519ns (26.340%)  route 4.248ns (73.660%))
  Logic Levels:           5  (LUT2=1 LUT3=1 LUT4=1 LUT5=1 LUT6=1)
  Clock Path Skew:        -0.028ns (DCD - SCD + CPR)
    Destination Clock Delay (DCD):    1.705ns = ( 21.705 - 20.000 ) 
    Source Clock Delay      (SCD):    1.827ns
    Clock Pessimism Removal (CPR):    0.094ns
  Clock Uncertainty:      0.084ns  ((TSJ^2 + DJ^2)^1/2) / 2 + PE
    Total System Jitter     (TSJ):    0.071ns
    Discrete Jitter          (DJ):    0.152ns
    Phase Error              (PE):    0.000ns

    Location             Delay type                Incr(ns)  Path(ns)    Netlist Resource(s)
  -------------------------------------------------------------------    -------------------
                         (clock clk_out2_clk_wiz_1 rise edge)
                                                      0.000     0.000 r  
    BUFGCTRL_X0Y2        BUFG                         0.000     0.000 r  clk_IBUF_BUFG_inst/O
                         net (fo=297, routed)         1.761     1.761    datapath/Audio_Codec/audiocodec_master_clock/inst/clk_in1
    MMCME2_ADV_X0Y2      MMCME2_ADV (Prop_mmcme2_adv_CLKIN1_CLKOUT1)
                                                     -3.701    -1.939 r  datapath/Audio_Codec/audiocodec_master_clock/inst/mmcm_adv_inst/CLKOUT1
                         net (fo=1, routed)           1.843    -0.096    datapath/Audio_Codec/audiocodec_master_clock/inst/clk_out2_clk_wiz_1
    BUFGCTRL_X0Y3        BUFG (Prop_bufg_I_O)         0.096    -0.000 r  datapath/Audio_Codec/audiocodec_master_clock/inst/clkout2_buf/O
                         net (fo=115, routed)         1.827     1.827    datapath/Audio_Codec/initialize_audio/twi_controller/CLK
    SLICE_X162Y114       FDSE                                         r  datapath/Audio_Codec/initialize_audio/twi_controller/sclCnt_reg[2]/C
  -------------------------------------------------------------------    -------------------
    SLICE_X162Y114       FDSE (Prop_fdse_C_Q)         0.478     2.305 r  datapath/Audio_Codec/initialize_audio/twi_controller/sclCnt_reg[2]/Q
                         net (fo=5, routed)           0.897     3.202    datapath/Audio_Codec/initialize_audio/twi_controller/sclCnt_reg[2]
    SLICE_X162Y115       LUT6 (Prop_lut6_I1_O)        0.295     3.497 r  datapath/Audio_Codec/initialize_audio/twi_controller/sclCnt[6]_i_4/O
                         net (fo=2, routed)           0.869     4.366    datapath/Audio_Codec/initialize_audio/twi_controller/sclCnt[6]_i_4_n_0
    SLICE_X162Y114       LUT2 (Prop_lut2_I0_O)        0.150     4.516 r  datapath/Audio_Codec/initialize_audio/twi_controller/subState[1]_i_2/O
                         net (fo=10, routed)          0.861     5.377    datapath/Audio_Codec/initialize_audio/twi_controller/subState[1]_i_2_n_0
    SLICE_X161Y114       LUT3 (Prop_lut3_I2_O)        0.348     5.725 r  datapath/Audio_Codec/initialize_audio/twi_controller/FSM_gray_state[3]_i_5/O
                         net (fo=2, routed)           0.807     6.532    datapath/Audio_Codec/initialize_audio/twi_controller/FSM_gray_state[3]_i_5_n_0
    SLICE_X161Y115       LUT5 (Prop_lut5_I0_O)        0.124     6.656 r  datapath/Audio_Codec/initialize_audio/twi_controller/dataByte[7]_i_6/O
                         net (fo=12, routed)          0.815     7.470    datapath/Audio_Codec/initialize_audio/twi_controller/dataByte[7]_i_6_n_0
    SLICE_X162Y117       LUT4 (Prop_lut4_I2_O)        0.124     7.594 r  datapath/Audio_Codec/initialize_audio/twi_controller/dataByte[1]_i_1/O
                         net (fo=1, routed)           0.000     7.594    datapath/Audio_Codec/initialize_audio/twi_controller/p_1_in[1]
    SLICE_X162Y117       FDRE                                         r  datapath/Audio_Codec/initialize_audio/twi_controller/dataByte_reg[1]/D
  -------------------------------------------------------------------    -------------------

                         (clock clk_out2_clk_wiz_1 rise edge)
                                                     20.000    20.000 r  
    BUFGCTRL_X0Y2        BUFG                         0.000    20.000 r  clk_IBUF_BUFG_inst/O
                         net (fo=297, routed)         1.643    21.643    datapath/Audio_Codec/audiocodec_master_clock/inst/clk_in1
    MMCME2_ADV_X0Y2      MMCME2_ADV (Prop_mmcme2_adv_CLKIN1_CLKOUT1)
                                                     -3.494    18.149 r  datapath/Audio_Codec/audiocodec_master_clock/inst/mmcm_adv_inst/CLKOUT1
                         net (fo=1, routed)           1.760    19.909    datapath/Audio_Codec/audiocodec_master_clock/inst/clk_out2_clk_wiz_1
    BUFGCTRL_X0Y3        BUFG (Prop_bufg_I_O)         0.091    20.000 r  datapath/Audio_Codec/audiocodec_master_clock/inst/clkout2_buf/O
                         net (fo=115, routed)         1.705    21.705    datapath/Audio_Codec/initialize_audio/twi_controller/CLK
    SLICE_X162Y117       FDRE                                         r  datapath/Audio_Codec/initialize_audio/twi_controller/dataByte_reg[1]/C
                         clock pessimism              0.094    21.799    
                         clock uncertainty           -0.084    21.716    
    SLICE_X162Y117       FDRE (Setup_fdre_C_D)        0.077    21.793    datapath/Audio_Codec/initialize_audio/twi_controller/dataByte_reg[1]
  -------------------------------------------------------------------
                         required time                         21.793    
                         arrival time                          -7.594    
  -------------------------------------------------------------------
                         slack                                 14.198    

Slack (MET) :             14.204ns  (required time - arrival time)
  Source:                 datapath/Audio_Codec/initialize_audio/twi_controller/sclCnt_reg[2]/C
                            (rising edge-triggered cell FDSE clocked by clk_out2_clk_wiz_1  {rise@0.000ns fall@10.000ns period=20.000ns})
  Destination:            datapath/Audio_Codec/initialize_audio/twi_controller/dataByte_reg[3]/D
                            (rising edge-triggered cell FDRE clocked by clk_out2_clk_wiz_1  {rise@0.000ns fall@10.000ns period=20.000ns})
  Path Group:             clk_out2_clk_wiz_1
  Path Type:              Setup (Max at Slow Process Corner)
  Requirement:            20.000ns  (clk_out2_clk_wiz_1 rise@20.000ns - clk_out2_clk_wiz_1 rise@0.000ns)
  Data Path Delay:        5.763ns  (logic 1.519ns (26.358%)  route 4.244ns (73.642%))
  Logic Levels:           5  (LUT2=1 LUT3=1 LUT4=1 LUT5=1 LUT6=1)
  Clock Path Skew:        -0.028ns (DCD - SCD + CPR)
    Destination Clock Delay (DCD):    1.705ns = ( 21.705 - 20.000 ) 
    Source Clock Delay      (SCD):    1.827ns
    Clock Pessimism Removal (CPR):    0.094ns
  Clock Uncertainty:      0.084ns  ((TSJ^2 + DJ^2)^1/2) / 2 + PE
    Total System Jitter     (TSJ):    0.071ns
    Discrete Jitter          (DJ):    0.152ns
    Phase Error              (PE):    0.000ns

    Location             Delay type                Incr(ns)  Path(ns)    Netlist Resource(s)
  -------------------------------------------------------------------    -------------------
                         (clock clk_out2_clk_wiz_1 rise edge)
                                                      0.000     0.000 r  
    BUFGCTRL_X0Y2        BUFG                         0.000     0.000 r  clk_IBUF_BUFG_inst/O
                         net (fo=297, routed)         1.761     1.761    datapath/Audio_Codec/audiocodec_master_clock/inst/clk_in1
    MMCME2_ADV_X0Y2      MMCME2_ADV (Prop_mmcme2_adv_CLKIN1_CLKOUT1)
                                                     -3.701    -1.939 r  datapath/Audio_Codec/audiocodec_master_clock/inst/mmcm_adv_inst/CLKOUT1
                         net (fo=1, routed)           1.843    -0.096    datapath/Audio_Codec/audiocodec_master_clock/inst/clk_out2_clk_wiz_1
    BUFGCTRL_X0Y3        BUFG (Prop_bufg_I_O)         0.096    -0.000 r  datapath/Audio_Codec/audiocodec_master_clock/inst/clkout2_buf/O
                         net (fo=115, routed)         1.827     1.827    datapath/Audio_Codec/initialize_audio/twi_controller/CLK
    SLICE_X162Y114       FDSE                                         r  datapath/Audio_Codec/initialize_audio/twi_controller/sclCnt_reg[2]/C
  -------------------------------------------------------------------    -------------------
    SLICE_X162Y114       FDSE (Prop_fdse_C_Q)         0.478     2.305 f  datapath/Audio_Codec/initialize_audio/twi_controller/sclCnt_reg[2]/Q
                         net (fo=5, routed)           0.897     3.202    datapath/Audio_Codec/initialize_audio/twi_controller/sclCnt_reg[2]
    SLICE_X162Y115       LUT6 (Prop_lut6_I1_O)        0.295     3.497 f  datapath/Audio_Codec/initialize_audio/twi_controller/sclCnt[6]_i_4/O
                         net (fo=2, routed)           0.869     4.366    datapath/Audio_Codec/initialize_audio/twi_controller/sclCnt[6]_i_4_n_0
    SLICE_X162Y114       LUT2 (Prop_lut2_I0_O)        0.150     4.516 f  datapath/Audio_Codec/initialize_audio/twi_controller/subState[1]_i_2/O
                         net (fo=10, routed)          0.861     5.377    datapath/Audio_Codec/initialize_audio/twi_controller/subState[1]_i_2_n_0
    SLICE_X161Y114       LUT3 (Prop_lut3_I2_O)        0.348     5.725 f  datapath/Audio_Codec/initialize_audio/twi_controller/FSM_gray_state[3]_i_5/O
                         net (fo=2, routed)           0.807     6.532    datapath/Audio_Codec/initialize_audio/twi_controller/FSM_gray_state[3]_i_5_n_0
    SLICE_X161Y115       LUT5 (Prop_lut5_I0_O)        0.124     6.656 f  datapath/Audio_Codec/initialize_audio/twi_controller/dataByte[7]_i_6/O
                         net (fo=12, routed)          0.811     7.466    datapath/Audio_Codec/initialize_audio/twi_controller/dataByte[7]_i_6_n_0
    SLICE_X162Y117       LUT4 (Prop_lut4_I0_O)        0.124     7.590 r  datapath/Audio_Codec/initialize_audio/twi_controller/dataByte[3]_i_1/O
                         net (fo=1, routed)           0.000     7.590    datapath/Audio_Codec/initialize_audio/twi_controller/p_1_in[3]
    SLICE_X162Y117       FDRE                                         r  datapath/Audio_Codec/initialize_audio/twi_controller/dataByte_reg[3]/D
  -------------------------------------------------------------------    -------------------

                         (clock clk_out2_clk_wiz_1 rise edge)
                                                     20.000    20.000 r  
    BUFGCTRL_X0Y2        BUFG                         0.000    20.000 r  clk_IBUF_BUFG_inst/O
                         net (fo=297, routed)         1.643    21.643    datapath/Audio_Codec/audiocodec_master_clock/inst/clk_in1
    MMCME2_ADV_X0Y2      MMCME2_ADV (Prop_mmcme2_adv_CLKIN1_CLKOUT1)
                                                     -3.494    18.149 r  datapath/Audio_Codec/audiocodec_master_clock/inst/mmcm_adv_inst/CLKOUT1
                         net (fo=1, routed)           1.760    19.909    datapath/Audio_Codec/audiocodec_master_clock/inst/clk_out2_clk_wiz_1
    BUFGCTRL_X0Y3        BUFG (Prop_bufg_I_O)         0.091    20.000 r  datapath/Audio_Codec/audiocodec_master_clock/inst/clkout2_buf/O
                         net (fo=115, routed)         1.705    21.705    datapath/Audio_Codec/initialize_audio/twi_controller/CLK
    SLICE_X162Y117       FDRE                                         r  datapath/Audio_Codec/initialize_audio/twi_controller/dataByte_reg[3]/C
                         clock pessimism              0.094    21.799    
                         clock uncertainty           -0.084    21.716    
    SLICE_X162Y117       FDRE (Setup_fdre_C_D)        0.079    21.795    datapath/Audio_Codec/initialize_audio/twi_controller/dataByte_reg[3]
  -------------------------------------------------------------------
                         required time                         21.795    
                         arrival time                          -7.590    
  -------------------------------------------------------------------
                         slack                                 14.204    

Slack (MET) :             14.205ns  (required time - arrival time)
  Source:                 datapath/Audio_Codec/initialize_audio/twi_controller/sclCnt_reg[2]/C
                            (rising edge-triggered cell FDSE clocked by clk_out2_clk_wiz_1  {rise@0.000ns fall@10.000ns period=20.000ns})
  Destination:            datapath/Audio_Codec/initialize_audio/twi_controller/dataByte_reg[2]/D
                            (rising edge-triggered cell FDRE clocked by clk_out2_clk_wiz_1  {rise@0.000ns fall@10.000ns period=20.000ns})
  Path Group:             clk_out2_clk_wiz_1
  Path Type:              Setup (Max at Slow Process Corner)
  Requirement:            20.000ns  (clk_out2_clk_wiz_1 rise@20.000ns - clk_out2_clk_wiz_1 rise@0.000ns)
  Data Path Delay:        5.764ns  (logic 1.519ns (26.354%)  route 4.245ns (73.646%))
  Logic Levels:           5  (LUT2=1 LUT3=1 LUT4=1 LUT5=1 LUT6=1)
  Clock Path Skew:        -0.028ns (DCD - SCD + CPR)
    Destination Clock Delay (DCD):    1.705ns = ( 21.705 - 20.000 ) 
    Source Clock Delay      (SCD):    1.827ns
    Clock Pessimism Removal (CPR):    0.094ns
  Clock Uncertainty:      0.084ns  ((TSJ^2 + DJ^2)^1/2) / 2 + PE
    Total System Jitter     (TSJ):    0.071ns
    Discrete Jitter          (DJ):    0.152ns
    Phase Error              (PE):    0.000ns

    Location             Delay type                Incr(ns)  Path(ns)    Netlist Resource(s)
  -------------------------------------------------------------------    -------------------
                         (clock clk_out2_clk_wiz_1 rise edge)
                                                      0.000     0.000 r  
    BUFGCTRL_X0Y2        BUFG                         0.000     0.000 r  clk_IBUF_BUFG_inst/O
                         net (fo=297, routed)         1.761     1.761    datapath/Audio_Codec/audiocodec_master_clock/inst/clk_in1
    MMCME2_ADV_X0Y2      MMCME2_ADV (Prop_mmcme2_adv_CLKIN1_CLKOUT1)
                                                     -3.701    -1.939 r  datapath/Audio_Codec/audiocodec_master_clock/inst/mmcm_adv_inst/CLKOUT1
                         net (fo=1, routed)           1.843    -0.096    datapath/Audio_Codec/audiocodec_master_clock/inst/clk_out2_clk_wiz_1
    BUFGCTRL_X0Y3        BUFG (Prop_bufg_I_O)         0.096    -0.000 r  datapath/Audio_Codec/audiocodec_master_clock/inst/clkout2_buf/O
                         net (fo=115, routed)         1.827     1.827    datapath/Audio_Codec/initialize_audio/twi_controller/CLK
    SLICE_X162Y114       FDSE                                         r  datapath/Audio_Codec/initialize_audio/twi_controller/sclCnt_reg[2]/C
  -------------------------------------------------------------------    -------------------
    SLICE_X162Y114       FDSE (Prop_fdse_C_Q)         0.478     2.305 r  datapath/Audio_Codec/initialize_audio/twi_controller/sclCnt_reg[2]/Q
                         net (fo=5, routed)           0.897     3.202    datapath/Audio_Codec/initialize_audio/twi_controller/sclCnt_reg[2]
    SLICE_X162Y115       LUT6 (Prop_lut6_I1_O)        0.295     3.497 r  datapath/Audio_Codec/initialize_audio/twi_controller/sclCnt[6]_i_4/O
                         net (fo=2, routed)           0.869     4.366    datapath/Audio_Codec/initialize_audio/twi_controller/sclCnt[6]_i_4_n_0
    SLICE_X162Y114       LUT2 (Prop_lut2_I0_O)        0.150     4.516 r  datapath/Audio_Codec/initialize_audio/twi_controller/subState[1]_i_2/O
                         net (fo=10, routed)          0.861     5.377    datapath/Audio_Codec/initialize_audio/twi_controller/subState[1]_i_2_n_0
    SLICE_X161Y114       LUT3 (Prop_lut3_I2_O)        0.348     5.725 r  datapath/Audio_Codec/initialize_audio/twi_controller/FSM_gray_state[3]_i_5/O
                         net (fo=2, routed)           0.807     6.532    datapath/Audio_Codec/initialize_audio/twi_controller/FSM_gray_state[3]_i_5_n_0
    SLICE_X161Y115       LUT5 (Prop_lut5_I0_O)        0.124     6.656 r  datapath/Audio_Codec/initialize_audio/twi_controller/dataByte[7]_i_6/O
                         net (fo=12, routed)          0.812     7.467    datapath/Audio_Codec/initialize_audio/twi_controller/dataByte[7]_i_6_n_0
    SLICE_X162Y117       LUT4 (Prop_lut4_I2_O)        0.124     7.591 r  datapath/Audio_Codec/initialize_audio/twi_controller/dataByte[2]_i_1/O
                         net (fo=1, routed)           0.000     7.591    datapath/Audio_Codec/initialize_audio/twi_controller/p_1_in[2]
    SLICE_X162Y117       FDRE                                         r  datapath/Audio_Codec/initialize_audio/twi_controller/dataByte_reg[2]/D
  -------------------------------------------------------------------    -------------------

                         (clock clk_out2_clk_wiz_1 rise edge)
                                                     20.000    20.000 r  
    BUFGCTRL_X0Y2        BUFG                         0.000    20.000 r  clk_IBUF_BUFG_inst/O
                         net (fo=297, routed)         1.643    21.643    datapath/Audio_Codec/audiocodec_master_clock/inst/clk_in1
    MMCME2_ADV_X0Y2      MMCME2_ADV (Prop_mmcme2_adv_CLKIN1_CLKOUT1)
                                                     -3.494    18.149 r  datapath/Audio_Codec/audiocodec_master_clock/inst/mmcm_adv_inst/CLKOUT1
                         net (fo=1, routed)           1.760    19.909    datapath/Audio_Codec/audiocodec_master_clock/inst/clk_out2_clk_wiz_1
    BUFGCTRL_X0Y3        BUFG (Prop_bufg_I_O)         0.091    20.000 r  datapath/Audio_Codec/audiocodec_master_clock/inst/clkout2_buf/O
                         net (fo=115, routed)         1.705    21.705    datapath/Audio_Codec/initialize_audio/twi_controller/CLK
    SLICE_X162Y117       FDRE                                         r  datapath/Audio_Codec/initialize_audio/twi_controller/dataByte_reg[2]/C
                         clock pessimism              0.094    21.799    
                         clock uncertainty           -0.084    21.716    
    SLICE_X162Y117       FDRE (Setup_fdre_C_D)        0.081    21.797    datapath/Audio_Codec/initialize_audio/twi_controller/dataByte_reg[2]
  -------------------------------------------------------------------
                         required time                         21.797    
                         arrival time                          -7.591    
  -------------------------------------------------------------------
                         slack                                 14.205    

Slack (MET) :             14.214ns  (required time - arrival time)
  Source:                 datapath/Audio_Codec/initialize_audio/twi_controller/sclCnt_reg[2]/C
                            (rising edge-triggered cell FDSE clocked by clk_out2_clk_wiz_1  {rise@0.000ns fall@10.000ns period=20.000ns})
  Destination:            datapath/Audio_Codec/initialize_audio/twi_controller/dataByte_reg[6]/D
                            (rising edge-triggered cell FDRE clocked by clk_out2_clk_wiz_1  {rise@0.000ns fall@10.000ns period=20.000ns})
  Path Group:             clk_out2_clk_wiz_1
  Path Type:              Setup (Max at Slow Process Corner)
  Requirement:            20.000ns  (clk_out2_clk_wiz_1 rise@20.000ns - clk_out2_clk_wiz_1 rise@0.000ns)
  Data Path Delay:        5.706ns  (logic 1.519ns (26.622%)  route 4.187ns (73.378%))
  Logic Levels:           5  (LUT2=1 LUT3=1 LUT4=1 LUT5=1 LUT6=1)
  Clock Path Skew:        -0.028ns (DCD - SCD + CPR)
    Destination Clock Delay (DCD):    1.705ns = ( 21.705 - 20.000 ) 
    Source Clock Delay      (SCD):    1.827ns
    Clock Pessimism Removal (CPR):    0.094ns
  Clock Uncertainty:      0.084ns  ((TSJ^2 + DJ^2)^1/2) / 2 + PE
    Total System Jitter     (TSJ):    0.071ns
    Discrete Jitter          (DJ):    0.152ns
    Phase Error              (PE):    0.000ns

    Location             Delay type                Incr(ns)  Path(ns)    Netlist Resource(s)
  -------------------------------------------------------------------    -------------------
                         (clock clk_out2_clk_wiz_1 rise edge)
                                                      0.000     0.000 r  
    BUFGCTRL_X0Y2        BUFG                         0.000     0.000 r  clk_IBUF_BUFG_inst/O
                         net (fo=297, routed)         1.761     1.761    datapath/Audio_Codec/audiocodec_master_clock/inst/clk_in1
    MMCME2_ADV_X0Y2      MMCME2_ADV (Prop_mmcme2_adv_CLKIN1_CLKOUT1)
                                                     -3.701    -1.939 r  datapath/Audio_Codec/audiocodec_master_clock/inst/mmcm_adv_inst/CLKOUT1
                         net (fo=1, routed)           1.843    -0.096    datapath/Audio_Codec/audiocodec_master_clock/inst/clk_out2_clk_wiz_1
    BUFGCTRL_X0Y3        BUFG (Prop_bufg_I_O)         0.096    -0.000 r  datapath/Audio_Codec/audiocodec_master_clock/inst/clkout2_buf/O
                         net (fo=115, routed)         1.827     1.827    datapath/Audio_Codec/initialize_audio/twi_controller/CLK
    SLICE_X162Y114       FDSE                                         r  datapath/Audio_Codec/initialize_audio/twi_controller/sclCnt_reg[2]/C
  -------------------------------------------------------------------    -------------------
    SLICE_X162Y114       FDSE (Prop_fdse_C_Q)         0.478     2.305 r  datapath/Audio_Codec/initialize_audio/twi_controller/sclCnt_reg[2]/Q
                         net (fo=5, routed)           0.897     3.202    datapath/Audio_Codec/initialize_audio/twi_controller/sclCnt_reg[2]
    SLICE_X162Y115       LUT6 (Prop_lut6_I1_O)        0.295     3.497 r  datapath/Audio_Codec/initialize_audio/twi_controller/sclCnt[6]_i_4/O
                         net (fo=2, routed)           0.869     4.366    datapath/Audio_Codec/initialize_audio/twi_controller/sclCnt[6]_i_4_n_0
    SLICE_X162Y114       LUT2 (Prop_lut2_I0_O)        0.150     4.516 r  datapath/Audio_Codec/initialize_audio/twi_controller/subState[1]_i_2/O
                         net (fo=10, routed)          0.861     5.377    datapath/Audio_Codec/initialize_audio/twi_controller/subState[1]_i_2_n_0
    SLICE_X161Y114       LUT3 (Prop_lut3_I2_O)        0.348     5.725 r  datapath/Audio_Codec/initialize_audio/twi_controller/FSM_gray_state[3]_i_5/O
                         net (fo=2, routed)           0.807     6.532    datapath/Audio_Codec/initialize_audio/twi_controller/FSM_gray_state[3]_i_5_n_0
    SLICE_X161Y115       LUT5 (Prop_lut5_I0_O)        0.124     6.656 r  datapath/Audio_Codec/initialize_audio/twi_controller/dataByte[7]_i_6/O
                         net (fo=12, routed)          0.753     7.409    datapath/Audio_Codec/initialize_audio/twi_controller/dataByte[7]_i_6_n_0
    SLICE_X161Y117       LUT4 (Prop_lut4_I2_O)        0.124     7.533 r  datapath/Audio_Codec/initialize_audio/twi_controller/dataByte[6]_i_1/O
                         net (fo=1, routed)           0.000     7.533    datapath/Audio_Codec/initialize_audio/twi_controller/p_1_in[6]
    SLICE_X161Y117       FDRE                                         r  datapath/Audio_Codec/initialize_audio/twi_controller/dataByte_reg[6]/D
  -------------------------------------------------------------------    -------------------

                         (clock clk_out2_clk_wiz_1 rise edge)
                                                     20.000    20.000 r  
    BUFGCTRL_X0Y2        BUFG                         0.000    20.000 r  clk_IBUF_BUFG_inst/O
                         net (fo=297, routed)         1.643    21.643    datapath/Audio_Codec/audiocodec_master_clock/inst/clk_in1
    MMCME2_ADV_X0Y2      MMCME2_ADV (Prop_mmcme2_adv_CLKIN1_CLKOUT1)
                                                     -3.494    18.149 r  datapath/Audio_Codec/audiocodec_master_clock/inst/mmcm_adv_inst/CLKOUT1
                         net (fo=1, routed)           1.760    19.909    datapath/Audio_Codec/audiocodec_master_clock/inst/clk_out2_clk_wiz_1
    BUFGCTRL_X0Y3        BUFG (Prop_bufg_I_O)         0.091    20.000 r  datapath/Audio_Codec/audiocodec_master_clock/inst/clkout2_buf/O
                         net (fo=115, routed)         1.705    21.705    datapath/Audio_Codec/initialize_audio/twi_controller/CLK
    SLICE_X161Y117       FDRE                                         r  datapath/Audio_Codec/initialize_audio/twi_controller/dataByte_reg[6]/C
                         clock pessimism              0.094    21.799    
                         clock uncertainty           -0.084    21.716    
    SLICE_X161Y117       FDRE (Setup_fdre_C_D)        0.031    21.747    datapath/Audio_Codec/initialize_audio/twi_controller/dataByte_reg[6]
  -------------------------------------------------------------------
                         required time                         21.747    
                         arrival time                          -7.533    
  -------------------------------------------------------------------
                         slack                                 14.214    

Slack (MET) :             14.216ns  (required time - arrival time)
  Source:                 datapath/Audio_Codec/initialize_audio/twi_controller/sclCnt_reg[2]/C
                            (rising edge-triggered cell FDSE clocked by clk_out2_clk_wiz_1  {rise@0.000ns fall@10.000ns period=20.000ns})
  Destination:            datapath/Audio_Codec/initialize_audio/twi_controller/dataByte_reg[7]/D
                            (rising edge-triggered cell FDRE clocked by clk_out2_clk_wiz_1  {rise@0.000ns fall@10.000ns period=20.000ns})
  Path Group:             clk_out2_clk_wiz_1
  Path Type:              Setup (Max at Slow Process Corner)
  Requirement:            20.000ns  (clk_out2_clk_wiz_1 rise@20.000ns - clk_out2_clk_wiz_1 rise@0.000ns)
  Data Path Delay:        5.705ns  (logic 1.519ns (26.627%)  route 4.186ns (73.373%))
  Logic Levels:           5  (LUT2=1 LUT3=1 LUT4=1 LUT5=1 LUT6=1)
  Clock Path Skew:        -0.028ns (DCD - SCD + CPR)
    Destination Clock Delay (DCD):    1.705ns = ( 21.705 - 20.000 ) 
    Source Clock Delay      (SCD):    1.827ns
    Clock Pessimism Removal (CPR):    0.094ns
  Clock Uncertainty:      0.084ns  ((TSJ^2 + DJ^2)^1/2) / 2 + PE
    Total System Jitter     (TSJ):    0.071ns
    Discrete Jitter          (DJ):    0.152ns
    Phase Error              (PE):    0.000ns

    Location             Delay type                Incr(ns)  Path(ns)    Netlist Resource(s)
  -------------------------------------------------------------------    -------------------
                         (clock clk_out2_clk_wiz_1 rise edge)
                                                      0.000     0.000 r  
    BUFGCTRL_X0Y2        BUFG                         0.000     0.000 r  clk_IBUF_BUFG_inst/O
                         net (fo=297, routed)         1.761     1.761    datapath/Audio_Codec/audiocodec_master_clock/inst/clk_in1
    MMCME2_ADV_X0Y2      MMCME2_ADV (Prop_mmcme2_adv_CLKIN1_CLKOUT1)
                                                     -3.701    -1.939 r  datapath/Audio_Codec/audiocodec_master_clock/inst/mmcm_adv_inst/CLKOUT1
                         net (fo=1, routed)           1.843    -0.096    datapath/Audio_Codec/audiocodec_master_clock/inst/clk_out2_clk_wiz_1
    BUFGCTRL_X0Y3        BUFG (Prop_bufg_I_O)         0.096    -0.000 r  datapath/Audio_Codec/audiocodec_master_clock/inst/clkout2_buf/O
                         net (fo=115, routed)         1.827     1.827    datapath/Audio_Codec/initialize_audio/twi_controller/CLK
    SLICE_X162Y114       FDSE                                         r  datapath/Audio_Codec/initialize_audio/twi_controller/sclCnt_reg[2]/C
  -------------------------------------------------------------------    -------------------
    SLICE_X162Y114       FDSE (Prop_fdse_C_Q)         0.478     2.305 f  datapath/Audio_Codec/initialize_audio/twi_controller/sclCnt_reg[2]/Q
                         net (fo=5, routed)           0.897     3.202    datapath/Audio_Codec/initialize_audio/twi_controller/sclCnt_reg[2]
    SLICE_X162Y115       LUT6 (Prop_lut6_I1_O)        0.295     3.497 f  datapath/Audio_Codec/initialize_audio/twi_controller/sclCnt[6]_i_4/O
                         net (fo=2, routed)           0.869     4.366    datapath/Audio_Codec/initialize_audio/twi_controller/sclCnt[6]_i_4_n_0
    SLICE_X162Y114       LUT2 (Prop_lut2_I0_O)        0.150     4.516 f  datapath/Audio_Codec/initialize_audio/twi_controller/subState[1]_i_2/O
                         net (fo=10, routed)          0.861     5.377    datapath/Audio_Codec/initialize_audio/twi_controller/subState[1]_i_2_n_0
    SLICE_X161Y114       LUT3 (Prop_lut3_I2_O)        0.348     5.725 f  datapath/Audio_Codec/initialize_audio/twi_controller/FSM_gray_state[3]_i_5/O
                         net (fo=2, routed)           0.807     6.532    datapath/Audio_Codec/initialize_audio/twi_controller/FSM_gray_state[3]_i_5_n_0
    SLICE_X161Y115       LUT5 (Prop_lut5_I0_O)        0.124     6.656 f  datapath/Audio_Codec/initialize_audio/twi_controller/dataByte[7]_i_6/O
                         net (fo=12, routed)          0.752     7.408    datapath/Audio_Codec/initialize_audio/twi_controller/dataByte[7]_i_6_n_0
    SLICE_X161Y117       LUT4 (Prop_lut4_I0_O)        0.124     7.532 r  datapath/Audio_Codec/initialize_audio/twi_controller/dataByte[7]_i_2/O
                         net (fo=1, routed)           0.000     7.532    datapath/Audio_Codec/initialize_audio/twi_controller/p_1_in[7]
    SLICE_X161Y117       FDRE                                         r  datapath/Audio_Codec/initialize_audio/twi_controller/dataByte_reg[7]/D
  -------------------------------------------------------------------    -------------------

                         (clock clk_out2_clk_wiz_1 rise edge)
                                                     20.000    20.000 r  
    BUFGCTRL_X0Y2        BUFG                         0.000    20.000 r  clk_IBUF_BUFG_inst/O
                         net (fo=297, routed)         1.643    21.643    datapath/Audio_Codec/audiocodec_master_clock/inst/clk_in1
    MMCME2_ADV_X0Y2      MMCME2_ADV (Prop_mmcme2_adv_CLKIN1_CLKOUT1)
                                                     -3.494    18.149 r  datapath/Audio_Codec/audiocodec_master_clock/inst/mmcm_adv_inst/CLKOUT1
                         net (fo=1, routed)           1.760    19.909    datapath/Audio_Codec/audiocodec_master_clock/inst/clk_out2_clk_wiz_1
    BUFGCTRL_X0Y3        BUFG (Prop_bufg_I_O)         0.091    20.000 r  datapath/Audio_Codec/audiocodec_master_clock/inst/clkout2_buf/O
                         net (fo=115, routed)         1.705    21.705    datapath/Audio_Codec/initialize_audio/twi_controller/CLK
    SLICE_X161Y117       FDRE                                         r  datapath/Audio_Codec/initialize_audio/twi_controller/dataByte_reg[7]/C
                         clock pessimism              0.094    21.799    
                         clock uncertainty           -0.084    21.716    
    SLICE_X161Y117       FDRE (Setup_fdre_C_D)        0.032    21.748    datapath/Audio_Codec/initialize_audio/twi_controller/dataByte_reg[7]
  -------------------------------------------------------------------
                         required time                         21.748    
                         arrival time                          -7.532    
  -------------------------------------------------------------------
                         slack                                 14.216    

Slack (MET) :             14.251ns  (required time - arrival time)
  Source:                 datapath/Audio_Codec/initialize_audio/twi_controller/sclCnt_reg[2]/C
                            (rising edge-triggered cell FDSE clocked by clk_out2_clk_wiz_1  {rise@0.000ns fall@10.000ns period=20.000ns})
  Destination:            datapath/Audio_Codec/initialize_audio/twi_controller/addrNData_reg/D
                            (rising edge-triggered cell FDRE clocked by clk_out2_clk_wiz_1  {rise@0.000ns fall@10.000ns period=20.000ns})
  Path Group:             clk_out2_clk_wiz_1
  Path Type:              Setup (Max at Slow Process Corner)
  Requirement:            20.000ns  (clk_out2_clk_wiz_1 rise@20.000ns - clk_out2_clk_wiz_1 rise@0.000ns)
  Data Path Delay:        5.670ns  (logic 1.519ns (26.791%)  route 4.151ns (73.209%))
  Logic Levels:           5  (LUT2=1 LUT3=2 LUT5=1 LUT6=1)
  Clock Path Skew:        -0.027ns (DCD - SCD + CPR)
    Destination Clock Delay (DCD):    1.706ns = ( 21.706 - 20.000 ) 
    Source Clock Delay      (SCD):    1.827ns
    Clock Pessimism Removal (CPR):    0.094ns
  Clock Uncertainty:      0.084ns  ((TSJ^2 + DJ^2)^1/2) / 2 + PE
    Total System Jitter     (TSJ):    0.071ns
    Discrete Jitter          (DJ):    0.152ns
    Phase Error              (PE):    0.000ns

    Location             Delay type                Incr(ns)  Path(ns)    Netlist Resource(s)
  -------------------------------------------------------------------    -------------------
                         (clock clk_out2_clk_wiz_1 rise edge)
                                                      0.000     0.000 r  
    BUFGCTRL_X0Y2        BUFG                         0.000     0.000 r  clk_IBUF_BUFG_inst/O
                         net (fo=297, routed)         1.761     1.761    datapath/Audio_Codec/audiocodec_master_clock/inst/clk_in1
    MMCME2_ADV_X0Y2      MMCME2_ADV (Prop_mmcme2_adv_CLKIN1_CLKOUT1)
                                                     -3.701    -1.939 r  datapath/Audio_Codec/audiocodec_master_clock/inst/mmcm_adv_inst/CLKOUT1
                         net (fo=1, routed)           1.843    -0.096    datapath/Audio_Codec/audiocodec_master_clock/inst/clk_out2_clk_wiz_1
    BUFGCTRL_X0Y3        BUFG (Prop_bufg_I_O)         0.096    -0.000 r  datapath/Audio_Codec/audiocodec_master_clock/inst/clkout2_buf/O
                         net (fo=115, routed)         1.827     1.827    datapath/Audio_Codec/initialize_audio/twi_controller/CLK
    SLICE_X162Y114       FDSE                                         r  datapath/Audio_Codec/initialize_audio/twi_controller/sclCnt_reg[2]/C
  -------------------------------------------------------------------    -------------------
    SLICE_X162Y114       FDSE (Prop_fdse_C_Q)         0.478     2.305 r  datapath/Audio_Codec/initialize_audio/twi_controller/sclCnt_reg[2]/Q
                         net (fo=5, routed)           0.897     3.202    datapath/Audio_Codec/initialize_audio/twi_controller/sclCnt_reg[2]
    SLICE_X162Y115       LUT6 (Prop_lut6_I1_O)        0.295     3.497 r  datapath/Audio_Codec/initialize_audio/twi_controller/sclCnt[6]_i_4/O
                         net (fo=2, routed)           0.869     4.366    datapath/Audio_Codec/initialize_audio/twi_controller/sclCnt[6]_i_4_n_0
    SLICE_X162Y114       LUT2 (Prop_lut2_I0_O)        0.150     4.516 r  datapath/Audio_Codec/initialize_audio/twi_controller/subState[1]_i_2/O
                         net (fo=10, routed)          0.861     5.377    datapath/Audio_Codec/initialize_audio/twi_controller/subState[1]_i_2_n_0
    SLICE_X161Y114       LUT3 (Prop_lut3_I2_O)        0.348     5.725 r  datapath/Audio_Codec/initialize_audio/twi_controller/FSM_gray_state[3]_i_5/O
                         net (fo=2, routed)           0.807     6.532    datapath/Audio_Codec/initialize_audio/twi_controller/FSM_gray_state[3]_i_5_n_0
    SLICE_X161Y115       LUT5 (Prop_lut5_I0_O)        0.124     6.656 r  datapath/Audio_Codec/initialize_audio/twi_controller/dataByte[7]_i_6/O
                         net (fo=12, routed)          0.717     7.373    datapath/Audio_Codec/initialize_audio/twi_controller/dataByte[7]_i_6_n_0
    SLICE_X163Y116       LUT3 (Prop_lut3_I2_O)        0.124     7.497 r  datapath/Audio_Codec/initialize_audio/twi_controller/addrNData_i_1/O
                         net (fo=1, routed)           0.000     7.497    datapath/Audio_Codec/initialize_audio/twi_controller/addrNData_i_1_n_0
    SLICE_X163Y116       FDRE                                         r  datapath/Audio_Codec/initialize_audio/twi_controller/addrNData_reg/D
  -------------------------------------------------------------------    -------------------

                         (clock clk_out2_clk_wiz_1 rise edge)
                                                     20.000    20.000 r  
    BUFGCTRL_X0Y2        BUFG                         0.000    20.000 r  clk_IBUF_BUFG_inst/O
                         net (fo=297, routed)         1.643    21.643    datapath/Audio_Codec/audiocodec_master_clock/inst/clk_in1
    MMCME2_ADV_X0Y2      MMCME2_ADV (Prop_mmcme2_adv_CLKIN1_CLKOUT1)
                                                     -3.494    18.149 r  datapath/Audio_Codec/audiocodec_master_clock/inst/mmcm_adv_inst/CLKOUT1
                         net (fo=1, routed)           1.760    19.909    datapath/Audio_Codec/audiocodec_master_clock/inst/clk_out2_clk_wiz_1
    BUFGCTRL_X0Y3        BUFG (Prop_bufg_I_O)         0.091    20.000 r  datapath/Audio_Codec/audiocodec_master_clock/inst/clkout2_buf/O
                         net (fo=115, routed)         1.706    21.706    datapath/Audio_Codec/initialize_audio/twi_controller/CLK
    SLICE_X163Y116       FDRE                                         r  datapath/Audio_Codec/initialize_audio/twi_controller/addrNData_reg/C
                         clock pessimism              0.094    21.800    
                         clock uncertainty           -0.084    21.717    
    SLICE_X163Y116       FDRE (Setup_fdre_C_D)        0.031    21.748    datapath/Audio_Codec/initialize_audio/twi_controller/addrNData_reg
  -------------------------------------------------------------------
                         required time                         21.748    
                         arrival time                          -7.497    
  -------------------------------------------------------------------
                         slack                                 14.251    

Slack (MET) :             14.371ns  (required time - arrival time)
  Source:                 datapath/Audio_Codec/initialize_audio/twi_controller/sclCnt_reg[2]/C
                            (rising edge-triggered cell FDSE clocked by clk_out2_clk_wiz_1  {rise@0.000ns fall@10.000ns period=20.000ns})
  Destination:            datapath/Audio_Codec/initialize_audio/twi_controller/dataByte_reg[5]/D
                            (rising edge-triggered cell FDRE clocked by clk_out2_clk_wiz_1  {rise@0.000ns fall@10.000ns period=20.000ns})
  Path Group:             clk_out2_clk_wiz_1
  Path Type:              Setup (Max at Slow Process Corner)
  Requirement:            20.000ns  (clk_out2_clk_wiz_1 rise@20.000ns - clk_out2_clk_wiz_1 rise@0.000ns)
  Data Path Delay:        5.549ns  (logic 1.519ns (27.375%)  route 4.030ns (72.625%))
  Logic Levels:           5  (LUT2=1 LUT3=1 LUT4=1 LUT5=1 LUT6=1)
  Clock Path Skew:        -0.028ns (DCD - SCD + CPR)
    Destination Clock Delay (DCD):    1.705ns = ( 21.705 - 20.000 ) 
    Source Clock Delay      (SCD):    1.827ns
    Clock Pessimism Removal (CPR):    0.094ns
  Clock Uncertainty:      0.084ns  ((TSJ^2 + DJ^2)^1/2) / 2 + PE
    Total System Jitter     (TSJ):    0.071ns
    Discrete Jitter          (DJ):    0.152ns
    Phase Error              (PE):    0.000ns

    Location             Delay type                Incr(ns)  Path(ns)    Netlist Resource(s)
  -------------------------------------------------------------------    -------------------
                         (clock clk_out2_clk_wiz_1 rise edge)
                                                      0.000     0.000 r  
    BUFGCTRL_X0Y2        BUFG                         0.000     0.000 r  clk_IBUF_BUFG_inst/O
                         net (fo=297, routed)         1.761     1.761    datapath/Audio_Codec/audiocodec_master_clock/inst/clk_in1
    MMCME2_ADV_X0Y2      MMCME2_ADV (Prop_mmcme2_adv_CLKIN1_CLKOUT1)
                                                     -3.701    -1.939 r  datapath/Audio_Codec/audiocodec_master_clock/inst/mmcm_adv_inst/CLKOUT1
                         net (fo=1, routed)           1.843    -0.096    datapath/Audio_Codec/audiocodec_master_clock/inst/clk_out2_clk_wiz_1
    BUFGCTRL_X0Y3        BUFG (Prop_bufg_I_O)         0.096    -0.000 r  datapath/Audio_Codec/audiocodec_master_clock/inst/clkout2_buf/O
                         net (fo=115, routed)         1.827     1.827    datapath/Audio_Codec/initialize_audio/twi_controller/CLK
    SLICE_X162Y114       FDSE                                         r  datapath/Audio_Codec/initialize_audio/twi_controller/sclCnt_reg[2]/C
  -------------------------------------------------------------------    -------------------
    SLICE_X162Y114       FDSE (Prop_fdse_C_Q)         0.478     2.305 r  datapath/Audio_Codec/initialize_audio/twi_controller/sclCnt_reg[2]/Q
                         net (fo=5, routed)           0.897     3.202    datapath/Audio_Codec/initialize_audio/twi_controller/sclCnt_reg[2]
    SLICE_X162Y115       LUT6 (Prop_lut6_I1_O)        0.295     3.497 r  datapath/Audio_Codec/initialize_audio/twi_controller/sclCnt[6]_i_4/O
                         net (fo=2, routed)           0.869     4.366    datapath/Audio_Codec/initialize_audio/twi_controller/sclCnt[6]_i_4_n_0
    SLICE_X162Y114       LUT2 (Prop_lut2_I0_O)        0.150     4.516 r  datapath/Audio_Codec/initialize_audio/twi_controller/subState[1]_i_2/O
                         net (fo=10, routed)          0.861     5.377    datapath/Audio_Codec/initialize_audio/twi_controller/subState[1]_i_2_n_0
    SLICE_X161Y114       LUT3 (Prop_lut3_I2_O)        0.348     5.725 r  datapath/Audio_Codec/initialize_audio/twi_controller/FSM_gray_state[3]_i_5/O
                         net (fo=2, routed)           0.807     6.532    datapath/Audio_Codec/initialize_audio/twi_controller/FSM_gray_state[3]_i_5_n_0
    SLICE_X161Y115       LUT5 (Prop_lut5_I0_O)        0.124     6.656 r  datapath/Audio_Codec/initialize_audio/twi_controller/dataByte[7]_i_6/O
                         net (fo=12, routed)          0.596     7.252    datapath/Audio_Codec/initialize_audio/twi_controller/dataByte[7]_i_6_n_0
    SLICE_X161Y117       LUT4 (Prop_lut4_I2_O)        0.124     7.376 r  datapath/Audio_Codec/initialize_audio/twi_controller/dataByte[5]_i_1/O
                         net (fo=1, routed)           0.000     7.376    datapath/Audio_Codec/initialize_audio/twi_controller/p_1_in[5]
    SLICE_X161Y117       FDRE                                         r  datapath/Audio_Codec/initialize_audio/twi_controller/dataByte_reg[5]/D
  -------------------------------------------------------------------    -------------------

                         (clock clk_out2_clk_wiz_1 rise edge)
                                                     20.000    20.000 r  
    BUFGCTRL_X0Y2        BUFG                         0.000    20.000 r  clk_IBUF_BUFG_inst/O
                         net (fo=297, routed)         1.643    21.643    datapath/Audio_Codec/audiocodec_master_clock/inst/clk_in1
    MMCME2_ADV_X0Y2      MMCME2_ADV (Prop_mmcme2_adv_CLKIN1_CLKOUT1)
                                                     -3.494    18.149 r  datapath/Audio_Codec/audiocodec_master_clock/inst/mmcm_adv_inst/CLKOUT1
                         net (fo=1, routed)           1.760    19.909    datapath/Audio_Codec/audiocodec_master_clock/inst/clk_out2_clk_wiz_1
    BUFGCTRL_X0Y3        BUFG (Prop_bufg_I_O)         0.091    20.000 r  datapath/Audio_Codec/audiocodec_master_clock/inst/clkout2_buf/O
                         net (fo=115, routed)         1.705    21.705    datapath/Audio_Codec/initialize_audio/twi_controller/CLK
    SLICE_X161Y117       FDRE                                         r  datapath/Audio_Codec/initialize_audio/twi_controller/dataByte_reg[5]/C
                         clock pessimism              0.094    21.799    
                         clock uncertainty           -0.084    21.716    
    SLICE_X161Y117       FDRE (Setup_fdre_C_D)        0.031    21.747    datapath/Audio_Codec/initialize_audio/twi_controller/dataByte_reg[5]
  -------------------------------------------------------------------
                         required time                         21.747    
                         arrival time                          -7.376    
  -------------------------------------------------------------------
                         slack                                 14.371    

Slack (MET) :             14.373ns  (required time - arrival time)
  Source:                 datapath/Audio_Codec/initialize_audio/twi_controller/sclCnt_reg[2]/C
                            (rising edge-triggered cell FDSE clocked by clk_out2_clk_wiz_1  {rise@0.000ns fall@10.000ns period=20.000ns})
  Destination:            datapath/Audio_Codec/initialize_audio/twi_controller/dataByte_reg[4]/D
                            (rising edge-triggered cell FDRE clocked by clk_out2_clk_wiz_1  {rise@0.000ns fall@10.000ns period=20.000ns})
  Path Group:             clk_out2_clk_wiz_1
  Path Type:              Setup (Max at Slow Process Corner)
  Requirement:            20.000ns  (clk_out2_clk_wiz_1 rise@20.000ns - clk_out2_clk_wiz_1 rise@0.000ns)
  Data Path Delay:        5.545ns  (logic 1.519ns (27.395%)  route 4.026ns (72.605%))
  Logic Levels:           5  (LUT2=1 LUT3=1 LUT4=1 LUT5=1 LUT6=1)
  Clock Path Skew:        -0.028ns (DCD - SCD + CPR)
    Destination Clock Delay (DCD):    1.705ns = ( 21.705 - 20.000 ) 
    Source Clock Delay      (SCD):    1.827ns
    Clock Pessimism Removal (CPR):    0.094ns
  Clock Uncertainty:      0.084ns  ((TSJ^2 + DJ^2)^1/2) / 2 + PE
    Total System Jitter     (TSJ):    0.071ns
    Discrete Jitter          (DJ):    0.152ns
    Phase Error              (PE):    0.000ns

    Location             Delay type                Incr(ns)  Path(ns)    Netlist Resource(s)
  -------------------------------------------------------------------    -------------------
                         (clock clk_out2_clk_wiz_1 rise edge)
                                                      0.000     0.000 r  
    BUFGCTRL_X0Y2        BUFG                         0.000     0.000 r  clk_IBUF_BUFG_inst/O
                         net (fo=297, routed)         1.761     1.761    datapath/Audio_Codec/audiocodec_master_clock/inst/clk_in1
    MMCME2_ADV_X0Y2      MMCME2_ADV (Prop_mmcme2_adv_CLKIN1_CLKOUT1)
                                                     -3.701    -1.939 r  datapath/Audio_Codec/audiocodec_master_clock/inst/mmcm_adv_inst/CLKOUT1
                         net (fo=1, routed)           1.843    -0.096    datapath/Audio_Codec/audiocodec_master_clock/inst/clk_out2_clk_wiz_1
    BUFGCTRL_X0Y3        BUFG (Prop_bufg_I_O)         0.096    -0.000 r  datapath/Audio_Codec/audiocodec_master_clock/inst/clkout2_buf/O
                         net (fo=115, routed)         1.827     1.827    datapath/Audio_Codec/initialize_audio/twi_controller/CLK
    SLICE_X162Y114       FDSE                                         r  datapath/Audio_Codec/initialize_audio/twi_controller/sclCnt_reg[2]/C
  -------------------------------------------------------------------    -------------------
    SLICE_X162Y114       FDSE (Prop_fdse_C_Q)         0.478     2.305 r  datapath/Audio_Codec/initialize_audio/twi_controller/sclCnt_reg[2]/Q
                         net (fo=5, routed)           0.897     3.202    datapath/Audio_Codec/initialize_audio/twi_controller/sclCnt_reg[2]
    SLICE_X162Y115       LUT6 (Prop_lut6_I1_O)        0.295     3.497 r  datapath/Audio_Codec/initialize_audio/twi_controller/sclCnt[6]_i_4/O
                         net (fo=2, routed)           0.869     4.366    datapath/Audio_Codec/initialize_audio/twi_controller/sclCnt[6]_i_4_n_0
    SLICE_X162Y114       LUT2 (Prop_lut2_I0_O)        0.150     4.516 r  datapath/Audio_Codec/initialize_audio/twi_controller/subState[1]_i_2/O
                         net (fo=10, routed)          0.861     5.377    datapath/Audio_Codec/initialize_audio/twi_controller/subState[1]_i_2_n_0
    SLICE_X161Y114       LUT3 (Prop_lut3_I2_O)        0.348     5.725 r  datapath/Audio_Codec/initialize_audio/twi_controller/FSM_gray_state[3]_i_5/O
                         net (fo=2, routed)           0.807     6.532    datapath/Audio_Codec/initialize_audio/twi_controller/FSM_gray_state[3]_i_5_n_0
    SLICE_X161Y115       LUT5 (Prop_lut5_I0_O)        0.124     6.656 r  datapath/Audio_Codec/initialize_audio/twi_controller/dataByte[7]_i_6/O
                         net (fo=12, routed)          0.592     7.248    datapath/Audio_Codec/initialize_audio/twi_controller/dataByte[7]_i_6_n_0
    SLICE_X161Y117       LUT4 (Prop_lut4_I2_O)        0.124     7.372 r  datapath/Audio_Codec/initialize_audio/twi_controller/dataByte[4]_i_1/O
                         net (fo=1, routed)           0.000     7.372    datapath/Audio_Codec/initialize_audio/twi_controller/p_1_in[4]
    SLICE_X161Y117       FDRE                                         r  datapath/Audio_Codec/initialize_audio/twi_controller/dataByte_reg[4]/D
  -------------------------------------------------------------------    -------------------

                         (clock clk_out2_clk_wiz_1 rise edge)
                                                     20.000    20.000 r  
    BUFGCTRL_X0Y2        BUFG                         0.000    20.000 r  clk_IBUF_BUFG_inst/O
                         net (fo=297, routed)         1.643    21.643    datapath/Audio_Codec/audiocodec_master_clock/inst/clk_in1
    MMCME2_ADV_X0Y2      MMCME2_ADV (Prop_mmcme2_adv_CLKIN1_CLKOUT1)
                                                     -3.494    18.149 r  datapath/Audio_Codec/audiocodec_master_clock/inst/mmcm_adv_inst/CLKOUT1
                         net (fo=1, routed)           1.760    19.909    datapath/Audio_Codec/audiocodec_master_clock/inst/clk_out2_clk_wiz_1
    BUFGCTRL_X0Y3        BUFG (Prop_bufg_I_O)         0.091    20.000 r  datapath/Audio_Codec/audiocodec_master_clock/inst/clkout2_buf/O
                         net (fo=115, routed)         1.705    21.705    datapath/Audio_Codec/initialize_audio/twi_controller/CLK
    SLICE_X161Y117       FDRE                                         r  datapath/Audio_Codec/initialize_audio/twi_controller/dataByte_reg[4]/C
                         clock pessimism              0.094    21.799    
                         clock uncertainty           -0.084    21.716    
    SLICE_X161Y117       FDRE (Setup_fdre_C_D)        0.029    21.745    datapath/Audio_Codec/initialize_audio/twi_controller/dataByte_reg[4]
  -------------------------------------------------------------------
                         required time                         21.745    
                         arrival time                          -7.372    
  -------------------------------------------------------------------
                         slack                                 14.373    

Slack (MET) :             14.373ns  (required time - arrival time)
  Source:                 datapath/Audio_Codec/initialize_audio/twi_controller/sclCnt_reg[2]/C
                            (rising edge-triggered cell FDSE clocked by clk_out2_clk_wiz_1  {rise@0.000ns fall@10.000ns period=20.000ns})
  Destination:            datapath/Audio_Codec/initialize_audio/twi_controller/FSM_gray_state_reg[2]/CE
                            (rising edge-triggered cell FDRE clocked by clk_out2_clk_wiz_1  {rise@0.000ns fall@10.000ns period=20.000ns})
  Path Group:             clk_out2_clk_wiz_1
  Path Type:              Setup (Max at Slow Process Corner)
  Requirement:            20.000ns  (clk_out2_clk_wiz_1 rise@20.000ns - clk_out2_clk_wiz_1 rise@0.000ns)
  Data Path Delay:        5.313ns  (logic 1.395ns (26.257%)  route 3.918ns (73.743%))
  Logic Levels:           4  (LUT2=1 LUT3=1 LUT6=2)
  Clock Path Skew:        -0.025ns (DCD - SCD + CPR)
    Destination Clock Delay (DCD):    1.708ns = ( 21.708 - 20.000 ) 
    Source Clock Delay      (SCD):    1.827ns
    Clock Pessimism Removal (CPR):    0.094ns
  Clock Uncertainty:      0.084ns  ((TSJ^2 + DJ^2)^1/2) / 2 + PE
    Total System Jitter     (TSJ):    0.071ns
    Discrete Jitter          (DJ):    0.152ns
    Phase Error              (PE):    0.000ns

    Location             Delay type                Incr(ns)  Path(ns)    Netlist Resource(s)
  -------------------------------------------------------------------    -------------------
                         (clock clk_out2_clk_wiz_1 rise edge)
                                                      0.000     0.000 r  
    BUFGCTRL_X0Y2        BUFG                         0.000     0.000 r  clk_IBUF_BUFG_inst/O
                         net (fo=297, routed)         1.761     1.761    datapath/Audio_Codec/audiocodec_master_clock/inst/clk_in1
    MMCME2_ADV_X0Y2      MMCME2_ADV (Prop_mmcme2_adv_CLKIN1_CLKOUT1)
                                                     -3.701    -1.939 r  datapath/Audio_Codec/audiocodec_master_clock/inst/mmcm_adv_inst/CLKOUT1
                         net (fo=1, routed)           1.843    -0.096    datapath/Audio_Codec/audiocodec_master_clock/inst/clk_out2_clk_wiz_1
    BUFGCTRL_X0Y3        BUFG (Prop_bufg_I_O)         0.096    -0.000 r  datapath/Audio_Codec/audiocodec_master_clock/inst/clkout2_buf/O
                         net (fo=115, routed)         1.827     1.827    datapath/Audio_Codec/initialize_audio/twi_controller/CLK
    SLICE_X162Y114       FDSE                                         r  datapath/Audio_Codec/initialize_audio/twi_controller/sclCnt_reg[2]/C
  -------------------------------------------------------------------    -------------------
    SLICE_X162Y114       FDSE (Prop_fdse_C_Q)         0.478     2.305 f  datapath/Audio_Codec/initialize_audio/twi_controller/sclCnt_reg[2]/Q
                         net (fo=5, routed)           0.897     3.202    datapath/Audio_Codec/initialize_audio/twi_controller/sclCnt_reg[2]
    SLICE_X162Y115       LUT6 (Prop_lut6_I1_O)        0.295     3.497 f  datapath/Audio_Codec/initialize_audio/twi_controller/sclCnt[6]_i_4/O
                         net (fo=2, routed)           0.869     4.366    datapath/Audio_Codec/initialize_audio/twi_controller/sclCnt[6]_i_4_n_0
    SLICE_X162Y114       LUT2 (Prop_lut2_I0_O)        0.150     4.516 f  datapath/Audio_Codec/initialize_audio/twi_controller/subState[1]_i_2/O
                         net (fo=10, routed)          0.861     5.377    datapath/Audio_Codec/initialize_audio/twi_controller/subState[1]_i_2_n_0
    SLICE_X161Y114       LUT3 (Prop_lut3_I2_O)        0.348     5.725 f  datapath/Audio_Codec/initialize_audio/twi_controller/FSM_gray_state[3]_i_5/O
                         net (fo=2, routed)           0.771     6.496    datapath/Audio_Codec/initialize_audio/twi_controller/FSM_gray_state[3]_i_5_n_0
    SLICE_X160Y115       LUT6 (Prop_lut6_I2_O)        0.124     6.620 r  datapath/Audio_Codec/initialize_audio/twi_controller/FSM_gray_state[3]_i_1/O
                         net (fo=4, routed)           0.520     7.140    datapath/Audio_Codec/initialize_audio/twi_controller/FSM_gray_state[3]_i_1_n_0
    SLICE_X161Y114       FDRE                                         r  datapath/Audio_Codec/initialize_audio/twi_controller/FSM_gray_state_reg[2]/CE
  -------------------------------------------------------------------    -------------------

                         (clock clk_out2_clk_wiz_1 rise edge)
                                                     20.000    20.000 r  
    BUFGCTRL_X0Y2        BUFG                         0.000    20.000 r  clk_IBUF_BUFG_inst/O
                         net (fo=297, routed)         1.643    21.643    datapath/Audio_Codec/audiocodec_master_clock/inst/clk_in1
    MMCME2_ADV_X0Y2      MMCME2_ADV (Prop_mmcme2_adv_CLKIN1_CLKOUT1)
                                                     -3.494    18.149 r  datapath/Audio_Codec/audiocodec_master_clock/inst/mmcm_adv_inst/CLKOUT1
                         net (fo=1, routed)           1.760    19.909    datapath/Audio_Codec/audiocodec_master_clock/inst/clk_out2_clk_wiz_1
    BUFGCTRL_X0Y3        BUFG (Prop_bufg_I_O)         0.091    20.000 r  datapath/Audio_Codec/audiocodec_master_clock/inst/clkout2_buf/O
                         net (fo=115, routed)         1.708    21.708    datapath/Audio_Codec/initialize_audio/twi_controller/CLK
    SLICE_X161Y114       FDRE                                         r  datapath/Audio_Codec/initialize_audio/twi_controller/FSM_gray_state_reg[2]/C
                         clock pessimism              0.094    21.802    
                         clock uncertainty           -0.084    21.719    
    SLICE_X161Y114       FDRE (Setup_fdre_C_CE)      -0.205    21.514    datapath/Audio_Codec/initialize_audio/twi_controller/FSM_gray_state_reg[2]
  -------------------------------------------------------------------
                         required time                         21.514    
                         arrival time                          -7.140    
  -------------------------------------------------------------------
                         slack                                 14.373    





Min Delay Paths
--------------------------------------------------------------------------------------
Slack (MET) :             0.132ns  (arrival time - required time)
  Source:                 datapath/Audio_Codec/initialize_audio/data_i_reg[6]/C
                            (rising edge-triggered cell FDRE clocked by clk_out2_clk_wiz_1  {rise@0.000ns fall@10.000ns period=20.000ns})
  Destination:            datapath/Audio_Codec/initialize_audio/twi_controller/dataByte_reg[6]/D
                            (rising edge-triggered cell FDRE clocked by clk_out2_clk_wiz_1  {rise@0.000ns fall@10.000ns period=20.000ns})
  Path Group:             clk_out2_clk_wiz_1
  Path Type:              Hold (Min at Fast Process Corner)
  Requirement:            0.000ns  (clk_out2_clk_wiz_1 rise@0.000ns - clk_out2_clk_wiz_1 rise@0.000ns)
  Data Path Delay:        0.237ns  (logic 0.186ns (78.504%)  route 0.051ns (21.496%))
  Logic Levels:           1  (LUT4=1)
  Clock Path Skew:        0.013ns (DCD - SCD - CPR)
    Destination Clock Delay (DCD):    0.913ns
    Source Clock Delay      (SCD):    0.642ns
    Clock Pessimism Removal (CPR):    0.258ns

    Location             Delay type                Incr(ns)  Path(ns)    Netlist Resource(s)
  -------------------------------------------------------------------    -------------------
                         (clock clk_out2_clk_wiz_1 rise edge)
                                                      0.000     0.000 r  
    BUFGCTRL_X0Y2        BUFG                         0.000     0.000 r  clk_IBUF_BUFG_inst/O
                         net (fo=297, routed)         0.610     0.610    datapath/Audio_Codec/audiocodec_master_clock/inst/clk_in1
    MMCME2_ADV_X0Y2      MMCME2_ADV (Prop_mmcme2_adv_CLKIN1_CLKOUT1)
                                                     -1.180    -0.571 r  datapath/Audio_Codec/audiocodec_master_clock/inst/mmcm_adv_inst/CLKOUT1
                         net (fo=1, routed)           0.545    -0.026    datapath/Audio_Codec/audiocodec_master_clock/inst/clk_out2_clk_wiz_1
    BUFGCTRL_X0Y3        BUFG (Prop_bufg_I_O)         0.026     0.000 r  datapath/Audio_Codec/audiocodec_master_clock/inst/clkout2_buf/O
                         net (fo=115, routed)         0.642     0.642    datapath/Audio_Codec/initialize_audio/CLK
    SLICE_X160Y117       FDRE                                         r  datapath/Audio_Codec/initialize_audio/data_i_reg[6]/C
  -------------------------------------------------------------------    -------------------
    SLICE_X160Y117       FDRE (Prop_fdre_C_Q)         0.141     0.783 r  datapath/Audio_Codec/initialize_audio/data_i_reg[6]/Q
                         net (fo=1, routed)           0.051     0.834    datapath/Audio_Codec/initialize_audio/twi_controller/Q[6]
    SLICE_X161Y117       LUT4 (Prop_lut4_I3_O)        0.045     0.879 r  datapath/Audio_Codec/initialize_audio/twi_controller/dataByte[6]_i_1/O
                         net (fo=1, routed)           0.000     0.879    datapath/Audio_Codec/initialize_audio/twi_controller/p_1_in[6]
    SLICE_X161Y117       FDRE                                         r  datapath/Audio_Codec/initialize_audio/twi_controller/dataByte_reg[6]/D
  -------------------------------------------------------------------    -------------------

                         (clock clk_out2_clk_wiz_1 rise edge)
                                                      0.000     0.000 r  
    BUFGCTRL_X0Y2        BUFG                         0.000     0.000 r  clk_IBUF_BUFG_inst/O
                         net (fo=297, routed)         0.879     0.879    datapath/Audio_Codec/audiocodec_master_clock/inst/clk_in1
    MMCME2_ADV_X0Y2      MMCME2_ADV (Prop_mmcme2_adv_CLKIN1_CLKOUT1)
                                                     -1.502    -0.624 r  datapath/Audio_Codec/audiocodec_master_clock/inst/mmcm_adv_inst/CLKOUT1
                         net (fo=1, routed)           0.595    -0.029    datapath/Audio_Codec/audiocodec_master_clock/inst/clk_out2_clk_wiz_1
    BUFGCTRL_X0Y3        BUFG (Prop_bufg_I_O)         0.029    -0.000 r  datapath/Audio_Codec/audiocodec_master_clock/inst/clkout2_buf/O
                         net (fo=115, routed)         0.913     0.913    datapath/Audio_Codec/initialize_audio/twi_controller/CLK
    SLICE_X161Y117       FDRE                                         r  datapath/Audio_Codec/initialize_audio/twi_controller/dataByte_reg[6]/C
                         clock pessimism             -0.258     0.655    
    SLICE_X161Y117       FDRE (Hold_fdre_C_D)         0.092     0.747    datapath/Audio_Codec/initialize_audio/twi_controller/dataByte_reg[6]
  -------------------------------------------------------------------
                         required time                         -0.747    
                         arrival time                           0.879    
  -------------------------------------------------------------------
                         slack                                  0.132    

Slack (MET) :             0.139ns  (arrival time - required time)
  Source:                 datapath/Audio_Codec/initialize_audio/data_i_reg[0]/C
                            (rising edge-triggered cell FDRE clocked by clk_out2_clk_wiz_1  {rise@0.000ns fall@10.000ns period=20.000ns})
  Destination:            datapath/Audio_Codec/initialize_audio/twi_controller/dataByte_reg[0]/D
                            (rising edge-triggered cell FDRE clocked by clk_out2_clk_wiz_1  {rise@0.000ns fall@10.000ns period=20.000ns})
  Path Group:             clk_out2_clk_wiz_1
  Path Type:              Hold (Min at Fast Process Corner)
  Requirement:            0.000ns  (clk_out2_clk_wiz_1 rise@0.000ns - clk_out2_clk_wiz_1 rise@0.000ns)
  Data Path Delay:        0.298ns  (logic 0.186ns (62.330%)  route 0.112ns (37.670%))
  Logic Levels:           1  (LUT4=1)
  Clock Path Skew:        0.038ns (DCD - SCD - CPR)
    Destination Clock Delay (DCD):    0.913ns
    Source Clock Delay      (SCD):    0.641ns
    Clock Pessimism Removal (CPR):    0.234ns

    Location             Delay type                Incr(ns)  Path(ns)    Netlist Resource(s)
  -------------------------------------------------------------------    -------------------
                         (clock clk_out2_clk_wiz_1 rise edge)
                                                      0.000     0.000 r  
    BUFGCTRL_X0Y2        BUFG                         0.000     0.000 r  clk_IBUF_BUFG_inst/O
                         net (fo=297, routed)         0.610     0.610    datapath/Audio_Codec/audiocodec_master_clock/inst/clk_in1
    MMCME2_ADV_X0Y2      MMCME2_ADV (Prop_mmcme2_adv_CLKIN1_CLKOUT1)
                                                     -1.180    -0.571 r  datapath/Audio_Codec/audiocodec_master_clock/inst/mmcm_adv_inst/CLKOUT1
                         net (fo=1, routed)           0.545    -0.026    datapath/Audio_Codec/audiocodec_master_clock/inst/clk_out2_clk_wiz_1
    BUFGCTRL_X0Y3        BUFG (Prop_bufg_I_O)         0.026     0.000 r  datapath/Audio_Codec/audiocodec_master_clock/inst/clkout2_buf/O
                         net (fo=115, routed)         0.641     0.641    datapath/Audio_Codec/initialize_audio/CLK
    SLICE_X159Y117       FDRE                                         r  datapath/Audio_Codec/initialize_audio/data_i_reg[0]/C
  -------------------------------------------------------------------    -------------------
    SLICE_X159Y117       FDRE (Prop_fdre_C_Q)         0.141     0.782 r  datapath/Audio_Codec/initialize_audio/data_i_reg[0]/Q
                         net (fo=1, routed)           0.112     0.894    datapath/Audio_Codec/initialize_audio/twi_controller/Q[0]
    SLICE_X162Y117       LUT4 (Prop_lut4_I3_O)        0.045     0.939 r  datapath/Audio_Codec/initialize_audio/twi_controller/dataByte[0]_i_1/O
                         net (fo=1, routed)           0.000     0.939    datapath/Audio_Codec/initialize_audio/twi_controller/p_1_in[0]
    SLICE_X162Y117       FDRE                                         r  datapath/Audio_Codec/initialize_audio/twi_controller/dataByte_reg[0]/D
  -------------------------------------------------------------------    -------------------

                         (clock clk_out2_clk_wiz_1 rise edge)
                                                      0.000     0.000 r  
    BUFGCTRL_X0Y2        BUFG                         0.000     0.000 r  clk_IBUF_BUFG_inst/O
                         net (fo=297, routed)         0.879     0.879    datapath/Audio_Codec/audiocodec_master_clock/inst/clk_in1
    MMCME2_ADV_X0Y2      MMCME2_ADV (Prop_mmcme2_adv_CLKIN1_CLKOUT1)
                                                     -1.502    -0.624 r  datapath/Audio_Codec/audiocodec_master_clock/inst/mmcm_adv_inst/CLKOUT1
                         net (fo=1, routed)           0.595    -0.029    datapath/Audio_Codec/audiocodec_master_clock/inst/clk_out2_clk_wiz_1
    BUFGCTRL_X0Y3        BUFG (Prop_bufg_I_O)         0.029    -0.000 r  datapath/Audio_Codec/audiocodec_master_clock/inst/clkout2_buf/O
                         net (fo=115, routed)         0.913     0.913    datapath/Audio_Codec/initialize_audio/twi_controller/CLK
    SLICE_X162Y117       FDRE                                         r  datapath/Audio_Codec/initialize_audio/twi_controller/dataByte_reg[0]/C
                         clock pessimism             -0.234     0.679    
    SLICE_X162Y117       FDRE (Hold_fdre_C_D)         0.121     0.800    datapath/Audio_Codec/initialize_audio/twi_controller/dataByte_reg[0]
  -------------------------------------------------------------------
                         required time                         -0.800    
                         arrival time                           0.939    
  -------------------------------------------------------------------
                         slack                                  0.139    

Slack (MET) :             0.169ns  (arrival time - required time)
  Source:                 datapath/Audio_Codec/initialize_audio/data_i_reg[7]/C
                            (rising edge-triggered cell FDRE clocked by clk_out2_clk_wiz_1  {rise@0.000ns fall@10.000ns period=20.000ns})
  Destination:            datapath/Audio_Codec/initialize_audio/twi_controller/dataByte_reg[7]/D
                            (rising edge-triggered cell FDRE clocked by clk_out2_clk_wiz_1  {rise@0.000ns fall@10.000ns period=20.000ns})
  Path Group:             clk_out2_clk_wiz_1
  Path Type:              Hold (Min at Fast Process Corner)
  Requirement:            0.000ns  (clk_out2_clk_wiz_1 rise@0.000ns - clk_out2_clk_wiz_1 rise@0.000ns)
  Data Path Delay:        0.299ns  (logic 0.186ns (62.223%)  route 0.113ns (37.777%))
  Logic Levels:           1  (LUT4=1)
  Clock Path Skew:        0.038ns (DCD - SCD - CPR)
    Destination Clock Delay (DCD):    0.913ns
    Source Clock Delay      (SCD):    0.641ns
    Clock Pessimism Removal (CPR):    0.234ns

    Location             Delay type                Incr(ns)  Path(ns)    Netlist Resource(s)
  -------------------------------------------------------------------    -------------------
                         (clock clk_out2_clk_wiz_1 rise edge)
                                                      0.000     0.000 r  
    BUFGCTRL_X0Y2        BUFG                         0.000     0.000 r  clk_IBUF_BUFG_inst/O
                         net (fo=297, routed)         0.610     0.610    datapath/Audio_Codec/audiocodec_master_clock/inst/clk_in1
    MMCME2_ADV_X0Y2      MMCME2_ADV (Prop_mmcme2_adv_CLKIN1_CLKOUT1)
                                                     -1.180    -0.571 r  datapath/Audio_Codec/audiocodec_master_clock/inst/mmcm_adv_inst/CLKOUT1
                         net (fo=1, routed)           0.545    -0.026    datapath/Audio_Codec/audiocodec_master_clock/inst/clk_out2_clk_wiz_1
    BUFGCTRL_X0Y3        BUFG (Prop_bufg_I_O)         0.026     0.000 r  datapath/Audio_Codec/audiocodec_master_clock/inst/clkout2_buf/O
                         net (fo=115, routed)         0.641     0.641    datapath/Audio_Codec/initialize_audio/CLK
    SLICE_X159Y117       FDRE                                         r  datapath/Audio_Codec/initialize_audio/data_i_reg[7]/C
  -------------------------------------------------------------------    -------------------
    SLICE_X159Y117       FDRE (Prop_fdre_C_Q)         0.141     0.782 r  datapath/Audio_Codec/initialize_audio/data_i_reg[7]/Q
                         net (fo=1, routed)           0.113     0.895    datapath/Audio_Codec/initialize_audio/twi_controller/Q[7]
    SLICE_X161Y117       LUT4 (Prop_lut4_I1_O)        0.045     0.940 r  datapath/Audio_Codec/initialize_audio/twi_controller/dataByte[7]_i_2/O
                         net (fo=1, routed)           0.000     0.940    datapath/Audio_Codec/initialize_audio/twi_controller/p_1_in[7]
    SLICE_X161Y117       FDRE                                         r  datapath/Audio_Codec/initialize_audio/twi_controller/dataByte_reg[7]/D
  -------------------------------------------------------------------    -------------------

                         (clock clk_out2_clk_wiz_1 rise edge)
                                                      0.000     0.000 r  
    BUFGCTRL_X0Y2        BUFG                         0.000     0.000 r  clk_IBUF_BUFG_inst/O
                         net (fo=297, routed)         0.879     0.879    datapath/Audio_Codec/audiocodec_master_clock/inst/clk_in1
    MMCME2_ADV_X0Y2      MMCME2_ADV (Prop_mmcme2_adv_CLKIN1_CLKOUT1)
                                                     -1.502    -0.624 r  datapath/Audio_Codec/audiocodec_master_clock/inst/mmcm_adv_inst/CLKOUT1
                         net (fo=1, routed)           0.595    -0.029    datapath/Audio_Codec/audiocodec_master_clock/inst/clk_out2_clk_wiz_1
    BUFGCTRL_X0Y3        BUFG (Prop_bufg_I_O)         0.029    -0.000 r  datapath/Audio_Codec/audiocodec_master_clock/inst/clkout2_buf/O
                         net (fo=115, routed)         0.913     0.913    datapath/Audio_Codec/initialize_audio/twi_controller/CLK
    SLICE_X161Y117       FDRE                                         r  datapath/Audio_Codec/initialize_audio/twi_controller/dataByte_reg[7]/C
                         clock pessimism             -0.234     0.679    
    SLICE_X161Y117       FDRE (Hold_fdre_C_D)         0.092     0.771    datapath/Audio_Codec/initialize_audio/twi_controller/dataByte_reg[7]
  -------------------------------------------------------------------
                         required time                         -0.771    
                         arrival time                           0.940    
  -------------------------------------------------------------------
                         slack                                  0.169    

Slack (MET) :             0.183ns  (arrival time - required time)
  Source:                 datapath/Audio_Codec/initialize_audio/initWord_reg[8]/C
                            (rising edge-triggered cell FDRE clocked by clk_out2_clk_wiz_1  {rise@0.000ns fall@10.000ns period=20.000ns})
  Destination:            datapath/Audio_Codec/initialize_audio/data_i_reg[0]/D
                            (rising edge-triggered cell FDRE clocked by clk_out2_clk_wiz_1  {rise@0.000ns fall@10.000ns period=20.000ns})
  Path Group:             clk_out2_clk_wiz_1
  Path Type:              Hold (Min at Fast Process Corner)
  Requirement:            0.000ns  (clk_out2_clk_wiz_1 rise@0.000ns - clk_out2_clk_wiz_1 rise@0.000ns)
  Data Path Delay:        0.290ns  (logic 0.186ns (64.100%)  route 0.104ns (35.900%))
  Logic Levels:           1  (LUT6=1)
  Clock Path Skew:        0.015ns (DCD - SCD - CPR)
    Destination Clock Delay (DCD):    0.912ns
    Source Clock Delay      (SCD):    0.640ns
    Clock Pessimism Removal (CPR):    0.257ns

    Location             Delay type                Incr(ns)  Path(ns)    Netlist Resource(s)
  -------------------------------------------------------------------    -------------------
                         (clock clk_out2_clk_wiz_1 rise edge)
                                                      0.000     0.000 r  
    BUFGCTRL_X0Y2        BUFG                         0.000     0.000 r  clk_IBUF_BUFG_inst/O
                         net (fo=297, routed)         0.610     0.610    datapath/Audio_Codec/audiocodec_master_clock/inst/clk_in1
    MMCME2_ADV_X0Y2      MMCME2_ADV (Prop_mmcme2_adv_CLKIN1_CLKOUT1)
                                                     -1.180    -0.571 r  datapath/Audio_Codec/audiocodec_master_clock/inst/mmcm_adv_inst/CLKOUT1
                         net (fo=1, routed)           0.545    -0.026    datapath/Audio_Codec/audiocodec_master_clock/inst/clk_out2_clk_wiz_1
    BUFGCTRL_X0Y3        BUFG (Prop_bufg_I_O)         0.026     0.000 r  datapath/Audio_Codec/audiocodec_master_clock/inst/clkout2_buf/O
                         net (fo=115, routed)         0.640     0.640    datapath/Audio_Codec/initialize_audio/CLK
    SLICE_X159Y118       FDRE                                         r  datapath/Audio_Codec/initialize_audio/initWord_reg[8]/C
  -------------------------------------------------------------------    -------------------
    SLICE_X159Y118       FDRE (Prop_fdre_C_Q)         0.141     0.781 r  datapath/Audio_Codec/initialize_audio/initWord_reg[8]/Q
                         net (fo=1, routed)           0.104     0.885    datapath/Audio_Codec/initialize_audio/data2[0]
    SLICE_X159Y117       LUT6 (Prop_lut6_I4_O)        0.045     0.930 r  datapath/Audio_Codec/initialize_audio/data_i[0]_i_1/O
                         net (fo=1, routed)           0.000     0.930    datapath/Audio_Codec/initialize_audio/data_i[0]_i_1_n_0
    SLICE_X159Y117       FDRE                                         r  datapath/Audio_Codec/initialize_audio/data_i_reg[0]/D
  -------------------------------------------------------------------    -------------------

                         (clock clk_out2_clk_wiz_1 rise edge)
                                                      0.000     0.000 r  
    BUFGCTRL_X0Y2        BUFG                         0.000     0.000 r  clk_IBUF_BUFG_inst/O
                         net (fo=297, routed)         0.879     0.879    datapath/Audio_Codec/audiocodec_master_clock/inst/clk_in1
    MMCME2_ADV_X0Y2      MMCME2_ADV (Prop_mmcme2_adv_CLKIN1_CLKOUT1)
                                                     -1.502    -0.624 r  datapath/Audio_Codec/audiocodec_master_clock/inst/mmcm_adv_inst/CLKOUT1
                         net (fo=1, routed)           0.595    -0.029    datapath/Audio_Codec/audiocodec_master_clock/inst/clk_out2_clk_wiz_1
    BUFGCTRL_X0Y3        BUFG (Prop_bufg_I_O)         0.029    -0.000 r  datapath/Audio_Codec/audiocodec_master_clock/inst/clkout2_buf/O
                         net (fo=115, routed)         0.912     0.912    datapath/Audio_Codec/initialize_audio/CLK
    SLICE_X159Y117       FDRE                                         r  datapath/Audio_Codec/initialize_audio/data_i_reg[0]/C
                         clock pessimism             -0.257     0.655    
    SLICE_X159Y117       FDRE (Hold_fdre_C_D)         0.092     0.747    datapath/Audio_Codec/initialize_audio/data_i_reg[0]
  -------------------------------------------------------------------
                         required time                         -0.747    
                         arrival time                           0.930    
  -------------------------------------------------------------------
                         slack                                  0.183    

Slack (MET) :             0.199ns  (arrival time - required time)
  Source:                 datapath/Audio_Codec/initialize_audio/initWord_reg[12]/C
                            (rising edge-triggered cell FDRE clocked by clk_out2_clk_wiz_1  {rise@0.000ns fall@10.000ns period=20.000ns})
  Destination:            datapath/Audio_Codec/initialize_audio/data_i_reg[4]/D
                            (rising edge-triggered cell FDRE clocked by clk_out2_clk_wiz_1  {rise@0.000ns fall@10.000ns period=20.000ns})
  Path Group:             clk_out2_clk_wiz_1
  Path Type:              Hold (Min at Fast Process Corner)
  Requirement:            0.000ns  (clk_out2_clk_wiz_1 rise@0.000ns - clk_out2_clk_wiz_1 rise@0.000ns)
  Data Path Delay:        0.328ns  (logic 0.209ns (63.660%)  route 0.119ns (36.340%))
  Logic Levels:           1  (LUT6=1)
  Clock Path Skew:        0.038ns (DCD - SCD - CPR)
    Destination Clock Delay (DCD):    0.911ns
    Source Clock Delay      (SCD):    0.639ns
    Clock Pessimism Removal (CPR):    0.234ns

    Location             Delay type                Incr(ns)  Path(ns)    Netlist Resource(s)
  -------------------------------------------------------------------    -------------------
                         (clock clk_out2_clk_wiz_1 rise edge)
                                                      0.000     0.000 r  
    BUFGCTRL_X0Y2        BUFG                         0.000     0.000 r  clk_IBUF_BUFG_inst/O
                         net (fo=297, routed)         0.610     0.610    datapath/Audio_Codec/audiocodec_master_clock/inst/clk_in1
    MMCME2_ADV_X0Y2      MMCME2_ADV (Prop_mmcme2_adv_CLKIN1_CLKOUT1)
                                                     -1.180    -0.571 r  datapath/Audio_Codec/audiocodec_master_clock/inst/mmcm_adv_inst/CLKOUT1
                         net (fo=1, routed)           0.545    -0.026    datapath/Audio_Codec/audiocodec_master_clock/inst/clk_out2_clk_wiz_1
    BUFGCTRL_X0Y3        BUFG (Prop_bufg_I_O)         0.026     0.000 r  datapath/Audio_Codec/audiocodec_master_clock/inst/clkout2_buf/O
                         net (fo=115, routed)         0.639     0.639    datapath/Audio_Codec/initialize_audio/CLK
    SLICE_X158Y119       FDRE                                         r  datapath/Audio_Codec/initialize_audio/initWord_reg[12]/C
  -------------------------------------------------------------------    -------------------
    SLICE_X158Y119       FDRE (Prop_fdre_C_Q)         0.164     0.803 r  datapath/Audio_Codec/initialize_audio/initWord_reg[12]/Q
                         net (fo=1, routed)           0.119     0.922    datapath/Audio_Codec/initialize_audio/data2[4]
    SLICE_X160Y119       LUT6 (Prop_lut6_I2_O)        0.045     0.967 r  datapath/Audio_Codec/initialize_audio/data_i[4]_i_1/O
                         net (fo=1, routed)           0.000     0.967    datapath/Audio_Codec/initialize_audio/data_i[4]_i_1_n_0
    SLICE_X160Y119       FDRE                                         r  datapath/Audio_Codec/initialize_audio/data_i_reg[4]/D
  -------------------------------------------------------------------    -------------------

                         (clock clk_out2_clk_wiz_1 rise edge)
                                                      0.000     0.000 r  
    BUFGCTRL_X0Y2        BUFG                         0.000     0.000 r  clk_IBUF_BUFG_inst/O
                         net (fo=297, routed)         0.879     0.879    datapath/Audio_Codec/audiocodec_master_clock/inst/clk_in1
    MMCME2_ADV_X0Y2      MMCME2_ADV (Prop_mmcme2_adv_CLKIN1_CLKOUT1)
                                                     -1.502    -0.624 r  datapath/Audio_Codec/audiocodec_master_clock/inst/mmcm_adv_inst/CLKOUT1
                         net (fo=1, routed)           0.595    -0.029    datapath/Audio_Codec/audiocodec_master_clock/inst/clk_out2_clk_wiz_1
    BUFGCTRL_X0Y3        BUFG (Prop_bufg_I_O)         0.029    -0.000 r  datapath/Audio_Codec/audiocodec_master_clock/inst/clkout2_buf/O
                         net (fo=115, routed)         0.911     0.911    datapath/Audio_Codec/initialize_audio/CLK
    SLICE_X160Y119       FDRE                                         r  datapath/Audio_Codec/initialize_audio/data_i_reg[4]/C
                         clock pessimism             -0.234     0.677    
    SLICE_X160Y119       FDRE (Hold_fdre_C_D)         0.091     0.768    datapath/Audio_Codec/initialize_audio/data_i_reg[4]
  -------------------------------------------------------------------
                         required time                         -0.768    
                         arrival time                           0.967    
  -------------------------------------------------------------------
                         slack                                  0.199    

Slack (MET) :             0.200ns  (arrival time - required time)
  Source:                 datapath/Audio_Codec/initialize_audio/initWord_reg[19]/C
                            (rising edge-triggered cell FDRE clocked by clk_out2_clk_wiz_1  {rise@0.000ns fall@10.000ns period=20.000ns})
  Destination:            datapath/Audio_Codec/initialize_audio/data_i_reg[3]/D
                            (rising edge-triggered cell FDRE clocked by clk_out2_clk_wiz_1  {rise@0.000ns fall@10.000ns period=20.000ns})
  Path Group:             clk_out2_clk_wiz_1
  Path Type:              Hold (Min at Fast Process Corner)
  Requirement:            0.000ns  (clk_out2_clk_wiz_1 rise@0.000ns - clk_out2_clk_wiz_1 rise@0.000ns)
  Data Path Delay:        0.308ns  (logic 0.186ns (60.478%)  route 0.122ns (39.522%))
  Logic Levels:           1  (LUT5=1)
  Clock Path Skew:        0.016ns (DCD - SCD - CPR)
    Destination Clock Delay (DCD):    0.912ns
    Source Clock Delay      (SCD):    0.639ns
    Clock Pessimism Removal (CPR):    0.257ns

    Location             Delay type                Incr(ns)  Path(ns)    Netlist Resource(s)
  -------------------------------------------------------------------    -------------------
                         (clock clk_out2_clk_wiz_1 rise edge)
                                                      0.000     0.000 r  
    BUFGCTRL_X0Y2        BUFG                         0.000     0.000 r  clk_IBUF_BUFG_inst/O
                         net (fo=297, routed)         0.610     0.610    datapath/Audio_Codec/audiocodec_master_clock/inst/clk_in1
    MMCME2_ADV_X0Y2      MMCME2_ADV (Prop_mmcme2_adv_CLKIN1_CLKOUT1)
                                                     -1.180    -0.571 r  datapath/Audio_Codec/audiocodec_master_clock/inst/mmcm_adv_inst/CLKOUT1
                         net (fo=1, routed)           0.545    -0.026    datapath/Audio_Codec/audiocodec_master_clock/inst/clk_out2_clk_wiz_1
    BUFGCTRL_X0Y3        BUFG (Prop_bufg_I_O)         0.026     0.000 r  datapath/Audio_Codec/audiocodec_master_clock/inst/clkout2_buf/O
                         net (fo=115, routed)         0.639     0.639    datapath/Audio_Codec/initialize_audio/CLK
    SLICE_X159Y119       FDRE                                         r  datapath/Audio_Codec/initialize_audio/initWord_reg[19]/C
  -------------------------------------------------------------------    -------------------
    SLICE_X159Y119       FDRE (Prop_fdre_C_Q)         0.141     0.780 r  datapath/Audio_Codec/initialize_audio/initWord_reg[19]/Q
                         net (fo=4, routed)           0.122     0.901    datapath/Audio_Codec/initialize_audio/data1[3]
    SLICE_X159Y117       LUT5 (Prop_lut5_I1_O)        0.045     0.946 r  datapath/Audio_Codec/initialize_audio/data_i[3]_i_1/O
                         net (fo=1, routed)           0.000     0.946    datapath/Audio_Codec/initialize_audio/data_i[3]_i_1_n_0
    SLICE_X159Y117       FDRE                                         r  datapath/Audio_Codec/initialize_audio/data_i_reg[3]/D
  -------------------------------------------------------------------    -------------------

                         (clock clk_out2_clk_wiz_1 rise edge)
                                                      0.000     0.000 r  
    BUFGCTRL_X0Y2        BUFG                         0.000     0.000 r  clk_IBUF_BUFG_inst/O
                         net (fo=297, routed)         0.879     0.879    datapath/Audio_Codec/audiocodec_master_clock/inst/clk_in1
    MMCME2_ADV_X0Y2      MMCME2_ADV (Prop_mmcme2_adv_CLKIN1_CLKOUT1)
                                                     -1.502    -0.624 r  datapath/Audio_Codec/audiocodec_master_clock/inst/mmcm_adv_inst/CLKOUT1
                         net (fo=1, routed)           0.595    -0.029    datapath/Audio_Codec/audiocodec_master_clock/inst/clk_out2_clk_wiz_1
    BUFGCTRL_X0Y3        BUFG (Prop_bufg_I_O)         0.029    -0.000 r  datapath/Audio_Codec/audiocodec_master_clock/inst/clkout2_buf/O
                         net (fo=115, routed)         0.912     0.912    datapath/Audio_Codec/initialize_audio/CLK
    SLICE_X159Y117       FDRE                                         r  datapath/Audio_Codec/initialize_audio/data_i_reg[3]/C
                         clock pessimism             -0.257     0.655    
    SLICE_X159Y117       FDRE (Hold_fdre_C_D)         0.092     0.747    datapath/Audio_Codec/initialize_audio/data_i_reg[3]
  -------------------------------------------------------------------
                         required time                         -0.747    
                         arrival time                           0.946    
  -------------------------------------------------------------------
                         slack                                  0.200    

Slack (MET) :             0.211ns  (arrival time - required time)
  Source:                 datapath/Audio_Codec/initialize_audio/twi_controller/busFreeCnt_reg[4]/C
                            (rising edge-triggered cell FDSE clocked by clk_out2_clk_wiz_1  {rise@0.000ns fall@10.000ns period=20.000ns})
  Destination:            datapath/Audio_Codec/initialize_audio/twi_controller/busFreeCnt_reg[5]/D
                            (rising edge-triggered cell FDSE clocked by clk_out2_clk_wiz_1  {rise@0.000ns fall@10.000ns period=20.000ns})
  Path Group:             clk_out2_clk_wiz_1
  Path Type:              Hold (Min at Fast Process Corner)
  Requirement:            0.000ns  (clk_out2_clk_wiz_1 rise@0.000ns - clk_out2_clk_wiz_1 rise@0.000ns)
  Data Path Delay:        0.332ns  (logic 0.246ns (74.207%)  route 0.086ns (25.793%))
  Logic Levels:           1  (LUT6=1)
  Clock Path Skew:        0.000ns (DCD - SCD - CPR)
    Destination Clock Delay (DCD):    0.914ns
    Source Clock Delay      (SCD):    0.643ns
    Clock Pessimism Removal (CPR):    0.271ns

    Location             Delay type                Incr(ns)  Path(ns)    Netlist Resource(s)
  -------------------------------------------------------------------    -------------------
                         (clock clk_out2_clk_wiz_1 rise edge)
                                                      0.000     0.000 r  
    BUFGCTRL_X0Y2        BUFG                         0.000     0.000 r  clk_IBUF_BUFG_inst/O
                         net (fo=297, routed)         0.610     0.610    datapath/Audio_Codec/audiocodec_master_clock/inst/clk_in1
    MMCME2_ADV_X0Y2      MMCME2_ADV (Prop_mmcme2_adv_CLKIN1_CLKOUT1)
                                                     -1.180    -0.571 r  datapath/Audio_Codec/audiocodec_master_clock/inst/mmcm_adv_inst/CLKOUT1
                         net (fo=1, routed)           0.545    -0.026    datapath/Audio_Codec/audiocodec_master_clock/inst/clk_out2_clk_wiz_1
    BUFGCTRL_X0Y3        BUFG (Prop_bufg_I_O)         0.026     0.000 r  datapath/Audio_Codec/audiocodec_master_clock/inst/clkout2_buf/O
                         net (fo=115, routed)         0.643     0.643    datapath/Audio_Codec/initialize_audio/twi_controller/CLK
    SLICE_X158Y115       FDSE                                         r  datapath/Audio_Codec/initialize_audio/twi_controller/busFreeCnt_reg[4]/C
  -------------------------------------------------------------------    -------------------
    SLICE_X158Y115       FDSE (Prop_fdse_C_Q)         0.148     0.791 r  datapath/Audio_Codec/initialize_audio/twi_controller/busFreeCnt_reg[4]/Q
                         net (fo=3, routed)           0.086     0.876    datapath/Audio_Codec/initialize_audio/twi_controller/busFreeCnt_reg[4]
    SLICE_X158Y115       LUT6 (Prop_lut6_I5_O)        0.098     0.974 r  datapath/Audio_Codec/initialize_audio/twi_controller/busFreeCnt[5]_i_1/O
                         net (fo=1, routed)           0.000     0.974    datapath/Audio_Codec/initialize_audio/twi_controller/busFreeCnt0[5]
    SLICE_X158Y115       FDSE                                         r  datapath/Audio_Codec/initialize_audio/twi_controller/busFreeCnt_reg[5]/D
  -------------------------------------------------------------------    -------------------

                         (clock clk_out2_clk_wiz_1 rise edge)
                                                      0.000     0.000 r  
    BUFGCTRL_X0Y2        BUFG                         0.000     0.000 r  clk_IBUF_BUFG_inst/O
                         net (fo=297, routed)         0.879     0.879    datapath/Audio_Codec/audiocodec_master_clock/inst/clk_in1
    MMCME2_ADV_X0Y2      MMCME2_ADV (Prop_mmcme2_adv_CLKIN1_CLKOUT1)
                                                     -1.502    -0.624 r  datapath/Audio_Codec/audiocodec_master_clock/inst/mmcm_adv_inst/CLKOUT1
                         net (fo=1, routed)           0.595    -0.029    datapath/Audio_Codec/audiocodec_master_clock/inst/clk_out2_clk_wiz_1
    BUFGCTRL_X0Y3        BUFG (Prop_bufg_I_O)         0.029    -0.000 r  datapath/Audio_Codec/audiocodec_master_clock/inst/clkout2_buf/O
                         net (fo=115, routed)         0.914     0.914    datapath/Audio_Codec/initialize_audio/twi_controller/CLK
    SLICE_X158Y115       FDSE                                         r  datapath/Audio_Codec/initialize_audio/twi_controller/busFreeCnt_reg[5]/C
                         clock pessimism             -0.271     0.643    
    SLICE_X158Y115       FDSE (Hold_fdse_C_D)         0.121     0.764    datapath/Audio_Codec/initialize_audio/twi_controller/busFreeCnt_reg[5]
  -------------------------------------------------------------------
                         required time                         -0.764    
                         arrival time                           0.974    
  -------------------------------------------------------------------
                         slack                                  0.211    

Slack (MET) :             0.211ns  (arrival time - required time)
  Source:                 datapath/Audio_Codec/initialize_audio/twi_controller/sclCnt_reg[4]/C
                            (rising edge-triggered cell FDSE clocked by clk_out2_clk_wiz_1  {rise@0.000ns fall@10.000ns period=20.000ns})
  Destination:            datapath/Audio_Codec/initialize_audio/twi_controller/sclCnt_reg[5]/D
                            (rising edge-triggered cell FDRE clocked by clk_out2_clk_wiz_1  {rise@0.000ns fall@10.000ns period=20.000ns})
  Path Group:             clk_out2_clk_wiz_1
  Path Type:              Hold (Min at Fast Process Corner)
  Requirement:            0.000ns  (clk_out2_clk_wiz_1 rise@0.000ns - clk_out2_clk_wiz_1 rise@0.000ns)
  Data Path Delay:        0.332ns  (logic 0.246ns (74.207%)  route 0.086ns (25.793%))
  Logic Levels:           1  (LUT6=1)
  Clock Path Skew:        0.000ns (DCD - SCD - CPR)
    Destination Clock Delay (DCD):    0.915ns
    Source Clock Delay      (SCD):    0.644ns
    Clock Pessimism Removal (CPR):    0.271ns

    Location             Delay type                Incr(ns)  Path(ns)    Netlist Resource(s)
  -------------------------------------------------------------------    -------------------
                         (clock clk_out2_clk_wiz_1 rise edge)
                                                      0.000     0.000 r  
    BUFGCTRL_X0Y2        BUFG                         0.000     0.000 r  clk_IBUF_BUFG_inst/O
                         net (fo=297, routed)         0.610     0.610    datapath/Audio_Codec/audiocodec_master_clock/inst/clk_in1
    MMCME2_ADV_X0Y2      MMCME2_ADV (Prop_mmcme2_adv_CLKIN1_CLKOUT1)
                                                     -1.180    -0.571 r  datapath/Audio_Codec/audiocodec_master_clock/inst/mmcm_adv_inst/CLKOUT1
                         net (fo=1, routed)           0.545    -0.026    datapath/Audio_Codec/audiocodec_master_clock/inst/clk_out2_clk_wiz_1
    BUFGCTRL_X0Y3        BUFG (Prop_bufg_I_O)         0.026     0.000 r  datapath/Audio_Codec/audiocodec_master_clock/inst/clkout2_buf/O
                         net (fo=115, routed)         0.644     0.644    datapath/Audio_Codec/initialize_audio/twi_controller/CLK
    SLICE_X162Y115       FDSE                                         r  datapath/Audio_Codec/initialize_audio/twi_controller/sclCnt_reg[4]/C
  -------------------------------------------------------------------    -------------------
    SLICE_X162Y115       FDSE (Prop_fdse_C_Q)         0.148     0.792 r  datapath/Audio_Codec/initialize_audio/twi_controller/sclCnt_reg[4]/Q
                         net (fo=3, routed)           0.086     0.877    datapath/Audio_Codec/initialize_audio/twi_controller/sclCnt_reg[4]
    SLICE_X162Y115       LUT6 (Prop_lut6_I5_O)        0.098     0.975 r  datapath/Audio_Codec/initialize_audio/twi_controller/sclCnt[5]_i_1/O
                         net (fo=1, routed)           0.000     0.975    datapath/Audio_Codec/initialize_audio/twi_controller/sclCnt0[5]
    SLICE_X162Y115       FDRE                                         r  datapath/Audio_Codec/initialize_audio/twi_controller/sclCnt_reg[5]/D
  -------------------------------------------------------------------    -------------------

                         (clock clk_out2_clk_wiz_1 rise edge)
                                                      0.000     0.000 r  
    BUFGCTRL_X0Y2        BUFG                         0.000     0.000 r  clk_IBUF_BUFG_inst/O
                         net (fo=297, routed)         0.879     0.879    datapath/Audio_Codec/audiocodec_master_clock/inst/clk_in1
    MMCME2_ADV_X0Y2      MMCME2_ADV (Prop_mmcme2_adv_CLKIN1_CLKOUT1)
                                                     -1.502    -0.624 r  datapath/Audio_Codec/audiocodec_master_clock/inst/mmcm_adv_inst/CLKOUT1
                         net (fo=1, routed)           0.595    -0.029    datapath/Audio_Codec/audiocodec_master_clock/inst/clk_out2_clk_wiz_1
    BUFGCTRL_X0Y3        BUFG (Prop_bufg_I_O)         0.029    -0.000 r  datapath/Audio_Codec/audiocodec_master_clock/inst/clkout2_buf/O
                         net (fo=115, routed)         0.915     0.915    datapath/Audio_Codec/initialize_audio/twi_controller/CLK
    SLICE_X162Y115       FDRE                                         r  datapath/Audio_Codec/initialize_audio/twi_controller/sclCnt_reg[5]/C
                         clock pessimism             -0.271     0.644    
    SLICE_X162Y115       FDRE (Hold_fdre_C_D)         0.121     0.765    datapath/Audio_Codec/initialize_audio/twi_controller/sclCnt_reg[5]
  -------------------------------------------------------------------
                         required time                         -0.765    
                         arrival time                           0.975    
  -------------------------------------------------------------------
                         slack                                  0.211    

Slack (MET) :             0.214ns  (arrival time - required time)
  Source:                 datapath/Audio_Codec/initialize_audio/initA_reg[6]/C
                            (rising edge-triggered cell FDRE clocked by clk_out2_clk_wiz_1  {rise@0.000ns fall@10.000ns period=20.000ns})
  Destination:            datapath/Audio_Codec/initialize_audio/state_reg[1]/D
                            (rising edge-triggered cell FDSE clocked by clk_out2_clk_wiz_1  {rise@0.000ns fall@10.000ns period=20.000ns})
  Path Group:             clk_out2_clk_wiz_1
  Path Type:              Hold (Min at Fast Process Corner)
  Requirement:            0.000ns  (clk_out2_clk_wiz_1 rise@0.000ns - clk_out2_clk_wiz_1 rise@0.000ns)
  Data Path Delay:        0.322ns  (logic 0.186ns (57.842%)  route 0.136ns (42.158%))
  Logic Levels:           1  (LUT6=1)
  Clock Path Skew:        0.016ns (DCD - SCD - CPR)
    Destination Clock Delay (DCD):    0.911ns
    Source Clock Delay      (SCD):    0.638ns
    Clock Pessimism Removal (CPR):    0.257ns

    Location             Delay type                Incr(ns)  Path(ns)    Netlist Resource(s)
  -------------------------------------------------------------------    -------------------
                         (clock clk_out2_clk_wiz_1 rise edge)
                                                      0.000     0.000 r  
    BUFGCTRL_X0Y2        BUFG                         0.000     0.000 r  clk_IBUF_BUFG_inst/O
                         net (fo=297, routed)         0.610     0.610    datapath/Audio_Codec/audiocodec_master_clock/inst/clk_in1
    MMCME2_ADV_X0Y2      MMCME2_ADV (Prop_mmcme2_adv_CLKIN1_CLKOUT1)
                                                     -1.180    -0.571 r  datapath/Audio_Codec/audiocodec_master_clock/inst/mmcm_adv_inst/CLKOUT1
                         net (fo=1, routed)           0.545    -0.026    datapath/Audio_Codec/audiocodec_master_clock/inst/clk_out2_clk_wiz_1
    BUFGCTRL_X0Y3        BUFG (Prop_bufg_I_O)         0.026     0.000 r  datapath/Audio_Codec/audiocodec_master_clock/inst/clkout2_buf/O
                         net (fo=115, routed)         0.638     0.638    datapath/Audio_Codec/initialize_audio/CLK
    SLICE_X160Y121       FDRE                                         r  datapath/Audio_Codec/initialize_audio/initA_reg[6]/C
  -------------------------------------------------------------------    -------------------
    SLICE_X160Y121       FDRE (Prop_fdre_C_Q)         0.141     0.779 r  datapath/Audio_Codec/initialize_audio/initA_reg[6]/Q
                         net (fo=3, routed)           0.136     0.914    datapath/Audio_Codec/initialize_audio/twi_controller/state_reg[1][1]
    SLICE_X161Y119       LUT6 (Prop_lut6_I1_O)        0.045     0.959 r  datapath/Audio_Codec/initialize_audio/twi_controller/state[1]_i_1/O
                         net (fo=1, routed)           0.000     0.959    datapath/Audio_Codec/initialize_audio/twi_controller_n_4
    SLICE_X161Y119       FDSE                                         r  datapath/Audio_Codec/initialize_audio/state_reg[1]/D
  -------------------------------------------------------------------    -------------------

                         (clock clk_out2_clk_wiz_1 rise edge)
                                                      0.000     0.000 r  
    BUFGCTRL_X0Y2        BUFG                         0.000     0.000 r  clk_IBUF_BUFG_inst/O
                         net (fo=297, routed)         0.879     0.879    datapath/Audio_Codec/audiocodec_master_clock/inst/clk_in1
    MMCME2_ADV_X0Y2      MMCME2_ADV (Prop_mmcme2_adv_CLKIN1_CLKOUT1)
                                                     -1.502    -0.624 r  datapath/Audio_Codec/audiocodec_master_clock/inst/mmcm_adv_inst/CLKOUT1
                         net (fo=1, routed)           0.595    -0.029    datapath/Audio_Codec/audiocodec_master_clock/inst/clk_out2_clk_wiz_1
    BUFGCTRL_X0Y3        BUFG (Prop_bufg_I_O)         0.029    -0.000 r  datapath/Audio_Codec/audiocodec_master_clock/inst/clkout2_buf/O
                         net (fo=115, routed)         0.911     0.911    datapath/Audio_Codec/initialize_audio/CLK
    SLICE_X161Y119       FDSE                                         r  datapath/Audio_Codec/initialize_audio/state_reg[1]/C
                         clock pessimism             -0.257     0.654    
    SLICE_X161Y119       FDSE (Hold_fdse_C_D)         0.092     0.746    datapath/Audio_Codec/initialize_audio/state_reg[1]
  -------------------------------------------------------------------
                         required time                         -0.746    
                         arrival time                           0.959    
  -------------------------------------------------------------------
                         slack                                  0.214    

Slack (MET) :             0.216ns  (arrival time - required time)
  Source:                 datapath/Audio_Codec/initialize_audio/twi_controller/addrNData_reg/C
                            (rising edge-triggered cell FDRE clocked by clk_out2_clk_wiz_1  {rise@0.000ns fall@10.000ns period=20.000ns})
  Destination:            datapath/Audio_Codec/initialize_audio/twi_controller/DONE_O_reg/D
                            (rising edge-triggered cell FDRE clocked by clk_out2_clk_wiz_1  {rise@0.000ns fall@10.000ns period=20.000ns})
  Path Group:             clk_out2_clk_wiz_1
  Path Type:              Hold (Min at Fast Process Corner)
  Requirement:            0.000ns  (clk_out2_clk_wiz_1 rise@0.000ns - clk_out2_clk_wiz_1 rise@0.000ns)
  Data Path Delay:        0.349ns  (logic 0.186ns (53.243%)  route 0.163ns (46.757%))
  Logic Levels:           1  (LUT6=1)
  Clock Path Skew:        0.013ns (DCD - SCD - CPR)
    Destination Clock Delay (DCD):    0.914ns
    Source Clock Delay      (SCD):    0.643ns
    Clock Pessimism Removal (CPR):    0.258ns

    Location             Delay type                Incr(ns)  Path(ns)    Netlist Resource(s)
  -------------------------------------------------------------------    -------------------
                         (clock clk_out2_clk_wiz_1 rise edge)
                                                      0.000     0.000 r  
    BUFGCTRL_X0Y2        BUFG                         0.000     0.000 r  clk_IBUF_BUFG_inst/O
                         net (fo=297, routed)         0.610     0.610    datapath/Audio_Codec/audiocodec_master_clock/inst/clk_in1
    MMCME2_ADV_X0Y2      MMCME2_ADV (Prop_mmcme2_adv_CLKIN1_CLKOUT1)
                                                     -1.180    -0.571 r  datapath/Audio_Codec/audiocodec_master_clock/inst/mmcm_adv_inst/CLKOUT1
                         net (fo=1, routed)           0.545    -0.026    datapath/Audio_Codec/audiocodec_master_clock/inst/clk_out2_clk_wiz_1
    BUFGCTRL_X0Y3        BUFG (Prop_bufg_I_O)         0.026     0.000 r  datapath/Audio_Codec/audiocodec_master_clock/inst/clkout2_buf/O
                         net (fo=115, routed)         0.643     0.643    datapath/Audio_Codec/initialize_audio/twi_controller/CLK
    SLICE_X163Y116       FDRE                                         r  datapath/Audio_Codec/initialize_audio/twi_controller/addrNData_reg/C
  -------------------------------------------------------------------    -------------------
    SLICE_X163Y116       FDRE (Prop_fdre_C_Q)         0.141     0.784 f  datapath/Audio_Codec/initialize_audio/twi_controller/addrNData_reg/Q
                         net (fo=4, routed)           0.163     0.947    datapath/Audio_Codec/initialize_audio/twi_controller/addrNData
    SLICE_X162Y116       LUT6 (Prop_lut6_I4_O)        0.045     0.992 r  datapath/Audio_Codec/initialize_audio/twi_controller/DONE_O_i_1/O
                         net (fo=1, routed)           0.000     0.992    datapath/Audio_Codec/initialize_audio/twi_controller/DONE_O_i_1_n_0
    SLICE_X162Y116       FDRE                                         r  datapath/Audio_Codec/initialize_audio/twi_controller/DONE_O_reg/D
  -------------------------------------------------------------------    -------------------

                         (clock clk_out2_clk_wiz_1 rise edge)
                                                      0.000     0.000 r  
    BUFGCTRL_X0Y2        BUFG                         0.000     0.000 r  clk_IBUF_BUFG_inst/O
                         net (fo=297, routed)         0.879     0.879    datapath/Audio_Codec/audiocodec_master_clock/inst/clk_in1
    MMCME2_ADV_X0Y2      MMCME2_ADV (Prop_mmcme2_adv_CLKIN1_CLKOUT1)
                                                     -1.502    -0.624 r  datapath/Audio_Codec/audiocodec_master_clock/inst/mmcm_adv_inst/CLKOUT1
                         net (fo=1, routed)           0.595    -0.029    datapath/Audio_Codec/audiocodec_master_clock/inst/clk_out2_clk_wiz_1
    BUFGCTRL_X0Y3        BUFG (Prop_bufg_I_O)         0.029    -0.000 r  datapath/Audio_Codec/audiocodec_master_clock/inst/clkout2_buf/O
                         net (fo=115, routed)         0.914     0.914    datapath/Audio_Codec/initialize_audio/twi_controller/CLK
    SLICE_X162Y116       FDRE                                         r  datapath/Audio_Codec/initialize_audio/twi_controller/DONE_O_reg/C
                         clock pessimism             -0.258     0.656    
    SLICE_X162Y116       FDRE (Hold_fdre_C_D)         0.120     0.776    datapath/Audio_Codec/initialize_audio/twi_controller/DONE_O_reg
  -------------------------------------------------------------------
                         required time                         -0.776    
                         arrival time                           0.992    
  -------------------------------------------------------------------
                         slack                                  0.216    





Pulse Width Checks
--------------------------------------------------------------------------------------
Clock Name:         clk_out2_clk_wiz_1
Waveform(ns):       { 0.000 10.000 }
Period(ns):         20.000
Sources:            { datapath/Audio_Codec/audiocodec_master_clock/inst/mmcm_adv_inst/CLKOUT1 }

Check Type        Corner  Lib Pin             Reference Pin  Required(ns)  Actual(ns)  Slack(ns)  Location         Pin
Min Period        n/a     BUFG/I              n/a            2.155         20.000      17.845     BUFGCTRL_X0Y3    datapath/Audio_Codec/audiocodec_master_clock/inst/clkout2_buf/I
Min Period        n/a     MMCME2_ADV/CLKOUT1  n/a            1.249         20.000      18.751     MMCME2_ADV_X0Y2  datapath/Audio_Codec/audiocodec_master_clock/inst/mmcm_adv_inst/CLKOUT1
Min Period        n/a     FDRE/C              n/a            1.000         20.000      19.000     SLICE_X159Y117   datapath/Audio_Codec/initialize_audio/data_i_reg[0]/C
Min Period        n/a     FDRE/C              n/a            1.000         20.000      19.000     SLICE_X160Y117   datapath/Audio_Codec/initialize_audio/data_i_reg[1]/C
Min Period        n/a     FDRE/C              n/a            1.000         20.000      19.000     SLICE_X160Y119   datapath/Audio_Codec/initialize_audio/data_i_reg[2]/C
Min Period        n/a     FDRE/C              n/a            1.000         20.000      19.000     SLICE_X159Y117   datapath/Audio_Codec/initialize_audio/data_i_reg[3]/C
Min Period        n/a     FDRE/C              n/a            1.000         20.000      19.000     SLICE_X160Y119   datapath/Audio_Codec/initialize_audio/data_i_reg[4]/C
Min Period        n/a     FDRE/C              n/a            1.000         20.000      19.000     SLICE_X160Y119   datapath/Audio_Codec/initialize_audio/data_i_reg[5]/C
Min Period        n/a     FDRE/C              n/a            1.000         20.000      19.000     SLICE_X160Y117   datapath/Audio_Codec/initialize_audio/data_i_reg[6]/C
Min Period        n/a     FDRE/C              n/a            1.000         20.000      19.000     SLICE_X159Y117   datapath/Audio_Codec/initialize_audio/data_i_reg[7]/C
Max Period        n/a     MMCME2_ADV/CLKOUT1  n/a            213.360       20.000      193.360    MMCME2_ADV_X0Y2  datapath/Audio_Codec/audiocodec_master_clock/inst/mmcm_adv_inst/CLKOUT1
Low Pulse Width   Slow    FDRE/C              n/a            0.500         10.000      9.500      SLICE_X159Y117   datapath/Audio_Codec/initialize_audio/data_i_reg[0]/C
Low Pulse Width   Fast    FDRE/C              n/a            0.500         10.000      9.500      SLICE_X159Y117   datapath/Audio_Codec/initialize_audio/data_i_reg[0]/C
Low Pulse Width   Slow    FDRE/C              n/a            0.500         10.000      9.500      SLICE_X160Y117   datapath/Audio_Codec/initialize_audio/data_i_reg[1]/C
Low Pulse Width   Fast    FDRE/C              n/a            0.500         10.000      9.500      SLICE_X160Y117   datapath/Audio_Codec/initialize_audio/data_i_reg[1]/C
Low Pulse Width   Slow    FDRE/C              n/a            0.500         10.000      9.500      SLICE_X160Y119   datapath/Audio_Codec/initialize_audio/data_i_reg[2]/C
Low Pulse Width   Fast    FDRE/C              n/a            0.500         10.000      9.500      SLICE_X160Y119   datapath/Audio_Codec/initialize_audio/data_i_reg[2]/C
Low Pulse Width   Slow    FDRE/C              n/a            0.500         10.000      9.500      SLICE_X159Y117   datapath/Audio_Codec/initialize_audio/data_i_reg[3]/C
Low Pulse Width   Fast    FDRE/C              n/a            0.500         10.000      9.500      SLICE_X159Y117   datapath/Audio_Codec/initialize_audio/data_i_reg[3]/C
Low Pulse Width   Slow    FDRE/C              n/a            0.500         10.000      9.500      SLICE_X160Y119   datapath/Audio_Codec/initialize_audio/data_i_reg[4]/C
Low Pulse Width   Fast    FDRE/C              n/a            0.500         10.000      9.500      SLICE_X160Y119   datapath/Audio_Codec/initialize_audio/data_i_reg[4]/C
High Pulse Width  Slow    FDRE/C              n/a            0.500         10.000      9.500      SLICE_X159Y117   datapath/Audio_Codec/initialize_audio/data_i_reg[0]/C
High Pulse Width  Fast    FDRE/C              n/a            0.500         10.000      9.500      SLICE_X159Y117   datapath/Audio_Codec/initialize_audio/data_i_reg[0]/C
High Pulse Width  Slow    FDRE/C              n/a            0.500         10.000      9.500      SLICE_X160Y117   datapath/Audio_Codec/initialize_audio/data_i_reg[1]/C
High Pulse Width  Fast    FDRE/C              n/a            0.500         10.000      9.500      SLICE_X160Y117   datapath/Audio_Codec/initialize_audio/data_i_reg[1]/C
High Pulse Width  Slow    FDRE/C              n/a            0.500         10.000      9.500      SLICE_X160Y119   datapath/Audio_Codec/initialize_audio/data_i_reg[2]/C
High Pulse Width  Fast    FDRE/C              n/a            0.500         10.000      9.500      SLICE_X160Y119   datapath/Audio_Codec/initialize_audio/data_i_reg[2]/C
High Pulse Width  Slow    FDRE/C              n/a            0.500         10.000      9.500      SLICE_X159Y117   datapath/Audio_Codec/initialize_audio/data_i_reg[3]/C
High Pulse Width  Fast    FDRE/C              n/a            0.500         10.000      9.500      SLICE_X159Y117   datapath/Audio_Codec/initialize_audio/data_i_reg[3]/C
High Pulse Width  Slow    FDRE/C              n/a            0.500         10.000      9.500      SLICE_X160Y119   datapath/Audio_Codec/initialize_audio/data_i_reg[4]/C
High Pulse Width  Fast    FDRE/C              n/a            0.500         10.000      9.500      SLICE_X160Y119   datapath/Audio_Codec/initialize_audio/data_i_reg[4]/C



---------------------------------------------------------------------------------------------------
From Clock:  clkfbout_clk_wiz_1
  To Clock:  clkfbout_clk_wiz_1

Setup :           NA  Failing Endpoints,  Worst Slack           NA  ,  Total Violation           NA
Hold  :           NA  Failing Endpoints,  Worst Slack           NA  ,  Total Violation           NA
PW    :            0  Failing Endpoints,  Worst Slack        7.845ns,  Total Violation        0.000ns
---------------------------------------------------------------------------------------------------


Pulse Width Checks
--------------------------------------------------------------------------------------
Clock Name:         clkfbout_clk_wiz_1
Waveform(ns):       { 0.000 5.000 }
Period(ns):         10.000
Sources:            { datapath/Audio_Codec/audiocodec_master_clock/inst/mmcm_adv_inst/CLKFBOUT }

Check Type  Corner  Lib Pin              Reference Pin  Required(ns)  Actual(ns)  Slack(ns)  Location         Pin
Min Period  n/a     BUFG/I               n/a            2.155         10.000      7.845      BUFGCTRL_X0Y5    datapath/Audio_Codec/audiocodec_master_clock/inst/clkf_buf/I
Min Period  n/a     MMCME2_ADV/CLKFBOUT  n/a            1.249         10.000      8.751      MMCME2_ADV_X0Y2  datapath/Audio_Codec/audiocodec_master_clock/inst/mmcm_adv_inst/CLKFBOUT
Min Period  n/a     MMCME2_ADV/CLKFBIN   n/a            1.249         10.000      8.751      MMCME2_ADV_X0Y2  datapath/Audio_Codec/audiocodec_master_clock/inst/mmcm_adv_inst/CLKFBIN
Max Period  n/a     MMCME2_ADV/CLKFBIN   n/a            100.000       10.000      90.000     MMCME2_ADV_X0Y2  datapath/Audio_Codec/audiocodec_master_clock/inst/mmcm_adv_inst/CLKFBIN
Max Period  n/a     MMCME2_ADV/CLKFBOUT  n/a            213.360       10.000      203.360    MMCME2_ADV_X0Y2  datapath/Audio_Codec/audiocodec_master_clock/inst/mmcm_adv_inst/CLKFBOUT



---------------------------------------------------------------------------------------------------
From Clock:  datapath/video_inst/mmcm_adv_inst_display_clocks/inst/clk_in1
  To Clock:  datapath/video_inst/mmcm_adv_inst_display_clocks/inst/clk_in1

Setup :           NA  Failing Endpoints,  Worst Slack           NA  ,  Total Violation           NA
Hold  :           NA  Failing Endpoints,  Worst Slack           NA  ,  Total Violation           NA
PW    :            0  Failing Endpoints,  Worst Slack        3.000ns,  Total Violation        0.000ns
---------------------------------------------------------------------------------------------------


Pulse Width Checks
--------------------------------------------------------------------------------------
Clock Name:         datapath/video_inst/mmcm_adv_inst_display_clocks/inst/clk_in1
Waveform(ns):       { 0.000 5.000 }
Period(ns):         10.000
Sources:            { datapath/video_inst/mmcm_adv_inst_display_clocks/inst/clk_in1 }

Check Type        Corner  Lib Pin            Reference Pin  Required(ns)  Actual(ns)  Slack(ns)  Location         Pin
Min Period        n/a     MMCME2_ADV/CLKIN1  n/a            1.249         10.000      8.751      MMCME2_ADV_X1Y0  datapath/video_inst/mmcm_adv_inst_display_clocks/inst/mmcm_adv_inst/CLKIN1
Max Period        n/a     MMCME2_ADV/CLKIN1  n/a            100.000       10.000      90.000     MMCME2_ADV_X1Y0  datapath/video_inst/mmcm_adv_inst_display_clocks/inst/mmcm_adv_inst/CLKIN1
Low Pulse Width   Slow    MMCME2_ADV/CLKIN1  n/a            2.000         5.000       3.000      MMCME2_ADV_X1Y0  datapath/video_inst/mmcm_adv_inst_display_clocks/inst/mmcm_adv_inst/CLKIN1
Low Pulse Width   Fast    MMCME2_ADV/CLKIN1  n/a            2.000         5.000       3.000      MMCME2_ADV_X1Y0  datapath/video_inst/mmcm_adv_inst_display_clocks/inst/mmcm_adv_inst/CLKIN1
High Pulse Width  Slow    MMCME2_ADV/CLKIN1  n/a            2.000         5.000       3.000      MMCME2_ADV_X1Y0  datapath/video_inst/mmcm_adv_inst_display_clocks/inst/mmcm_adv_inst/CLKIN1
High Pulse Width  Fast    MMCME2_ADV/CLKIN1  n/a            2.000         5.000       3.000      MMCME2_ADV_X1Y0  datapath/video_inst/mmcm_adv_inst_display_clocks/inst/mmcm_adv_inst/CLKIN1



---------------------------------------------------------------------------------------------------
From Clock:  clk_out1_clk_wiz_0
  To Clock:  clk_out1_clk_wiz_0

Setup :            0  Failing Endpoints,  Worst Slack       26.233ns,  Total Violation        0.000ns
Hold  :            0  Failing Endpoints,  Worst Slack        0.191ns,  Total Violation        0.000ns
PW    :            0  Failing Endpoints,  Worst Slack       19.500ns,  Total Violation        0.000ns
---------------------------------------------------------------------------------------------------


Max Delay Paths
--------------------------------------------------------------------------------------
Slack (MET) :             26.233ns  (required time - arrival time)
  Source:                 datapath/video_inst/Inst_vga/sig_gen/horizontal_counter/processQ_reg[2]/C
                            (rising edge-triggered cell FDRE clocked by clk_out1_clk_wiz_0  {rise@0.000ns fall@20.000ns period=40.000ns})
  Destination:            datapath/video_inst/inst_dvid/TDMS_encoder_blue/dc_bias_reg[3]/D
                            (rising edge-triggered cell FDRE clocked by clk_out1_clk_wiz_0  {rise@0.000ns fall@20.000ns period=40.000ns})
  Path Group:             clk_out1_clk_wiz_0
  Path Type:              Setup (Max at Slow Process Corner)
  Requirement:            40.000ns  (clk_out1_clk_wiz_0 rise@40.000ns - clk_out1_clk_wiz_0 rise@0.000ns)
  Data Path Delay:        13.738ns  (logic 4.820ns (35.086%)  route 8.918ns (64.914%))
  Logic Levels:           18  (CARRY4=8 LUT1=1 LUT2=1 LUT3=1 LUT5=4 LUT6=3)
  Clock Path Skew:        0.034ns (DCD - SCD + CPR)
    Destination Clock Delay (DCD):    1.706ns = ( 41.706 - 40.000 ) 
    Source Clock Delay      (SCD):    1.747ns
    Clock Pessimism Removal (CPR):    0.075ns
  Clock Uncertainty:      0.095ns  ((TSJ^2 + DJ^2)^1/2) / 2 + PE
    Total System Jitter     (TSJ):    0.071ns
    Discrete Jitter          (DJ):    0.175ns
    Phase Error              (PE):    0.000ns

    Location             Delay type                Incr(ns)  Path(ns)    Netlist Resource(s)
  -------------------------------------------------------------------    -------------------
                         (clock clk_out1_clk_wiz_0 rise edge)
                                                      0.000     0.000 r  
    BUFGCTRL_X0Y2        BUFG                         0.000     0.000 r  clk_IBUF_BUFG_inst/O
                         net (fo=297, routed)         2.106     2.106    datapath/video_inst/mmcm_adv_inst_display_clocks/inst/clk_in1
    MMCME2_ADV_X1Y0      MMCME2_ADV (Prop_mmcme2_adv_CLKIN1_CLKOUT0)
                                                     -4.900    -2.793 r  datapath/video_inst/mmcm_adv_inst_display_clocks/inst/mmcm_adv_inst/CLKOUT0
                         net (fo=1, routed)           2.697    -0.096    datapath/video_inst/mmcm_adv_inst_display_clocks/inst/clk_out1_clk_wiz_0
    BUFGCTRL_X0Y4        BUFG (Prop_bufg_I_O)         0.096    -0.000 r  datapath/video_inst/mmcm_adv_inst_display_clocks/inst/clkout1_buf/O
                         net (fo=63, routed)          1.747     1.747    datapath/video_inst/Inst_vga/sig_gen/horizontal_counter/CLK
    SLICE_X153Y132       FDRE                                         r  datapath/video_inst/Inst_vga/sig_gen/horizontal_counter/processQ_reg[2]/C
  -------------------------------------------------------------------    -------------------
    SLICE_X153Y132       FDRE (Prop_fdre_C_Q)         0.456     2.203 r  datapath/video_inst/Inst_vga/sig_gen/horizontal_counter/processQ_reg[2]/Q
                         net (fo=60, routed)          1.659     3.863    datapath/video_inst/Inst_vga/sig_gen/horizontal_counter/Q[2]
    SLICE_X157Y128       LUT2 (Prop_lut2_I0_O)        0.124     3.987 r  datapath/video_inst/Inst_vga/sig_gen/horizontal_counter/is_trigger_time5_carry_i_2/O
                         net (fo=1, routed)           0.000     3.987    datapath/video_inst/Inst_vga/col_map/is_trigger_time1_carry_i_4[2]
    SLICE_X157Y128       CARRY4 (Prop_carry4_S[2]_CO[3])
                                                      0.398     4.385 r  datapath/video_inst/Inst_vga/col_map/is_trigger_time5_carry/CO[3]
                         net (fo=1, routed)           0.000     4.385    datapath/video_inst/Inst_vga/col_map/is_trigger_time5_carry_n_0
    SLICE_X157Y129       CARRY4 (Prop_carry4_CI_O[0])
                                                      0.222     4.607 f  datapath/video_inst/Inst_vga/col_map/is_trigger_time5_carry__0/O[0]
                         net (fo=3, routed)           0.963     5.570    datapath/video_inst/Inst_vga/col_map/is_trigger_time5[4]
    SLICE_X157Y125       LUT1 (Prop_lut1_I0_O)        0.299     5.869 r  datapath/video_inst/Inst_vga/col_map/i__carry_i_2__0/O
                         net (fo=1, routed)           0.000     5.869    datapath/video_inst/Inst_vga/col_map/i__carry_i_2__0_n_0
    SLICE_X157Y125       CARRY4 (Prop_carry4_S[3]_CO[3])
                                                      0.401     6.270 r  datapath/video_inst/Inst_vga/col_map/_inferred__6/i__carry/CO[3]
                         net (fo=1, routed)           0.000     6.270    datapath/video_inst/Inst_vga/col_map/_inferred__6/i__carry_n_0
    SLICE_X157Y126       CARRY4 (Prop_carry4_CI_O[1])
                                                      0.334     6.604 f  datapath/video_inst/Inst_vga/col_map/_inferred__6/i__carry__0/O[1]
                         net (fo=2, routed)           0.978     7.583    datapath/video_inst/Inst_vga/col_map/is_trigger_time3[5]
    SLICE_X156Y129       LUT3 (Prop_lut3_I2_O)        0.331     7.914 f  datapath/video_inst/Inst_vga/col_map/is_trigger_time1_carry_i_11/O
                         net (fo=1, routed)           0.162     8.075    datapath/video_inst/Inst_vga/sig_gen/vertical_counter/is_trigger_time1_carry_3
    SLICE_X156Y129       LUT6 (Prop_lut6_I5_O)        0.326     8.401 r  datapath/video_inst/Inst_vga/sig_gen/vertical_counter/is_trigger_time1_carry_i_1/O
                         net (fo=1, routed)           0.903     9.305    datapath/video_inst/Inst_vga/col_map/is_trigger_time1_carry__0_0[3]
    SLICE_X156Y125       CARRY4 (Prop_carry4_DI[3]_CO[3])
                                                      0.385     9.690 r  datapath/video_inst/Inst_vga/col_map/is_trigger_time1_carry/CO[3]
                         net (fo=1, routed)           0.000     9.690    datapath/video_inst/Inst_vga/col_map/is_trigger_time1_carry_n_0
    SLICE_X156Y126       CARRY4 (Prop_carry4_CI_CO[3])
                                                      0.114     9.804 r  datapath/video_inst/Inst_vga/col_map/is_trigger_time1_carry__0/CO[3]
                         net (fo=1, routed)           0.000     9.804    datapath/video_inst/Inst_vga/col_map/is_trigger_time1_carry__0_n_0
    SLICE_X156Y127       CARRY4 (Prop_carry4_CI_CO[3])
                                                      0.114     9.918 r  datapath/video_inst/Inst_vga/col_map/is_trigger_time1_carry__1/CO[3]
                         net (fo=1, routed)           0.000     9.918    datapath/video_inst/Inst_vga/col_map/is_trigger_time1_carry__1_n_0
    SLICE_X156Y128       CARRY4 (Prop_carry4_CI_CO[3])
                                                      0.114    10.032 f  datapath/video_inst/Inst_vga/col_map/is_trigger_time1_carry__2/CO[3]
                         net (fo=1, routed)           0.615    10.646    datapath/video_inst/Inst_vga/sig_gen/vertical_counter/dc_bias[2]_i_5__0[0]
    SLICE_X156Y129       LUT5 (Prop_lut5_I2_O)        0.124    10.770 f  datapath/video_inst/Inst_vga/sig_gen/vertical_counter/dc_bias[2]_i_11/O
                         net (fo=1, routed)           0.515    11.285    datapath/video_inst/Inst_vga/sig_gen/horizontal_counter/dc_bias[2]_i_2__0_0
    SLICE_X155Y130       LUT5 (Prop_lut5_I1_O)        0.124    11.409 f  datapath/video_inst/Inst_vga/sig_gen/horizontal_counter/dc_bias[2]_i_5__0/O
                         net (fo=4, routed)           1.235    12.644    datapath/video_inst/Inst_vga/sig_gen/horizontal_counter/dc_bias[2]_i_5__0_n_0
    SLICE_X157Y134       LUT5 (Prop_lut5_I4_O)        0.150    12.794 f  datapath/video_inst/Inst_vga/sig_gen/horizontal_counter/dc_bias[3]_i_8__0/O
                         net (fo=1, routed)           0.436    13.230    datapath/video_inst/Inst_vga/sig_gen/horizontal_counter/dc_bias[3]_i_8__0_n_0
    SLICE_X157Y134       LUT6 (Prop_lut6_I5_O)        0.326    13.556 r  datapath/video_inst/Inst_vga/sig_gen/horizontal_counter/dc_bias[3]_i_2__1/O
                         net (fo=10, routed)          1.289    14.845    datapath/video_inst/inst_dvid/TDMS_encoder_blue/dc_bias_reg[1]_1
    SLICE_X160Y133       LUT5 (Prop_lut5_I3_O)        0.152    14.997 r  datapath/video_inst/inst_dvid/TDMS_encoder_blue/dc_bias[3]_i_4__1/O
                         net (fo=1, routed)           0.162    15.159    datapath/video_inst/inst_dvid/TDMS_encoder_blue/dc_bias[3]_i_4__1_n_0
    SLICE_X160Y133       LUT6 (Prop_lut6_I2_O)        0.326    15.485 r  datapath/video_inst/inst_dvid/TDMS_encoder_blue/dc_bias[3]_i_1/O
                         net (fo=1, routed)           0.000    15.485    datapath/video_inst/inst_dvid/TDMS_encoder_blue/dc_bias[3]_i_1_n_0
    SLICE_X160Y133       FDRE                                         r  datapath/video_inst/inst_dvid/TDMS_encoder_blue/dc_bias_reg[3]/D
  -------------------------------------------------------------------    -------------------

                         (clock clk_out1_clk_wiz_0 rise edge)
                                                     40.000    40.000 r  
    BUFGCTRL_X0Y2        BUFG                         0.000    40.000 r  clk_IBUF_BUFG_inst/O
                         net (fo=297, routed)         1.972    41.972    datapath/video_inst/mmcm_adv_inst_display_clocks/inst/clk_in1
    MMCME2_ADV_X1Y0      MMCME2_ADV (Prop_mmcme2_adv_CLKIN1_CLKOUT0)
                                                     -4.637    37.335 r  datapath/video_inst/mmcm_adv_inst_display_clocks/inst/mmcm_adv_inst/CLKOUT0
                         net (fo=1, routed)           2.574    39.909    datapath/video_inst/mmcm_adv_inst_display_clocks/inst/clk_out1_clk_wiz_0
    BUFGCTRL_X0Y4        BUFG (Prop_bufg_I_O)         0.091    40.000 r  datapath/video_inst/mmcm_adv_inst_display_clocks/inst/clkout1_buf/O
                         net (fo=63, routed)          1.706    41.706    datapath/video_inst/inst_dvid/TDMS_encoder_blue/CLK
    SLICE_X160Y133       FDRE                                         r  datapath/video_inst/inst_dvid/TDMS_encoder_blue/dc_bias_reg[3]/C
                         clock pessimism              0.075    41.781    
                         clock uncertainty           -0.095    41.687    
    SLICE_X160Y133       FDRE (Setup_fdre_C_D)        0.031    41.718    datapath/video_inst/inst_dvid/TDMS_encoder_blue/dc_bias_reg[3]
  -------------------------------------------------------------------
                         required time                         41.718    
                         arrival time                         -15.485    
  -------------------------------------------------------------------
                         slack                                 26.233    

Slack (MET) :             26.552ns  (required time - arrival time)
  Source:                 datapath/video_inst/Inst_vga/sig_gen/horizontal_counter/processQ_reg[2]/C
                            (rising edge-triggered cell FDRE clocked by clk_out1_clk_wiz_0  {rise@0.000ns fall@20.000ns period=40.000ns})
  Destination:            datapath/video_inst/inst_dvid/TDMS_encoder_blue/dc_bias_reg[2]/D
                            (rising edge-triggered cell FDRE clocked by clk_out1_clk_wiz_0  {rise@0.000ns fall@20.000ns period=40.000ns})
  Path Group:             clk_out1_clk_wiz_0
  Path Type:              Setup (Max at Slow Process Corner)
  Requirement:            40.000ns  (clk_out1_clk_wiz_0 rise@40.000ns - clk_out1_clk_wiz_0 rise@0.000ns)
  Data Path Delay:        13.414ns  (logic 4.590ns (34.217%)  route 8.824ns (65.783%))
  Logic Levels:           18  (CARRY4=8 LUT1=1 LUT2=2 LUT3=1 LUT5=3 LUT6=3)
  Clock Path Skew:        0.032ns (DCD - SCD + CPR)
    Destination Clock Delay (DCD):    1.704ns = ( 41.704 - 40.000 ) 
    Source Clock Delay      (SCD):    1.747ns
    Clock Pessimism Removal (CPR):    0.075ns
  Clock Uncertainty:      0.095ns  ((TSJ^2 + DJ^2)^1/2) / 2 + PE
    Total System Jitter     (TSJ):    0.071ns
    Discrete Jitter          (DJ):    0.175ns
    Phase Error              (PE):    0.000ns

    Location             Delay type                Incr(ns)  Path(ns)    Netlist Resource(s)
  -------------------------------------------------------------------    -------------------
                         (clock clk_out1_clk_wiz_0 rise edge)
                                                      0.000     0.000 r  
    BUFGCTRL_X0Y2        BUFG                         0.000     0.000 r  clk_IBUF_BUFG_inst/O
                         net (fo=297, routed)         2.106     2.106    datapath/video_inst/mmcm_adv_inst_display_clocks/inst/clk_in1
    MMCME2_ADV_X1Y0      MMCME2_ADV (Prop_mmcme2_adv_CLKIN1_CLKOUT0)
                                                     -4.900    -2.793 r  datapath/video_inst/mmcm_adv_inst_display_clocks/inst/mmcm_adv_inst/CLKOUT0
                         net (fo=1, routed)           2.697    -0.096    datapath/video_inst/mmcm_adv_inst_display_clocks/inst/clk_out1_clk_wiz_0
    BUFGCTRL_X0Y4        BUFG (Prop_bufg_I_O)         0.096    -0.000 r  datapath/video_inst/mmcm_adv_inst_display_clocks/inst/clkout1_buf/O
                         net (fo=63, routed)          1.747     1.747    datapath/video_inst/Inst_vga/sig_gen/horizontal_counter/CLK
    SLICE_X153Y132       FDRE                                         r  datapath/video_inst/Inst_vga/sig_gen/horizontal_counter/processQ_reg[2]/C
  -------------------------------------------------------------------    -------------------
    SLICE_X153Y132       FDRE (Prop_fdre_C_Q)         0.456     2.203 r  datapath/video_inst/Inst_vga/sig_gen/horizontal_counter/processQ_reg[2]/Q
                         net (fo=60, routed)          1.659     3.863    datapath/video_inst/Inst_vga/sig_gen/horizontal_counter/Q[2]
    SLICE_X157Y128       LUT2 (Prop_lut2_I0_O)        0.124     3.987 r  datapath/video_inst/Inst_vga/sig_gen/horizontal_counter/is_trigger_time5_carry_i_2/O
                         net (fo=1, routed)           0.000     3.987    datapath/video_inst/Inst_vga/col_map/is_trigger_time1_carry_i_4[2]
    SLICE_X157Y128       CARRY4 (Prop_carry4_S[2]_CO[3])
                                                      0.398     4.385 r  datapath/video_inst/Inst_vga/col_map/is_trigger_time5_carry/CO[3]
                         net (fo=1, routed)           0.000     4.385    datapath/video_inst/Inst_vga/col_map/is_trigger_time5_carry_n_0
    SLICE_X157Y129       CARRY4 (Prop_carry4_CI_O[0])
                                                      0.222     4.607 f  datapath/video_inst/Inst_vga/col_map/is_trigger_time5_carry__0/O[0]
                         net (fo=3, routed)           0.963     5.570    datapath/video_inst/Inst_vga/col_map/is_trigger_time5[4]
    SLICE_X157Y125       LUT1 (Prop_lut1_I0_O)        0.299     5.869 r  datapath/video_inst/Inst_vga/col_map/i__carry_i_2__0/O
                         net (fo=1, routed)           0.000     5.869    datapath/video_inst/Inst_vga/col_map/i__carry_i_2__0_n_0
    SLICE_X157Y125       CARRY4 (Prop_carry4_S[3]_CO[3])
                                                      0.401     6.270 r  datapath/video_inst/Inst_vga/col_map/_inferred__6/i__carry/CO[3]
                         net (fo=1, routed)           0.000     6.270    datapath/video_inst/Inst_vga/col_map/_inferred__6/i__carry_n_0
    SLICE_X157Y126       CARRY4 (Prop_carry4_CI_O[1])
                                                      0.334     6.604 f  datapath/video_inst/Inst_vga/col_map/_inferred__6/i__carry__0/O[1]
                         net (fo=2, routed)           0.978     7.583    datapath/video_inst/Inst_vga/col_map/is_trigger_time3[5]
    SLICE_X156Y129       LUT3 (Prop_lut3_I2_O)        0.331     7.914 f  datapath/video_inst/Inst_vga/col_map/is_trigger_time1_carry_i_11/O
                         net (fo=1, routed)           0.162     8.075    datapath/video_inst/Inst_vga/sig_gen/vertical_counter/is_trigger_time1_carry_3
    SLICE_X156Y129       LUT6 (Prop_lut6_I5_O)        0.326     8.401 r  datapath/video_inst/Inst_vga/sig_gen/vertical_counter/is_trigger_time1_carry_i_1/O
                         net (fo=1, routed)           0.903     9.305    datapath/video_inst/Inst_vga/col_map/is_trigger_time1_carry__0_0[3]
    SLICE_X156Y125       CARRY4 (Prop_carry4_DI[3]_CO[3])
                                                      0.385     9.690 r  datapath/video_inst/Inst_vga/col_map/is_trigger_time1_carry/CO[3]
                         net (fo=1, routed)           0.000     9.690    datapath/video_inst/Inst_vga/col_map/is_trigger_time1_carry_n_0
    SLICE_X156Y126       CARRY4 (Prop_carry4_CI_CO[3])
                                                      0.114     9.804 r  datapath/video_inst/Inst_vga/col_map/is_trigger_time1_carry__0/CO[3]
                         net (fo=1, routed)           0.000     9.804    datapath/video_inst/Inst_vga/col_map/is_trigger_time1_carry__0_n_0
    SLICE_X156Y127       CARRY4 (Prop_carry4_CI_CO[3])
                                                      0.114     9.918 r  datapath/video_inst/Inst_vga/col_map/is_trigger_time1_carry__1/CO[3]
                         net (fo=1, routed)           0.000     9.918    datapath/video_inst/Inst_vga/col_map/is_trigger_time1_carry__1_n_0
    SLICE_X156Y128       CARRY4 (Prop_carry4_CI_CO[3])
                                                      0.114    10.032 f  datapath/video_inst/Inst_vga/col_map/is_trigger_time1_carry__2/CO[3]
                         net (fo=1, routed)           0.615    10.646    datapath/video_inst/Inst_vga/sig_gen/vertical_counter/dc_bias[2]_i_5__0[0]
    SLICE_X156Y129       LUT5 (Prop_lut5_I2_O)        0.124    10.770 f  datapath/video_inst/Inst_vga/sig_gen/vertical_counter/dc_bias[2]_i_11/O
                         net (fo=1, routed)           0.515    11.285    datapath/video_inst/Inst_vga/sig_gen/horizontal_counter/dc_bias[2]_i_2__0_0
    SLICE_X155Y130       LUT5 (Prop_lut5_I1_O)        0.124    11.409 f  datapath/video_inst/Inst_vga/sig_gen/horizontal_counter/dc_bias[2]_i_5__0/O
                         net (fo=4, routed)           1.235    12.644    datapath/video_inst/Inst_vga/sig_gen/horizontal_counter/dc_bias[2]_i_5__0_n_0
    SLICE_X157Y134       LUT5 (Prop_lut5_I4_O)        0.150    12.794 f  datapath/video_inst/Inst_vga/sig_gen/horizontal_counter/dc_bias[3]_i_8__0/O
                         net (fo=1, routed)           0.436    13.230    datapath/video_inst/Inst_vga/sig_gen/horizontal_counter/dc_bias[3]_i_8__0_n_0
    SLICE_X157Y134       LUT6 (Prop_lut6_I5_O)        0.326    13.556 r  datapath/video_inst/Inst_vga/sig_gen/horizontal_counter/dc_bias[3]_i_2__1/O
                         net (fo=10, routed)          0.469    14.025    datapath/video_inst/inst_dvid/TDMS_encoder_blue/dc_bias_reg[1]_1
    SLICE_X158Y133       LUT2 (Prop_lut2_I1_O)        0.124    14.149 f  datapath/video_inst/inst_dvid/TDMS_encoder_blue/dc_bias[2]_i_3/O
                         net (fo=5, routed)           0.889    15.038    datapath/video_inst/inst_dvid/TDMS_encoder_blue/dc_bias_reg[3]_0
    SLICE_X159Y133       LUT6 (Prop_lut6_I1_O)        0.124    15.162 r  datapath/video_inst/inst_dvid/TDMS_encoder_blue/dc_bias[2]_i_1/O
                         net (fo=1, routed)           0.000    15.162    datapath/video_inst/inst_dvid/TDMS_encoder_blue/dc_bias[2]_i_1_n_0
    SLICE_X159Y133       FDRE                                         r  datapath/video_inst/inst_dvid/TDMS_encoder_blue/dc_bias_reg[2]/D
  -------------------------------------------------------------------    -------------------

                         (clock clk_out1_clk_wiz_0 rise edge)
                                                     40.000    40.000 r  
    BUFGCTRL_X0Y2        BUFG                         0.000    40.000 r  clk_IBUF_BUFG_inst/O
                         net (fo=297, routed)         1.972    41.972    datapath/video_inst/mmcm_adv_inst_display_clocks/inst/clk_in1
    MMCME2_ADV_X1Y0      MMCME2_ADV (Prop_mmcme2_adv_CLKIN1_CLKOUT0)
                                                     -4.637    37.335 r  datapath/video_inst/mmcm_adv_inst_display_clocks/inst/mmcm_adv_inst/CLKOUT0
                         net (fo=1, routed)           2.574    39.909    datapath/video_inst/mmcm_adv_inst_display_clocks/inst/clk_out1_clk_wiz_0
    BUFGCTRL_X0Y4        BUFG (Prop_bufg_I_O)         0.091    40.000 r  datapath/video_inst/mmcm_adv_inst_display_clocks/inst/clkout1_buf/O
                         net (fo=63, routed)          1.704    41.704    datapath/video_inst/inst_dvid/TDMS_encoder_blue/CLK
    SLICE_X159Y133       FDRE                                         r  datapath/video_inst/inst_dvid/TDMS_encoder_blue/dc_bias_reg[2]/C
                         clock pessimism              0.075    41.779    
                         clock uncertainty           -0.095    41.685    
    SLICE_X159Y133       FDRE (Setup_fdre_C_D)        0.029    41.714    datapath/video_inst/inst_dvid/TDMS_encoder_blue/dc_bias_reg[2]
  -------------------------------------------------------------------
                         required time                         41.714    
                         arrival time                         -15.162    
  -------------------------------------------------------------------
                         slack                                 26.552    

Slack (MET) :             26.956ns  (required time - arrival time)
  Source:                 datapath/video_inst/Inst_vga/sig_gen/horizontal_counter/processQ_reg[2]/C
                            (rising edge-triggered cell FDRE clocked by clk_out1_clk_wiz_0  {rise@0.000ns fall@20.000ns period=40.000ns})
  Destination:            datapath/video_inst/inst_dvid/TDMS_encoder_blue/dc_bias_reg[0]/D
                            (rising edge-triggered cell FDRE clocked by clk_out1_clk_wiz_0  {rise@0.000ns fall@20.000ns period=40.000ns})
  Path Group:             clk_out1_clk_wiz_0
  Path Type:              Setup (Max at Slow Process Corner)
  Requirement:            40.000ns  (clk_out1_clk_wiz_0 rise@40.000ns - clk_out1_clk_wiz_0 rise@0.000ns)
  Data Path Delay:        13.012ns  (logic 4.590ns (35.274%)  route 8.422ns (64.726%))
  Logic Levels:           18  (CARRY4=8 LUT1=1 LUT2=2 LUT3=1 LUT5=3 LUT6=3)
  Clock Path Skew:        0.032ns (DCD - SCD + CPR)
    Destination Clock Delay (DCD):    1.704ns = ( 41.704 - 40.000 ) 
    Source Clock Delay      (SCD):    1.747ns
    Clock Pessimism Removal (CPR):    0.075ns
  Clock Uncertainty:      0.095ns  ((TSJ^2 + DJ^2)^1/2) / 2 + PE
    Total System Jitter     (TSJ):    0.071ns
    Discrete Jitter          (DJ):    0.175ns
    Phase Error              (PE):    0.000ns

    Location             Delay type                Incr(ns)  Path(ns)    Netlist Resource(s)
  -------------------------------------------------------------------    -------------------
                         (clock clk_out1_clk_wiz_0 rise edge)
                                                      0.000     0.000 r  
    BUFGCTRL_X0Y2        BUFG                         0.000     0.000 r  clk_IBUF_BUFG_inst/O
                         net (fo=297, routed)         2.106     2.106    datapath/video_inst/mmcm_adv_inst_display_clocks/inst/clk_in1
    MMCME2_ADV_X1Y0      MMCME2_ADV (Prop_mmcme2_adv_CLKIN1_CLKOUT0)
                                                     -4.900    -2.793 r  datapath/video_inst/mmcm_adv_inst_display_clocks/inst/mmcm_adv_inst/CLKOUT0
                         net (fo=1, routed)           2.697    -0.096    datapath/video_inst/mmcm_adv_inst_display_clocks/inst/clk_out1_clk_wiz_0
    BUFGCTRL_X0Y4        BUFG (Prop_bufg_I_O)         0.096    -0.000 r  datapath/video_inst/mmcm_adv_inst_display_clocks/inst/clkout1_buf/O
                         net (fo=63, routed)          1.747     1.747    datapath/video_inst/Inst_vga/sig_gen/horizontal_counter/CLK
    SLICE_X153Y132       FDRE                                         r  datapath/video_inst/Inst_vga/sig_gen/horizontal_counter/processQ_reg[2]/C
  -------------------------------------------------------------------    -------------------
    SLICE_X153Y132       FDRE (Prop_fdre_C_Q)         0.456     2.203 r  datapath/video_inst/Inst_vga/sig_gen/horizontal_counter/processQ_reg[2]/Q
                         net (fo=60, routed)          1.659     3.863    datapath/video_inst/Inst_vga/sig_gen/horizontal_counter/Q[2]
    SLICE_X157Y128       LUT2 (Prop_lut2_I0_O)        0.124     3.987 r  datapath/video_inst/Inst_vga/sig_gen/horizontal_counter/is_trigger_time5_carry_i_2/O
                         net (fo=1, routed)           0.000     3.987    datapath/video_inst/Inst_vga/col_map/is_trigger_time1_carry_i_4[2]
    SLICE_X157Y128       CARRY4 (Prop_carry4_S[2]_CO[3])
                                                      0.398     4.385 r  datapath/video_inst/Inst_vga/col_map/is_trigger_time5_carry/CO[3]
                         net (fo=1, routed)           0.000     4.385    datapath/video_inst/Inst_vga/col_map/is_trigger_time5_carry_n_0
    SLICE_X157Y129       CARRY4 (Prop_carry4_CI_O[0])
                                                      0.222     4.607 f  datapath/video_inst/Inst_vga/col_map/is_trigger_time5_carry__0/O[0]
                         net (fo=3, routed)           0.963     5.570    datapath/video_inst/Inst_vga/col_map/is_trigger_time5[4]
    SLICE_X157Y125       LUT1 (Prop_lut1_I0_O)        0.299     5.869 r  datapath/video_inst/Inst_vga/col_map/i__carry_i_2__0/O
                         net (fo=1, routed)           0.000     5.869    datapath/video_inst/Inst_vga/col_map/i__carry_i_2__0_n_0
    SLICE_X157Y125       CARRY4 (Prop_carry4_S[3]_CO[3])
                                                      0.401     6.270 r  datapath/video_inst/Inst_vga/col_map/_inferred__6/i__carry/CO[3]
                         net (fo=1, routed)           0.000     6.270    datapath/video_inst/Inst_vga/col_map/_inferred__6/i__carry_n_0
    SLICE_X157Y126       CARRY4 (Prop_carry4_CI_O[1])
                                                      0.334     6.604 f  datapath/video_inst/Inst_vga/col_map/_inferred__6/i__carry__0/O[1]
                         net (fo=2, routed)           0.978     7.583    datapath/video_inst/Inst_vga/col_map/is_trigger_time3[5]
    SLICE_X156Y129       LUT3 (Prop_lut3_I2_O)        0.331     7.914 f  datapath/video_inst/Inst_vga/col_map/is_trigger_time1_carry_i_11/O
                         net (fo=1, routed)           0.162     8.075    datapath/video_inst/Inst_vga/sig_gen/vertical_counter/is_trigger_time1_carry_3
    SLICE_X156Y129       LUT6 (Prop_lut6_I5_O)        0.326     8.401 r  datapath/video_inst/Inst_vga/sig_gen/vertical_counter/is_trigger_time1_carry_i_1/O
                         net (fo=1, routed)           0.903     9.305    datapath/video_inst/Inst_vga/col_map/is_trigger_time1_carry__0_0[3]
    SLICE_X156Y125       CARRY4 (Prop_carry4_DI[3]_CO[3])
                                                      0.385     9.690 r  datapath/video_inst/Inst_vga/col_map/is_trigger_time1_carry/CO[3]
                         net (fo=1, routed)           0.000     9.690    datapath/video_inst/Inst_vga/col_map/is_trigger_time1_carry_n_0
    SLICE_X156Y126       CARRY4 (Prop_carry4_CI_CO[3])
                                                      0.114     9.804 r  datapath/video_inst/Inst_vga/col_map/is_trigger_time1_carry__0/CO[3]
                         net (fo=1, routed)           0.000     9.804    datapath/video_inst/Inst_vga/col_map/is_trigger_time1_carry__0_n_0
    SLICE_X156Y127       CARRY4 (Prop_carry4_CI_CO[3])
                                                      0.114     9.918 r  datapath/video_inst/Inst_vga/col_map/is_trigger_time1_carry__1/CO[3]
                         net (fo=1, routed)           0.000     9.918    datapath/video_inst/Inst_vga/col_map/is_trigger_time1_carry__1_n_0
    SLICE_X156Y128       CARRY4 (Prop_carry4_CI_CO[3])
                                                      0.114    10.032 f  datapath/video_inst/Inst_vga/col_map/is_trigger_time1_carry__2/CO[3]
                         net (fo=1, routed)           0.615    10.646    datapath/video_inst/Inst_vga/sig_gen/vertical_counter/dc_bias[2]_i_5__0[0]
    SLICE_X156Y129       LUT5 (Prop_lut5_I2_O)        0.124    10.770 f  datapath/video_inst/Inst_vga/sig_gen/vertical_counter/dc_bias[2]_i_11/O
                         net (fo=1, routed)           0.515    11.285    datapath/video_inst/Inst_vga/sig_gen/horizontal_counter/dc_bias[2]_i_2__0_0
    SLICE_X155Y130       LUT5 (Prop_lut5_I1_O)        0.124    11.409 f  datapath/video_inst/Inst_vga/sig_gen/horizontal_counter/dc_bias[2]_i_5__0/O
                         net (fo=4, routed)           1.235    12.644    datapath/video_inst/Inst_vga/sig_gen/horizontal_counter/dc_bias[2]_i_5__0_n_0
    SLICE_X157Y134       LUT5 (Prop_lut5_I4_O)        0.150    12.794 f  datapath/video_inst/Inst_vga/sig_gen/horizontal_counter/dc_bias[3]_i_8__0/O
                         net (fo=1, routed)           0.436    13.230    datapath/video_inst/Inst_vga/sig_gen/horizontal_counter/dc_bias[3]_i_8__0_n_0
    SLICE_X157Y134       LUT6 (Prop_lut6_I5_O)        0.326    13.556 r  datapath/video_inst/Inst_vga/sig_gen/horizontal_counter/dc_bias[3]_i_2__1/O
                         net (fo=10, routed)          0.469    14.025    datapath/video_inst/inst_dvid/TDMS_encoder_blue/dc_bias_reg[1]_1
    SLICE_X158Y133       LUT2 (Prop_lut2_I1_O)        0.124    14.149 r  datapath/video_inst/inst_dvid/TDMS_encoder_blue/dc_bias[2]_i_3/O
                         net (fo=5, routed)           0.487    14.636    datapath/video_inst/inst_dvid/TDMS_encoder_blue/dc_bias_reg[3]_0
    SLICE_X159Y133       LUT6 (Prop_lut6_I5_O)        0.124    14.760 r  datapath/video_inst/inst_dvid/TDMS_encoder_blue/dc_bias[0]_i_1__1/O
                         net (fo=1, routed)           0.000    14.760    datapath/video_inst/inst_dvid/TDMS_encoder_blue/dc_bias[0]_i_1__1_n_0
    SLICE_X159Y133       FDRE                                         r  datapath/video_inst/inst_dvid/TDMS_encoder_blue/dc_bias_reg[0]/D
  -------------------------------------------------------------------    -------------------

                         (clock clk_out1_clk_wiz_0 rise edge)
                                                     40.000    40.000 r  
    BUFGCTRL_X0Y2        BUFG                         0.000    40.000 r  clk_IBUF_BUFG_inst/O
                         net (fo=297, routed)         1.972    41.972    datapath/video_inst/mmcm_adv_inst_display_clocks/inst/clk_in1
    MMCME2_ADV_X1Y0      MMCME2_ADV (Prop_mmcme2_adv_CLKIN1_CLKOUT0)
                                                     -4.637    37.335 r  datapath/video_inst/mmcm_adv_inst_display_clocks/inst/mmcm_adv_inst/CLKOUT0
                         net (fo=1, routed)           2.574    39.909    datapath/video_inst/mmcm_adv_inst_display_clocks/inst/clk_out1_clk_wiz_0
    BUFGCTRL_X0Y4        BUFG (Prop_bufg_I_O)         0.091    40.000 r  datapath/video_inst/mmcm_adv_inst_display_clocks/inst/clkout1_buf/O
                         net (fo=63, routed)          1.704    41.704    datapath/video_inst/inst_dvid/TDMS_encoder_blue/CLK
    SLICE_X159Y133       FDRE                                         r  datapath/video_inst/inst_dvid/TDMS_encoder_blue/dc_bias_reg[0]/C
                         clock pessimism              0.075    41.779    
                         clock uncertainty           -0.095    41.685    
    SLICE_X159Y133       FDRE (Setup_fdre_C_D)        0.031    41.716    datapath/video_inst/inst_dvid/TDMS_encoder_blue/dc_bias_reg[0]
  -------------------------------------------------------------------
                         required time                         41.716    
                         arrival time                         -14.760    
  -------------------------------------------------------------------
                         slack                                 26.956    

Slack (MET) :             26.973ns  (required time - arrival time)
  Source:                 datapath/video_inst/Inst_vga/sig_gen/horizontal_counter/processQ_reg[2]/C
                            (rising edge-triggered cell FDRE clocked by clk_out1_clk_wiz_0  {rise@0.000ns fall@20.000ns period=40.000ns})
  Destination:            datapath/video_inst/inst_dvid/TDMS_encoder_red/dc_bias_reg[2]/D
                            (rising edge-triggered cell FDRE clocked by clk_out1_clk_wiz_0  {rise@0.000ns fall@20.000ns period=40.000ns})
  Path Group:             clk_out1_clk_wiz_0
  Path Type:              Setup (Max at Slow Process Corner)
  Requirement:            40.000ns  (clk_out1_clk_wiz_0 rise@40.000ns - clk_out1_clk_wiz_0 rise@0.000ns)
  Data Path Delay:        12.997ns  (logic 4.466ns (34.362%)  route 8.531ns (65.638%))
  Logic Levels:           17  (CARRY4=8 LUT1=1 LUT2=1 LUT3=1 LUT5=4 LUT6=2)
  Clock Path Skew:        0.034ns (DCD - SCD + CPR)
    Destination Clock Delay (DCD):    1.706ns = ( 41.706 - 40.000 ) 
    Source Clock Delay      (SCD):    1.747ns
    Clock Pessimism Removal (CPR):    0.075ns
  Clock Uncertainty:      0.095ns  ((TSJ^2 + DJ^2)^1/2) / 2 + PE
    Total System Jitter     (TSJ):    0.071ns
    Discrete Jitter          (DJ):    0.175ns
    Phase Error              (PE):    0.000ns

    Location             Delay type                Incr(ns)  Path(ns)    Netlist Resource(s)
  -------------------------------------------------------------------    -------------------
                         (clock clk_out1_clk_wiz_0 rise edge)
                                                      0.000     0.000 r  
    BUFGCTRL_X0Y2        BUFG                         0.000     0.000 r  clk_IBUF_BUFG_inst/O
                         net (fo=297, routed)         2.106     2.106    datapath/video_inst/mmcm_adv_inst_display_clocks/inst/clk_in1
    MMCME2_ADV_X1Y0      MMCME2_ADV (Prop_mmcme2_adv_CLKIN1_CLKOUT0)
                                                     -4.900    -2.793 r  datapath/video_inst/mmcm_adv_inst_display_clocks/inst/mmcm_adv_inst/CLKOUT0
                         net (fo=1, routed)           2.697    -0.096    datapath/video_inst/mmcm_adv_inst_display_clocks/inst/clk_out1_clk_wiz_0
    BUFGCTRL_X0Y4        BUFG (Prop_bufg_I_O)         0.096    -0.000 r  datapath/video_inst/mmcm_adv_inst_display_clocks/inst/clkout1_buf/O
                         net (fo=63, routed)          1.747     1.747    datapath/video_inst/Inst_vga/sig_gen/horizontal_counter/CLK
    SLICE_X153Y132       FDRE                                         r  datapath/video_inst/Inst_vga/sig_gen/horizontal_counter/processQ_reg[2]/C
  -------------------------------------------------------------------    -------------------
    SLICE_X153Y132       FDRE (Prop_fdre_C_Q)         0.456     2.203 r  datapath/video_inst/Inst_vga/sig_gen/horizontal_counter/processQ_reg[2]/Q
                         net (fo=60, routed)          1.659     3.863    datapath/video_inst/Inst_vga/sig_gen/horizontal_counter/Q[2]
    SLICE_X157Y128       LUT2 (Prop_lut2_I0_O)        0.124     3.987 r  datapath/video_inst/Inst_vga/sig_gen/horizontal_counter/is_trigger_time5_carry_i_2/O
                         net (fo=1, routed)           0.000     3.987    datapath/video_inst/Inst_vga/col_map/is_trigger_time1_carry_i_4[2]
    SLICE_X157Y128       CARRY4 (Prop_carry4_S[2]_CO[3])
                                                      0.398     4.385 r  datapath/video_inst/Inst_vga/col_map/is_trigger_time5_carry/CO[3]
                         net (fo=1, routed)           0.000     4.385    datapath/video_inst/Inst_vga/col_map/is_trigger_time5_carry_n_0
    SLICE_X157Y129       CARRY4 (Prop_carry4_CI_O[0])
                                                      0.222     4.607 f  datapath/video_inst/Inst_vga/col_map/is_trigger_time5_carry__0/O[0]
                         net (fo=3, routed)           0.963     5.570    datapath/video_inst/Inst_vga/col_map/is_trigger_time5[4]
    SLICE_X157Y125       LUT1 (Prop_lut1_I0_O)        0.299     5.869 r  datapath/video_inst/Inst_vga/col_map/i__carry_i_2__0/O
                         net (fo=1, routed)           0.000     5.869    datapath/video_inst/Inst_vga/col_map/i__carry_i_2__0_n_0
    SLICE_X157Y125       CARRY4 (Prop_carry4_S[3]_CO[3])
                                                      0.401     6.270 r  datapath/video_inst/Inst_vga/col_map/_inferred__6/i__carry/CO[3]
                         net (fo=1, routed)           0.000     6.270    datapath/video_inst/Inst_vga/col_map/_inferred__6/i__carry_n_0
    SLICE_X157Y126       CARRY4 (Prop_carry4_CI_O[1])
                                                      0.334     6.604 f  datapath/video_inst/Inst_vga/col_map/_inferred__6/i__carry__0/O[1]
                         net (fo=2, routed)           0.978     7.583    datapath/video_inst/Inst_vga/col_map/is_trigger_time3[5]
    SLICE_X156Y129       LUT3 (Prop_lut3_I2_O)        0.331     7.914 f  datapath/video_inst/Inst_vga/col_map/is_trigger_time1_carry_i_11/O
                         net (fo=1, routed)           0.162     8.075    datapath/video_inst/Inst_vga/sig_gen/vertical_counter/is_trigger_time1_carry_3
    SLICE_X156Y129       LUT6 (Prop_lut6_I5_O)        0.326     8.401 r  datapath/video_inst/Inst_vga/sig_gen/vertical_counter/is_trigger_time1_carry_i_1/O
                         net (fo=1, routed)           0.903     9.305    datapath/video_inst/Inst_vga/col_map/is_trigger_time1_carry__0_0[3]
    SLICE_X156Y125       CARRY4 (Prop_carry4_DI[3]_CO[3])
                                                      0.385     9.690 r  datapath/video_inst/Inst_vga/col_map/is_trigger_time1_carry/CO[3]
                         net (fo=1, routed)           0.000     9.690    datapath/video_inst/Inst_vga/col_map/is_trigger_time1_carry_n_0
    SLICE_X156Y126       CARRY4 (Prop_carry4_CI_CO[3])
                                                      0.114     9.804 r  datapath/video_inst/Inst_vga/col_map/is_trigger_time1_carry__0/CO[3]
                         net (fo=1, routed)           0.000     9.804    datapath/video_inst/Inst_vga/col_map/is_trigger_time1_carry__0_n_0
    SLICE_X156Y127       CARRY4 (Prop_carry4_CI_CO[3])
                                                      0.114     9.918 r  datapath/video_inst/Inst_vga/col_map/is_trigger_time1_carry__1/CO[3]
                         net (fo=1, routed)           0.000     9.918    datapath/video_inst/Inst_vga/col_map/is_trigger_time1_carry__1_n_0
    SLICE_X156Y128       CARRY4 (Prop_carry4_CI_CO[3])
                                                      0.114    10.032 f  datapath/video_inst/Inst_vga/col_map/is_trigger_time1_carry__2/CO[3]
                         net (fo=1, routed)           0.615    10.646    datapath/video_inst/Inst_vga/sig_gen/vertical_counter/dc_bias[2]_i_5__0[0]
    SLICE_X156Y129       LUT5 (Prop_lut5_I2_O)        0.124    10.770 f  datapath/video_inst/Inst_vga/sig_gen/vertical_counter/dc_bias[2]_i_11/O
                         net (fo=1, routed)           0.515    11.285    datapath/video_inst/Inst_vga/sig_gen/horizontal_counter/dc_bias[2]_i_2__0_0
    SLICE_X155Y130       LUT5 (Prop_lut5_I1_O)        0.124    11.409 f  datapath/video_inst/Inst_vga/sig_gen/horizontal_counter/dc_bias[2]_i_5__0/O
                         net (fo=4, routed)           1.235    12.644    datapath/video_inst/Inst_vga/sig_gen/horizontal_counter/dc_bias[2]_i_5__0_n_0
    SLICE_X157Y134       LUT5 (Prop_lut5_I4_O)        0.150    12.794 f  datapath/video_inst/Inst_vga/sig_gen/horizontal_counter/dc_bias[3]_i_8__0/O
                         net (fo=1, routed)           0.436    13.230    datapath/video_inst/Inst_vga/sig_gen/horizontal_counter/dc_bias[3]_i_8__0_n_0
    SLICE_X157Y134       LUT6 (Prop_lut6_I5_O)        0.326    13.556 r  datapath/video_inst/Inst_vga/sig_gen/horizontal_counter/dc_bias[3]_i_2__1/O
                         net (fo=10, routed)          1.064    14.620    datapath/video_inst/inst_dvid/TDMS_encoder_red/dc_bias_reg[1]_0
    SLICE_X161Y133       LUT5 (Prop_lut5_I2_O)        0.124    14.744 r  datapath/video_inst/inst_dvid/TDMS_encoder_red/dc_bias[2]_i_1__1/O
                         net (fo=1, routed)           0.000    14.744    datapath/video_inst/inst_dvid/TDMS_encoder_red/dc_bias[2]_i_1__1_n_0
    SLICE_X161Y133       FDRE                                         r  datapath/video_inst/inst_dvid/TDMS_encoder_red/dc_bias_reg[2]/D
  -------------------------------------------------------------------    -------------------

                         (clock clk_out1_clk_wiz_0 rise edge)
                                                     40.000    40.000 r  
    BUFGCTRL_X0Y2        BUFG                         0.000    40.000 r  clk_IBUF_BUFG_inst/O
                         net (fo=297, routed)         1.972    41.972    datapath/video_inst/mmcm_adv_inst_display_clocks/inst/clk_in1
    MMCME2_ADV_X1Y0      MMCME2_ADV (Prop_mmcme2_adv_CLKIN1_CLKOUT0)
                                                     -4.637    37.335 r  datapath/video_inst/mmcm_adv_inst_display_clocks/inst/mmcm_adv_inst/CLKOUT0
                         net (fo=1, routed)           2.574    39.909    datapath/video_inst/mmcm_adv_inst_display_clocks/inst/clk_out1_clk_wiz_0
    BUFGCTRL_X0Y4        BUFG (Prop_bufg_I_O)         0.091    40.000 r  datapath/video_inst/mmcm_adv_inst_display_clocks/inst/clkout1_buf/O
                         net (fo=63, routed)          1.706    41.706    datapath/video_inst/inst_dvid/TDMS_encoder_red/CLK
    SLICE_X161Y133       FDRE                                         r  datapath/video_inst/inst_dvid/TDMS_encoder_red/dc_bias_reg[2]/C
                         clock pessimism              0.075    41.781    
                         clock uncertainty           -0.095    41.687    
    SLICE_X161Y133       FDRE (Setup_fdre_C_D)        0.031    41.718    datapath/video_inst/inst_dvid/TDMS_encoder_red/dc_bias_reg[2]
  -------------------------------------------------------------------
                         required time                         41.718    
                         arrival time                         -14.744    
  -------------------------------------------------------------------
                         slack                                 26.973    

Slack (MET) :             26.984ns  (required time - arrival time)
  Source:                 datapath/video_inst/Inst_vga/sig_gen/horizontal_counter/processQ_reg[2]/C
                            (rising edge-triggered cell FDRE clocked by clk_out1_clk_wiz_0  {rise@0.000ns fall@20.000ns period=40.000ns})
  Destination:            datapath/video_inst/inst_dvid/TDMS_encoder_blue/encoded_reg[0]/D
                            (rising edge-triggered cell FDRE clocked by clk_out1_clk_wiz_0  {rise@0.000ns fall@20.000ns period=40.000ns})
  Path Group:             clk_out1_clk_wiz_0
  Path Type:              Setup (Max at Slow Process Corner)
  Requirement:            40.000ns  (clk_out1_clk_wiz_0 rise@40.000ns - clk_out1_clk_wiz_0 rise@0.000ns)
  Data Path Delay:        13.035ns  (logic 4.590ns (35.212%)  route 8.445ns (64.788%))
  Logic Levels:           18  (CARRY4=8 LUT1=1 LUT2=2 LUT3=1 LUT5=4 LUT6=2)
  Clock Path Skew:        0.033ns (DCD - SCD + CPR)
    Destination Clock Delay (DCD):    1.705ns = ( 41.705 - 40.000 ) 
    Source Clock Delay      (SCD):    1.747ns
    Clock Pessimism Removal (CPR):    0.075ns
  Clock Uncertainty:      0.095ns  ((TSJ^2 + DJ^2)^1/2) / 2 + PE
    Total System Jitter     (TSJ):    0.071ns
    Discrete Jitter          (DJ):    0.175ns
    Phase Error              (PE):    0.000ns

    Location             Delay type                Incr(ns)  Path(ns)    Netlist Resource(s)
  -------------------------------------------------------------------    -------------------
                         (clock clk_out1_clk_wiz_0 rise edge)
                                                      0.000     0.000 r  
    BUFGCTRL_X0Y2        BUFG                         0.000     0.000 r  clk_IBUF_BUFG_inst/O
                         net (fo=297, routed)         2.106     2.106    datapath/video_inst/mmcm_adv_inst_display_clocks/inst/clk_in1
    MMCME2_ADV_X1Y0      MMCME2_ADV (Prop_mmcme2_adv_CLKIN1_CLKOUT0)
                                                     -4.900    -2.793 r  datapath/video_inst/mmcm_adv_inst_display_clocks/inst/mmcm_adv_inst/CLKOUT0
                         net (fo=1, routed)           2.697    -0.096    datapath/video_inst/mmcm_adv_inst_display_clocks/inst/clk_out1_clk_wiz_0
    BUFGCTRL_X0Y4        BUFG (Prop_bufg_I_O)         0.096    -0.000 r  datapath/video_inst/mmcm_adv_inst_display_clocks/inst/clkout1_buf/O
                         net (fo=63, routed)          1.747     1.747    datapath/video_inst/Inst_vga/sig_gen/horizontal_counter/CLK
    SLICE_X153Y132       FDRE                                         r  datapath/video_inst/Inst_vga/sig_gen/horizontal_counter/processQ_reg[2]/C
  -------------------------------------------------------------------    -------------------
    SLICE_X153Y132       FDRE (Prop_fdre_C_Q)         0.456     2.203 r  datapath/video_inst/Inst_vga/sig_gen/horizontal_counter/processQ_reg[2]/Q
                         net (fo=60, routed)          1.659     3.863    datapath/video_inst/Inst_vga/sig_gen/horizontal_counter/Q[2]
    SLICE_X157Y128       LUT2 (Prop_lut2_I0_O)        0.124     3.987 r  datapath/video_inst/Inst_vga/sig_gen/horizontal_counter/is_trigger_time5_carry_i_2/O
                         net (fo=1, routed)           0.000     3.987    datapath/video_inst/Inst_vga/col_map/is_trigger_time1_carry_i_4[2]
    SLICE_X157Y128       CARRY4 (Prop_carry4_S[2]_CO[3])
                                                      0.398     4.385 r  datapath/video_inst/Inst_vga/col_map/is_trigger_time5_carry/CO[3]
                         net (fo=1, routed)           0.000     4.385    datapath/video_inst/Inst_vga/col_map/is_trigger_time5_carry_n_0
    SLICE_X157Y129       CARRY4 (Prop_carry4_CI_O[0])
                                                      0.222     4.607 f  datapath/video_inst/Inst_vga/col_map/is_trigger_time5_carry__0/O[0]
                         net (fo=3, routed)           0.963     5.570    datapath/video_inst/Inst_vga/col_map/is_trigger_time5[4]
    SLICE_X157Y125       LUT1 (Prop_lut1_I0_O)        0.299     5.869 r  datapath/video_inst/Inst_vga/col_map/i__carry_i_2__0/O
                         net (fo=1, routed)           0.000     5.869    datapath/video_inst/Inst_vga/col_map/i__carry_i_2__0_n_0
    SLICE_X157Y125       CARRY4 (Prop_carry4_S[3]_CO[3])
                                                      0.401     6.270 r  datapath/video_inst/Inst_vga/col_map/_inferred__6/i__carry/CO[3]
                         net (fo=1, routed)           0.000     6.270    datapath/video_inst/Inst_vga/col_map/_inferred__6/i__carry_n_0
    SLICE_X157Y126       CARRY4 (Prop_carry4_CI_O[1])
                                                      0.334     6.604 f  datapath/video_inst/Inst_vga/col_map/_inferred__6/i__carry__0/O[1]
                         net (fo=2, routed)           0.978     7.583    datapath/video_inst/Inst_vga/col_map/is_trigger_time3[5]
    SLICE_X156Y129       LUT3 (Prop_lut3_I2_O)        0.331     7.914 f  datapath/video_inst/Inst_vga/col_map/is_trigger_time1_carry_i_11/O
                         net (fo=1, routed)           0.162     8.075    datapath/video_inst/Inst_vga/sig_gen/vertical_counter/is_trigger_time1_carry_3
    SLICE_X156Y129       LUT6 (Prop_lut6_I5_O)        0.326     8.401 r  datapath/video_inst/Inst_vga/sig_gen/vertical_counter/is_trigger_time1_carry_i_1/O
                         net (fo=1, routed)           0.903     9.305    datapath/video_inst/Inst_vga/col_map/is_trigger_time1_carry__0_0[3]
    SLICE_X156Y125       CARRY4 (Prop_carry4_DI[3]_CO[3])
                                                      0.385     9.690 r  datapath/video_inst/Inst_vga/col_map/is_trigger_time1_carry/CO[3]
                         net (fo=1, routed)           0.000     9.690    datapath/video_inst/Inst_vga/col_map/is_trigger_time1_carry_n_0
    SLICE_X156Y126       CARRY4 (Prop_carry4_CI_CO[3])
                                                      0.114     9.804 r  datapath/video_inst/Inst_vga/col_map/is_trigger_time1_carry__0/CO[3]
                         net (fo=1, routed)           0.000     9.804    datapath/video_inst/Inst_vga/col_map/is_trigger_time1_carry__0_n_0
    SLICE_X156Y127       CARRY4 (Prop_carry4_CI_CO[3])
                                                      0.114     9.918 r  datapath/video_inst/Inst_vga/col_map/is_trigger_time1_carry__1/CO[3]
                         net (fo=1, routed)           0.000     9.918    datapath/video_inst/Inst_vga/col_map/is_trigger_time1_carry__1_n_0
    SLICE_X156Y128       CARRY4 (Prop_carry4_CI_CO[3])
                                                      0.114    10.032 f  datapath/video_inst/Inst_vga/col_map/is_trigger_time1_carry__2/CO[3]
                         net (fo=1, routed)           0.615    10.646    datapath/video_inst/Inst_vga/sig_gen/vertical_counter/dc_bias[2]_i_5__0[0]
    SLICE_X156Y129       LUT5 (Prop_lut5_I2_O)        0.124    10.770 f  datapath/video_inst/Inst_vga/sig_gen/vertical_counter/dc_bias[2]_i_11/O
                         net (fo=1, routed)           0.515    11.285    datapath/video_inst/Inst_vga/sig_gen/horizontal_counter/dc_bias[2]_i_2__0_0
    SLICE_X155Y130       LUT5 (Prop_lut5_I1_O)        0.124    11.409 f  datapath/video_inst/Inst_vga/sig_gen/horizontal_counter/dc_bias[2]_i_5__0/O
                         net (fo=4, routed)           1.235    12.644    datapath/video_inst/Inst_vga/sig_gen/horizontal_counter/dc_bias[2]_i_5__0_n_0
    SLICE_X157Y134       LUT5 (Prop_lut5_I4_O)        0.150    12.794 f  datapath/video_inst/Inst_vga/sig_gen/horizontal_counter/dc_bias[3]_i_8__0/O
                         net (fo=1, routed)           0.436    13.230    datapath/video_inst/Inst_vga/sig_gen/horizontal_counter/dc_bias[3]_i_8__0_n_0
    SLICE_X157Y134       LUT6 (Prop_lut6_I5_O)        0.326    13.556 r  datapath/video_inst/Inst_vga/sig_gen/horizontal_counter/dc_bias[3]_i_2__1/O
                         net (fo=10, routed)          0.469    14.025    datapath/video_inst/inst_dvid/TDMS_encoder_blue/dc_bias_reg[1]_1
    SLICE_X158Y133       LUT2 (Prop_lut2_I1_O)        0.124    14.149 r  datapath/video_inst/inst_dvid/TDMS_encoder_blue/dc_bias[2]_i_3/O
                         net (fo=5, routed)           0.510    14.659    datapath/video_inst/Inst_vga/sig_gen/horizontal_counter/encoded_reg[9]_1
    SLICE_X158Y134       LUT5 (Prop_lut5_I4_O)        0.124    14.783 r  datapath/video_inst/Inst_vga/sig_gen/horizontal_counter/encoded[0]_i_1/O
                         net (fo=1, routed)           0.000    14.783    datapath/video_inst/inst_dvid/TDMS_encoder_blue/encoded_reg[0]_0
    SLICE_X158Y134       FDRE                                         r  datapath/video_inst/inst_dvid/TDMS_encoder_blue/encoded_reg[0]/D
  -------------------------------------------------------------------    -------------------

                         (clock clk_out1_clk_wiz_0 rise edge)
                                                     40.000    40.000 r  
    BUFGCTRL_X0Y2        BUFG                         0.000    40.000 r  clk_IBUF_BUFG_inst/O
                         net (fo=297, routed)         1.972    41.972    datapath/video_inst/mmcm_adv_inst_display_clocks/inst/clk_in1
    MMCME2_ADV_X1Y0      MMCME2_ADV (Prop_mmcme2_adv_CLKIN1_CLKOUT0)
                                                     -4.637    37.335 r  datapath/video_inst/mmcm_adv_inst_display_clocks/inst/mmcm_adv_inst/CLKOUT0
                         net (fo=1, routed)           2.574    39.909    datapath/video_inst/mmcm_adv_inst_display_clocks/inst/clk_out1_clk_wiz_0
    BUFGCTRL_X0Y4        BUFG (Prop_bufg_I_O)         0.091    40.000 r  datapath/video_inst/mmcm_adv_inst_display_clocks/inst/clkout1_buf/O
                         net (fo=63, routed)          1.705    41.705    datapath/video_inst/inst_dvid/TDMS_encoder_blue/CLK
    SLICE_X158Y134       FDRE                                         r  datapath/video_inst/inst_dvid/TDMS_encoder_blue/encoded_reg[0]/C
                         clock pessimism              0.075    41.780    
                         clock uncertainty           -0.095    41.686    
    SLICE_X158Y134       FDRE (Setup_fdre_C_D)        0.081    41.767    datapath/video_inst/inst_dvid/TDMS_encoder_blue/encoded_reg[0]
  -------------------------------------------------------------------
                         required time                         41.767    
                         arrival time                         -14.783    
  -------------------------------------------------------------------
                         slack                                 26.984    

Slack (MET) :             26.989ns  (required time - arrival time)
  Source:                 datapath/video_inst/Inst_vga/sig_gen/horizontal_counter/processQ_reg[2]/C
                            (rising edge-triggered cell FDRE clocked by clk_out1_clk_wiz_0  {rise@0.000ns fall@20.000ns period=40.000ns})
  Destination:            datapath/video_inst/inst_dvid/TDMS_encoder_red/dc_bias_reg[1]/D
                            (rising edge-triggered cell FDRE clocked by clk_out1_clk_wiz_0  {rise@0.000ns fall@20.000ns period=40.000ns})
  Path Group:             clk_out1_clk_wiz_0
  Path Type:              Setup (Max at Slow Process Corner)
  Requirement:            40.000ns  (clk_out1_clk_wiz_0 rise@40.000ns - clk_out1_clk_wiz_0 rise@0.000ns)
  Data Path Delay:        13.025ns  (logic 4.492ns (34.488%)  route 8.533ns (65.512%))
  Logic Levels:           17  (CARRY4=8 LUT1=1 LUT2=1 LUT3=1 LUT4=1 LUT5=3 LUT6=2)
  Clock Path Skew:        0.034ns (DCD - SCD + CPR)
    Destination Clock Delay (DCD):    1.706ns = ( 41.706 - 40.000 ) 
    Source Clock Delay      (SCD):    1.747ns
    Clock Pessimism Removal (CPR):    0.075ns
  Clock Uncertainty:      0.095ns  ((TSJ^2 + DJ^2)^1/2) / 2 + PE
    Total System Jitter     (TSJ):    0.071ns
    Discrete Jitter          (DJ):    0.175ns
    Phase Error              (PE):    0.000ns

    Location             Delay type                Incr(ns)  Path(ns)    Netlist Resource(s)
  -------------------------------------------------------------------    -------------------
                         (clock clk_out1_clk_wiz_0 rise edge)
                                                      0.000     0.000 r  
    BUFGCTRL_X0Y2        BUFG                         0.000     0.000 r  clk_IBUF_BUFG_inst/O
                         net (fo=297, routed)         2.106     2.106    datapath/video_inst/mmcm_adv_inst_display_clocks/inst/clk_in1
    MMCME2_ADV_X1Y0      MMCME2_ADV (Prop_mmcme2_adv_CLKIN1_CLKOUT0)
                                                     -4.900    -2.793 r  datapath/video_inst/mmcm_adv_inst_display_clocks/inst/mmcm_adv_inst/CLKOUT0
                         net (fo=1, routed)           2.697    -0.096    datapath/video_inst/mmcm_adv_inst_display_clocks/inst/clk_out1_clk_wiz_0
    BUFGCTRL_X0Y4        BUFG (Prop_bufg_I_O)         0.096    -0.000 r  datapath/video_inst/mmcm_adv_inst_display_clocks/inst/clkout1_buf/O
                         net (fo=63, routed)          1.747     1.747    datapath/video_inst/Inst_vga/sig_gen/horizontal_counter/CLK
    SLICE_X153Y132       FDRE                                         r  datapath/video_inst/Inst_vga/sig_gen/horizontal_counter/processQ_reg[2]/C
  -------------------------------------------------------------------    -------------------
    SLICE_X153Y132       FDRE (Prop_fdre_C_Q)         0.456     2.203 r  datapath/video_inst/Inst_vga/sig_gen/horizontal_counter/processQ_reg[2]/Q
                         net (fo=60, routed)          1.659     3.863    datapath/video_inst/Inst_vga/sig_gen/horizontal_counter/Q[2]
    SLICE_X157Y128       LUT2 (Prop_lut2_I0_O)        0.124     3.987 r  datapath/video_inst/Inst_vga/sig_gen/horizontal_counter/is_trigger_time5_carry_i_2/O
                         net (fo=1, routed)           0.000     3.987    datapath/video_inst/Inst_vga/col_map/is_trigger_time1_carry_i_4[2]
    SLICE_X157Y128       CARRY4 (Prop_carry4_S[2]_CO[3])
                                                      0.398     4.385 r  datapath/video_inst/Inst_vga/col_map/is_trigger_time5_carry/CO[3]
                         net (fo=1, routed)           0.000     4.385    datapath/video_inst/Inst_vga/col_map/is_trigger_time5_carry_n_0
    SLICE_X157Y129       CARRY4 (Prop_carry4_CI_O[0])
                                                      0.222     4.607 f  datapath/video_inst/Inst_vga/col_map/is_trigger_time5_carry__0/O[0]
                         net (fo=3, routed)           0.963     5.570    datapath/video_inst/Inst_vga/col_map/is_trigger_time5[4]
    SLICE_X157Y125       LUT1 (Prop_lut1_I0_O)        0.299     5.869 r  datapath/video_inst/Inst_vga/col_map/i__carry_i_2__0/O
                         net (fo=1, routed)           0.000     5.869    datapath/video_inst/Inst_vga/col_map/i__carry_i_2__0_n_0
    SLICE_X157Y125       CARRY4 (Prop_carry4_S[3]_CO[3])
                                                      0.401     6.270 r  datapath/video_inst/Inst_vga/col_map/_inferred__6/i__carry/CO[3]
                         net (fo=1, routed)           0.000     6.270    datapath/video_inst/Inst_vga/col_map/_inferred__6/i__carry_n_0
    SLICE_X157Y126       CARRY4 (Prop_carry4_CI_O[1])
                                                      0.334     6.604 f  datapath/video_inst/Inst_vga/col_map/_inferred__6/i__carry__0/O[1]
                         net (fo=2, routed)           0.978     7.583    datapath/video_inst/Inst_vga/col_map/is_trigger_time3[5]
    SLICE_X156Y129       LUT3 (Prop_lut3_I2_O)        0.331     7.914 f  datapath/video_inst/Inst_vga/col_map/is_trigger_time1_carry_i_11/O
                         net (fo=1, routed)           0.162     8.075    datapath/video_inst/Inst_vga/sig_gen/vertical_counter/is_trigger_time1_carry_3
    SLICE_X156Y129       LUT6 (Prop_lut6_I5_O)        0.326     8.401 r  datapath/video_inst/Inst_vga/sig_gen/vertical_counter/is_trigger_time1_carry_i_1/O
                         net (fo=1, routed)           0.903     9.305    datapath/video_inst/Inst_vga/col_map/is_trigger_time1_carry__0_0[3]
    SLICE_X156Y125       CARRY4 (Prop_carry4_DI[3]_CO[3])
                                                      0.385     9.690 r  datapath/video_inst/Inst_vga/col_map/is_trigger_time1_carry/CO[3]
                         net (fo=1, routed)           0.000     9.690    datapath/video_inst/Inst_vga/col_map/is_trigger_time1_carry_n_0
    SLICE_X156Y126       CARRY4 (Prop_carry4_CI_CO[3])
                                                      0.114     9.804 r  datapath/video_inst/Inst_vga/col_map/is_trigger_time1_carry__0/CO[3]
                         net (fo=1, routed)           0.000     9.804    datapath/video_inst/Inst_vga/col_map/is_trigger_time1_carry__0_n_0
    SLICE_X156Y127       CARRY4 (Prop_carry4_CI_CO[3])
                                                      0.114     9.918 r  datapath/video_inst/Inst_vga/col_map/is_trigger_time1_carry__1/CO[3]
                         net (fo=1, routed)           0.000     9.918    datapath/video_inst/Inst_vga/col_map/is_trigger_time1_carry__1_n_0
    SLICE_X156Y128       CARRY4 (Prop_carry4_CI_CO[3])
                                                      0.114    10.032 f  datapath/video_inst/Inst_vga/col_map/is_trigger_time1_carry__2/CO[3]
                         net (fo=1, routed)           0.615    10.646    datapath/video_inst/Inst_vga/sig_gen/vertical_counter/dc_bias[2]_i_5__0[0]
    SLICE_X156Y129       LUT5 (Prop_lut5_I2_O)        0.124    10.770 f  datapath/video_inst/Inst_vga/sig_gen/vertical_counter/dc_bias[2]_i_11/O
                         net (fo=1, routed)           0.515    11.285    datapath/video_inst/Inst_vga/sig_gen/horizontal_counter/dc_bias[2]_i_2__0_0
    SLICE_X155Y130       LUT5 (Prop_lut5_I1_O)        0.124    11.409 f  datapath/video_inst/Inst_vga/sig_gen/horizontal_counter/dc_bias[2]_i_5__0/O
                         net (fo=4, routed)           1.235    12.644    datapath/video_inst/Inst_vga/sig_gen/horizontal_counter/dc_bias[2]_i_5__0_n_0
    SLICE_X157Y134       LUT5 (Prop_lut5_I4_O)        0.150    12.794 f  datapath/video_inst/Inst_vga/sig_gen/horizontal_counter/dc_bias[3]_i_8__0/O
                         net (fo=1, routed)           0.436    13.230    datapath/video_inst/Inst_vga/sig_gen/horizontal_counter/dc_bias[3]_i_8__0_n_0
    SLICE_X157Y134       LUT6 (Prop_lut6_I5_O)        0.326    13.556 r  datapath/video_inst/Inst_vga/sig_gen/horizontal_counter/dc_bias[3]_i_2__1/O
                         net (fo=10, routed)          1.066    14.622    datapath/video_inst/inst_dvid/TDMS_encoder_red/dc_bias_reg[1]_0
    SLICE_X161Y133       LUT4 (Prop_lut4_I2_O)        0.150    14.772 r  datapath/video_inst/inst_dvid/TDMS_encoder_red/dc_bias[1]_i_1__1/O
                         net (fo=1, routed)           0.000    14.772    datapath/video_inst/inst_dvid/TDMS_encoder_red/dc_bias[1]_i_1__1_n_0
    SLICE_X161Y133       FDRE                                         r  datapath/video_inst/inst_dvid/TDMS_encoder_red/dc_bias_reg[1]/D
  -------------------------------------------------------------------    -------------------

                         (clock clk_out1_clk_wiz_0 rise edge)
                                                     40.000    40.000 r  
    BUFGCTRL_X0Y2        BUFG                         0.000    40.000 r  clk_IBUF_BUFG_inst/O
                         net (fo=297, routed)         1.972    41.972    datapath/video_inst/mmcm_adv_inst_display_clocks/inst/clk_in1
    MMCME2_ADV_X1Y0      MMCME2_ADV (Prop_mmcme2_adv_CLKIN1_CLKOUT0)
                                                     -4.637    37.335 r  datapath/video_inst/mmcm_adv_inst_display_clocks/inst/mmcm_adv_inst/CLKOUT0
                         net (fo=1, routed)           2.574    39.909    datapath/video_inst/mmcm_adv_inst_display_clocks/inst/clk_out1_clk_wiz_0
    BUFGCTRL_X0Y4        BUFG (Prop_bufg_I_O)         0.091    40.000 r  datapath/video_inst/mmcm_adv_inst_display_clocks/inst/clkout1_buf/O
                         net (fo=63, routed)          1.706    41.706    datapath/video_inst/inst_dvid/TDMS_encoder_red/CLK
    SLICE_X161Y133       FDRE                                         r  datapath/video_inst/inst_dvid/TDMS_encoder_red/dc_bias_reg[1]/C
                         clock pessimism              0.075    41.781    
                         clock uncertainty           -0.095    41.687    
    SLICE_X161Y133       FDRE (Setup_fdre_C_D)        0.075    41.762    datapath/video_inst/inst_dvid/TDMS_encoder_red/dc_bias_reg[1]
  -------------------------------------------------------------------
                         required time                         41.762    
                         arrival time                         -14.772    
  -------------------------------------------------------------------
                         slack                                 26.989    

Slack (MET) :             26.991ns  (required time - arrival time)
  Source:                 datapath/video_inst/Inst_vga/sig_gen/horizontal_counter/processQ_reg[2]/C
                            (rising edge-triggered cell FDRE clocked by clk_out1_clk_wiz_0  {rise@0.000ns fall@20.000ns period=40.000ns})
  Destination:            datapath/video_inst/inst_dvid/TDMS_encoder_blue/encoded_reg[9]/D
                            (rising edge-triggered cell FDRE clocked by clk_out1_clk_wiz_0  {rise@0.000ns fall@20.000ns period=40.000ns})
  Path Group:             clk_out1_clk_wiz_0
  Path Type:              Setup (Max at Slow Process Corner)
  Requirement:            40.000ns  (clk_out1_clk_wiz_0 rise@40.000ns - clk_out1_clk_wiz_0 rise@0.000ns)
  Data Path Delay:        13.024ns  (logic 4.590ns (35.242%)  route 8.434ns (64.758%))
  Logic Levels:           18  (CARRY4=8 LUT1=1 LUT2=2 LUT3=1 LUT5=3 LUT6=3)
  Clock Path Skew:        0.033ns (DCD - SCD + CPR)
    Destination Clock Delay (DCD):    1.705ns = ( 41.705 - 40.000 ) 
    Source Clock Delay      (SCD):    1.747ns
    Clock Pessimism Removal (CPR):    0.075ns
  Clock Uncertainty:      0.095ns  ((TSJ^2 + DJ^2)^1/2) / 2 + PE
    Total System Jitter     (TSJ):    0.071ns
    Discrete Jitter          (DJ):    0.175ns
    Phase Error              (PE):    0.000ns

    Location             Delay type                Incr(ns)  Path(ns)    Netlist Resource(s)
  -------------------------------------------------------------------    -------------------
                         (clock clk_out1_clk_wiz_0 rise edge)
                                                      0.000     0.000 r  
    BUFGCTRL_X0Y2        BUFG                         0.000     0.000 r  clk_IBUF_BUFG_inst/O
                         net (fo=297, routed)         2.106     2.106    datapath/video_inst/mmcm_adv_inst_display_clocks/inst/clk_in1
    MMCME2_ADV_X1Y0      MMCME2_ADV (Prop_mmcme2_adv_CLKIN1_CLKOUT0)
                                                     -4.900    -2.793 r  datapath/video_inst/mmcm_adv_inst_display_clocks/inst/mmcm_adv_inst/CLKOUT0
                         net (fo=1, routed)           2.697    -0.096    datapath/video_inst/mmcm_adv_inst_display_clocks/inst/clk_out1_clk_wiz_0
    BUFGCTRL_X0Y4        BUFG (Prop_bufg_I_O)         0.096    -0.000 r  datapath/video_inst/mmcm_adv_inst_display_clocks/inst/clkout1_buf/O
                         net (fo=63, routed)          1.747     1.747    datapath/video_inst/Inst_vga/sig_gen/horizontal_counter/CLK
    SLICE_X153Y132       FDRE                                         r  datapath/video_inst/Inst_vga/sig_gen/horizontal_counter/processQ_reg[2]/C
  -------------------------------------------------------------------    -------------------
    SLICE_X153Y132       FDRE (Prop_fdre_C_Q)         0.456     2.203 r  datapath/video_inst/Inst_vga/sig_gen/horizontal_counter/processQ_reg[2]/Q
                         net (fo=60, routed)          1.659     3.863    datapath/video_inst/Inst_vga/sig_gen/horizontal_counter/Q[2]
    SLICE_X157Y128       LUT2 (Prop_lut2_I0_O)        0.124     3.987 r  datapath/video_inst/Inst_vga/sig_gen/horizontal_counter/is_trigger_time5_carry_i_2/O
                         net (fo=1, routed)           0.000     3.987    datapath/video_inst/Inst_vga/col_map/is_trigger_time1_carry_i_4[2]
    SLICE_X157Y128       CARRY4 (Prop_carry4_S[2]_CO[3])
                                                      0.398     4.385 r  datapath/video_inst/Inst_vga/col_map/is_trigger_time5_carry/CO[3]
                         net (fo=1, routed)           0.000     4.385    datapath/video_inst/Inst_vga/col_map/is_trigger_time5_carry_n_0
    SLICE_X157Y129       CARRY4 (Prop_carry4_CI_O[0])
                                                      0.222     4.607 f  datapath/video_inst/Inst_vga/col_map/is_trigger_time5_carry__0/O[0]
                         net (fo=3, routed)           0.963     5.570    datapath/video_inst/Inst_vga/col_map/is_trigger_time5[4]
    SLICE_X157Y125       LUT1 (Prop_lut1_I0_O)        0.299     5.869 r  datapath/video_inst/Inst_vga/col_map/i__carry_i_2__0/O
                         net (fo=1, routed)           0.000     5.869    datapath/video_inst/Inst_vga/col_map/i__carry_i_2__0_n_0
    SLICE_X157Y125       CARRY4 (Prop_carry4_S[3]_CO[3])
                                                      0.401     6.270 r  datapath/video_inst/Inst_vga/col_map/_inferred__6/i__carry/CO[3]
                         net (fo=1, routed)           0.000     6.270    datapath/video_inst/Inst_vga/col_map/_inferred__6/i__carry_n_0
    SLICE_X157Y126       CARRY4 (Prop_carry4_CI_O[1])
                                                      0.334     6.604 f  datapath/video_inst/Inst_vga/col_map/_inferred__6/i__carry__0/O[1]
                         net (fo=2, routed)           0.978     7.583    datapath/video_inst/Inst_vga/col_map/is_trigger_time3[5]
    SLICE_X156Y129       LUT3 (Prop_lut3_I2_O)        0.331     7.914 f  datapath/video_inst/Inst_vga/col_map/is_trigger_time1_carry_i_11/O
                         net (fo=1, routed)           0.162     8.075    datapath/video_inst/Inst_vga/sig_gen/vertical_counter/is_trigger_time1_carry_3
    SLICE_X156Y129       LUT6 (Prop_lut6_I5_O)        0.326     8.401 r  datapath/video_inst/Inst_vga/sig_gen/vertical_counter/is_trigger_time1_carry_i_1/O
                         net (fo=1, routed)           0.903     9.305    datapath/video_inst/Inst_vga/col_map/is_trigger_time1_carry__0_0[3]
    SLICE_X156Y125       CARRY4 (Prop_carry4_DI[3]_CO[3])
                                                      0.385     9.690 r  datapath/video_inst/Inst_vga/col_map/is_trigger_time1_carry/CO[3]
                         net (fo=1, routed)           0.000     9.690    datapath/video_inst/Inst_vga/col_map/is_trigger_time1_carry_n_0
    SLICE_X156Y126       CARRY4 (Prop_carry4_CI_CO[3])
                                                      0.114     9.804 r  datapath/video_inst/Inst_vga/col_map/is_trigger_time1_carry__0/CO[3]
                         net (fo=1, routed)           0.000     9.804    datapath/video_inst/Inst_vga/col_map/is_trigger_time1_carry__0_n_0
    SLICE_X156Y127       CARRY4 (Prop_carry4_CI_CO[3])
                                                      0.114     9.918 r  datapath/video_inst/Inst_vga/col_map/is_trigger_time1_carry__1/CO[3]
                         net (fo=1, routed)           0.000     9.918    datapath/video_inst/Inst_vga/col_map/is_trigger_time1_carry__1_n_0
    SLICE_X156Y128       CARRY4 (Prop_carry4_CI_CO[3])
                                                      0.114    10.032 f  datapath/video_inst/Inst_vga/col_map/is_trigger_time1_carry__2/CO[3]
                         net (fo=1, routed)           0.615    10.646    datapath/video_inst/Inst_vga/sig_gen/vertical_counter/dc_bias[2]_i_5__0[0]
    SLICE_X156Y129       LUT5 (Prop_lut5_I2_O)        0.124    10.770 f  datapath/video_inst/Inst_vga/sig_gen/vertical_counter/dc_bias[2]_i_11/O
                         net (fo=1, routed)           0.515    11.285    datapath/video_inst/Inst_vga/sig_gen/horizontal_counter/dc_bias[2]_i_2__0_0
    SLICE_X155Y130       LUT5 (Prop_lut5_I1_O)        0.124    11.409 f  datapath/video_inst/Inst_vga/sig_gen/horizontal_counter/dc_bias[2]_i_5__0/O
                         net (fo=4, routed)           1.235    12.644    datapath/video_inst/Inst_vga/sig_gen/horizontal_counter/dc_bias[2]_i_5__0_n_0
    SLICE_X157Y134       LUT5 (Prop_lut5_I4_O)        0.150    12.794 f  datapath/video_inst/Inst_vga/sig_gen/horizontal_counter/dc_bias[3]_i_8__0/O
                         net (fo=1, routed)           0.436    13.230    datapath/video_inst/Inst_vga/sig_gen/horizontal_counter/dc_bias[3]_i_8__0_n_0
    SLICE_X157Y134       LUT6 (Prop_lut6_I5_O)        0.326    13.556 r  datapath/video_inst/Inst_vga/sig_gen/horizontal_counter/dc_bias[3]_i_2__1/O
                         net (fo=10, routed)          0.469    14.025    datapath/video_inst/inst_dvid/TDMS_encoder_blue/dc_bias_reg[1]_1
    SLICE_X158Y133       LUT2 (Prop_lut2_I1_O)        0.124    14.149 f  datapath/video_inst/inst_dvid/TDMS_encoder_blue/dc_bias[2]_i_3/O
                         net (fo=5, routed)           0.499    14.648    datapath/video_inst/Inst_vga/sig_gen/horizontal_counter/encoded_reg[9]_1
    SLICE_X158Y134       LUT6 (Prop_lut6_I0_O)        0.124    14.772 r  datapath/video_inst/Inst_vga/sig_gen/horizontal_counter/TDMS_encoder_blue/encoded[9]_i_1/O
                         net (fo=1, routed)           0.000    14.772    datapath/video_inst/inst_dvid/TDMS_encoder_blue/encoded_reg[9]_0
    SLICE_X158Y134       FDRE                                         r  datapath/video_inst/inst_dvid/TDMS_encoder_blue/encoded_reg[9]/D
  -------------------------------------------------------------------    -------------------

                         (clock clk_out1_clk_wiz_0 rise edge)
                                                     40.000    40.000 r  
    BUFGCTRL_X0Y2        BUFG                         0.000    40.000 r  clk_IBUF_BUFG_inst/O
                         net (fo=297, routed)         1.972    41.972    datapath/video_inst/mmcm_adv_inst_display_clocks/inst/clk_in1
    MMCME2_ADV_X1Y0      MMCME2_ADV (Prop_mmcme2_adv_CLKIN1_CLKOUT0)
                                                     -4.637    37.335 r  datapath/video_inst/mmcm_adv_inst_display_clocks/inst/mmcm_adv_inst/CLKOUT0
                         net (fo=1, routed)           2.574    39.909    datapath/video_inst/mmcm_adv_inst_display_clocks/inst/clk_out1_clk_wiz_0
    BUFGCTRL_X0Y4        BUFG (Prop_bufg_I_O)         0.091    40.000 r  datapath/video_inst/mmcm_adv_inst_display_clocks/inst/clkout1_buf/O
                         net (fo=63, routed)          1.705    41.705    datapath/video_inst/inst_dvid/TDMS_encoder_blue/CLK
    SLICE_X158Y134       FDRE                                         r  datapath/video_inst/inst_dvid/TDMS_encoder_blue/encoded_reg[9]/C
                         clock pessimism              0.075    41.780    
                         clock uncertainty           -0.095    41.686    
    SLICE_X158Y134       FDRE (Setup_fdre_C_D)        0.077    41.763    datapath/video_inst/inst_dvid/TDMS_encoder_blue/encoded_reg[9]
  -------------------------------------------------------------------
                         required time                         41.763    
                         arrival time                         -14.772    
  -------------------------------------------------------------------
                         slack                                 26.991    

Slack (MET) :             26.991ns  (required time - arrival time)
  Source:                 datapath/video_inst/Inst_vga/sig_gen/horizontal_counter/processQ_reg[2]/C
                            (rising edge-triggered cell FDRE clocked by clk_out1_clk_wiz_0  {rise@0.000ns fall@20.000ns period=40.000ns})
  Destination:            datapath/video_inst/inst_dvid/TDMS_encoder_red/dc_bias_reg[3]/D
                            (rising edge-triggered cell FDRE clocked by clk_out1_clk_wiz_0  {rise@0.000ns fall@20.000ns period=40.000ns})
  Path Group:             clk_out1_clk_wiz_0
  Path Type:              Setup (Max at Slow Process Corner)
  Requirement:            40.000ns  (clk_out1_clk_wiz_0 rise@40.000ns - clk_out1_clk_wiz_0 rise@0.000ns)
  Data Path Delay:        13.023ns  (logic 4.492ns (34.493%)  route 8.531ns (65.507%))
  Logic Levels:           17  (CARRY4=8 LUT1=1 LUT2=1 LUT3=1 LUT5=4 LUT6=2)
  Clock Path Skew:        0.034ns (DCD - SCD + CPR)
    Destination Clock Delay (DCD):    1.706ns = ( 41.706 - 40.000 ) 
    Source Clock Delay      (SCD):    1.747ns
    Clock Pessimism Removal (CPR):    0.075ns
  Clock Uncertainty:      0.095ns  ((TSJ^2 + DJ^2)^1/2) / 2 + PE
    Total System Jitter     (TSJ):    0.071ns
    Discrete Jitter          (DJ):    0.175ns
    Phase Error              (PE):    0.000ns

    Location             Delay type                Incr(ns)  Path(ns)    Netlist Resource(s)
  -------------------------------------------------------------------    -------------------
                         (clock clk_out1_clk_wiz_0 rise edge)
                                                      0.000     0.000 r  
    BUFGCTRL_X0Y2        BUFG                         0.000     0.000 r  clk_IBUF_BUFG_inst/O
                         net (fo=297, routed)         2.106     2.106    datapath/video_inst/mmcm_adv_inst_display_clocks/inst/clk_in1
    MMCME2_ADV_X1Y0      MMCME2_ADV (Prop_mmcme2_adv_CLKIN1_CLKOUT0)
                                                     -4.900    -2.793 r  datapath/video_inst/mmcm_adv_inst_display_clocks/inst/mmcm_adv_inst/CLKOUT0
                         net (fo=1, routed)           2.697    -0.096    datapath/video_inst/mmcm_adv_inst_display_clocks/inst/clk_out1_clk_wiz_0
    BUFGCTRL_X0Y4        BUFG (Prop_bufg_I_O)         0.096    -0.000 r  datapath/video_inst/mmcm_adv_inst_display_clocks/inst/clkout1_buf/O
                         net (fo=63, routed)          1.747     1.747    datapath/video_inst/Inst_vga/sig_gen/horizontal_counter/CLK
    SLICE_X153Y132       FDRE                                         r  datapath/video_inst/Inst_vga/sig_gen/horizontal_counter/processQ_reg[2]/C
  -------------------------------------------------------------------    -------------------
    SLICE_X153Y132       FDRE (Prop_fdre_C_Q)         0.456     2.203 r  datapath/video_inst/Inst_vga/sig_gen/horizontal_counter/processQ_reg[2]/Q
                         net (fo=60, routed)          1.659     3.863    datapath/video_inst/Inst_vga/sig_gen/horizontal_counter/Q[2]
    SLICE_X157Y128       LUT2 (Prop_lut2_I0_O)        0.124     3.987 r  datapath/video_inst/Inst_vga/sig_gen/horizontal_counter/is_trigger_time5_carry_i_2/O
                         net (fo=1, routed)           0.000     3.987    datapath/video_inst/Inst_vga/col_map/is_trigger_time1_carry_i_4[2]
    SLICE_X157Y128       CARRY4 (Prop_carry4_S[2]_CO[3])
                                                      0.398     4.385 r  datapath/video_inst/Inst_vga/col_map/is_trigger_time5_carry/CO[3]
                         net (fo=1, routed)           0.000     4.385    datapath/video_inst/Inst_vga/col_map/is_trigger_time5_carry_n_0
    SLICE_X157Y129       CARRY4 (Prop_carry4_CI_O[0])
                                                      0.222     4.607 f  datapath/video_inst/Inst_vga/col_map/is_trigger_time5_carry__0/O[0]
                         net (fo=3, routed)           0.963     5.570    datapath/video_inst/Inst_vga/col_map/is_trigger_time5[4]
    SLICE_X157Y125       LUT1 (Prop_lut1_I0_O)        0.299     5.869 r  datapath/video_inst/Inst_vga/col_map/i__carry_i_2__0/O
                         net (fo=1, routed)           0.000     5.869    datapath/video_inst/Inst_vga/col_map/i__carry_i_2__0_n_0
    SLICE_X157Y125       CARRY4 (Prop_carry4_S[3]_CO[3])
                                                      0.401     6.270 r  datapath/video_inst/Inst_vga/col_map/_inferred__6/i__carry/CO[3]
                         net (fo=1, routed)           0.000     6.270    datapath/video_inst/Inst_vga/col_map/_inferred__6/i__carry_n_0
    SLICE_X157Y126       CARRY4 (Prop_carry4_CI_O[1])
                                                      0.334     6.604 f  datapath/video_inst/Inst_vga/col_map/_inferred__6/i__carry__0/O[1]
                         net (fo=2, routed)           0.978     7.583    datapath/video_inst/Inst_vga/col_map/is_trigger_time3[5]
    SLICE_X156Y129       LUT3 (Prop_lut3_I2_O)        0.331     7.914 f  datapath/video_inst/Inst_vga/col_map/is_trigger_time1_carry_i_11/O
                         net (fo=1, routed)           0.162     8.075    datapath/video_inst/Inst_vga/sig_gen/vertical_counter/is_trigger_time1_carry_3
    SLICE_X156Y129       LUT6 (Prop_lut6_I5_O)        0.326     8.401 r  datapath/video_inst/Inst_vga/sig_gen/vertical_counter/is_trigger_time1_carry_i_1/O
                         net (fo=1, routed)           0.903     9.305    datapath/video_inst/Inst_vga/col_map/is_trigger_time1_carry__0_0[3]
    SLICE_X156Y125       CARRY4 (Prop_carry4_DI[3]_CO[3])
                                                      0.385     9.690 r  datapath/video_inst/Inst_vga/col_map/is_trigger_time1_carry/CO[3]
                         net (fo=1, routed)           0.000     9.690    datapath/video_inst/Inst_vga/col_map/is_trigger_time1_carry_n_0
    SLICE_X156Y126       CARRY4 (Prop_carry4_CI_CO[3])
                                                      0.114     9.804 r  datapath/video_inst/Inst_vga/col_map/is_trigger_time1_carry__0/CO[3]
                         net (fo=1, routed)           0.000     9.804    datapath/video_inst/Inst_vga/col_map/is_trigger_time1_carry__0_n_0
    SLICE_X156Y127       CARRY4 (Prop_carry4_CI_CO[3])
                                                      0.114     9.918 r  datapath/video_inst/Inst_vga/col_map/is_trigger_time1_carry__1/CO[3]
                         net (fo=1, routed)           0.000     9.918    datapath/video_inst/Inst_vga/col_map/is_trigger_time1_carry__1_n_0
    SLICE_X156Y128       CARRY4 (Prop_carry4_CI_CO[3])
                                                      0.114    10.032 r  datapath/video_inst/Inst_vga/col_map/is_trigger_time1_carry__2/CO[3]
                         net (fo=1, routed)           0.615    10.646    datapath/video_inst/Inst_vga/sig_gen/vertical_counter/dc_bias[2]_i_5__0[0]
    SLICE_X156Y129       LUT5 (Prop_lut5_I2_O)        0.124    10.770 r  datapath/video_inst/Inst_vga/sig_gen/vertical_counter/dc_bias[2]_i_11/O
                         net (fo=1, routed)           0.515    11.285    datapath/video_inst/Inst_vga/sig_gen/horizontal_counter/dc_bias[2]_i_2__0_0
    SLICE_X155Y130       LUT5 (Prop_lut5_I1_O)        0.124    11.409 r  datapath/video_inst/Inst_vga/sig_gen/horizontal_counter/dc_bias[2]_i_5__0/O
                         net (fo=4, routed)           1.235    12.644    datapath/video_inst/Inst_vga/sig_gen/horizontal_counter/dc_bias[2]_i_5__0_n_0
    SLICE_X157Y134       LUT5 (Prop_lut5_I4_O)        0.150    12.794 r  datapath/video_inst/Inst_vga/sig_gen/horizontal_counter/dc_bias[3]_i_8__0/O
                         net (fo=1, routed)           0.436    13.230    datapath/video_inst/Inst_vga/sig_gen/horizontal_counter/dc_bias[3]_i_8__0_n_0
    SLICE_X157Y134       LUT6 (Prop_lut6_I5_O)        0.326    13.556 f  datapath/video_inst/Inst_vga/sig_gen/horizontal_counter/dc_bias[3]_i_2__1/O
                         net (fo=10, routed)          1.064    14.620    datapath/video_inst/inst_dvid/TDMS_encoder_red/dc_bias_reg[1]_0
    SLICE_X161Y133       LUT5 (Prop_lut5_I1_O)        0.150    14.770 r  datapath/video_inst/inst_dvid/TDMS_encoder_red/dc_bias[3]_i_1__1/O
                         net (fo=1, routed)           0.000    14.770    datapath/video_inst/inst_dvid/TDMS_encoder_red/dc_bias[3]_i_1__1_n_0
    SLICE_X161Y133       FDRE                                         r  datapath/video_inst/inst_dvid/TDMS_encoder_red/dc_bias_reg[3]/D
  -------------------------------------------------------------------    -------------------

                         (clock clk_out1_clk_wiz_0 rise edge)
                                                     40.000    40.000 r  
    BUFGCTRL_X0Y2        BUFG                         0.000    40.000 r  clk_IBUF_BUFG_inst/O
                         net (fo=297, routed)         1.972    41.972    datapath/video_inst/mmcm_adv_inst_display_clocks/inst/clk_in1
    MMCME2_ADV_X1Y0      MMCME2_ADV (Prop_mmcme2_adv_CLKIN1_CLKOUT0)
                                                     -4.637    37.335 r  datapath/video_inst/mmcm_adv_inst_display_clocks/inst/mmcm_adv_inst/CLKOUT0
                         net (fo=1, routed)           2.574    39.909    datapath/video_inst/mmcm_adv_inst_display_clocks/inst/clk_out1_clk_wiz_0
    BUFGCTRL_X0Y4        BUFG (Prop_bufg_I_O)         0.091    40.000 r  datapath/video_inst/mmcm_adv_inst_display_clocks/inst/clkout1_buf/O
                         net (fo=63, routed)          1.706    41.706    datapath/video_inst/inst_dvid/TDMS_encoder_red/CLK
    SLICE_X161Y133       FDRE                                         r  datapath/video_inst/inst_dvid/TDMS_encoder_red/dc_bias_reg[3]/C
                         clock pessimism              0.075    41.781    
                         clock uncertainty           -0.095    41.687    
    SLICE_X161Y133       FDRE (Setup_fdre_C_D)        0.075    41.762    datapath/video_inst/inst_dvid/TDMS_encoder_red/dc_bias_reg[3]
  -------------------------------------------------------------------
                         required time                         41.762    
                         arrival time                         -14.770    
  -------------------------------------------------------------------
                         slack                                 26.991    

Slack (MET) :             27.028ns  (required time - arrival time)
  Source:                 datapath/video_inst/Inst_vga/sig_gen/horizontal_counter/processQ_reg[2]/C
                            (rising edge-triggered cell FDRE clocked by clk_out1_clk_wiz_0  {rise@0.000ns fall@20.000ns period=40.000ns})
  Destination:            datapath/video_inst/inst_dvid/TDMS_encoder_blue/encoded_reg[2]/D
                            (rising edge-triggered cell FDRE clocked by clk_out1_clk_wiz_0  {rise@0.000ns fall@20.000ns period=40.000ns})
  Path Group:             clk_out1_clk_wiz_0
  Path Type:              Setup (Max at Slow Process Corner)
  Requirement:            40.000ns  (clk_out1_clk_wiz_0 rise@40.000ns - clk_out1_clk_wiz_0 rise@0.000ns)
  Data Path Delay:        13.028ns  (logic 4.583ns (35.177%)  route 8.445ns (64.823%))
  Logic Levels:           18  (CARRY4=8 LUT1=1 LUT2=2 LUT3=1 LUT5=4 LUT6=2)
  Clock Path Skew:        0.033ns (DCD - SCD + CPR)
    Destination Clock Delay (DCD):    1.705ns = ( 41.705 - 40.000 ) 
    Source Clock Delay      (SCD):    1.747ns
    Clock Pessimism Removal (CPR):    0.075ns
  Clock Uncertainty:      0.095ns  ((TSJ^2 + DJ^2)^1/2) / 2 + PE
    Total System Jitter     (TSJ):    0.071ns
    Discrete Jitter          (DJ):    0.175ns
    Phase Error              (PE):    0.000ns

    Location             Delay type                Incr(ns)  Path(ns)    Netlist Resource(s)
  -------------------------------------------------------------------    -------------------
                         (clock clk_out1_clk_wiz_0 rise edge)
                                                      0.000     0.000 r  
    BUFGCTRL_X0Y2        BUFG                         0.000     0.000 r  clk_IBUF_BUFG_inst/O
                         net (fo=297, routed)         2.106     2.106    datapath/video_inst/mmcm_adv_inst_display_clocks/inst/clk_in1
    MMCME2_ADV_X1Y0      MMCME2_ADV (Prop_mmcme2_adv_CLKIN1_CLKOUT0)
                                                     -4.900    -2.793 r  datapath/video_inst/mmcm_adv_inst_display_clocks/inst/mmcm_adv_inst/CLKOUT0
                         net (fo=1, routed)           2.697    -0.096    datapath/video_inst/mmcm_adv_inst_display_clocks/inst/clk_out1_clk_wiz_0
    BUFGCTRL_X0Y4        BUFG (Prop_bufg_I_O)         0.096    -0.000 r  datapath/video_inst/mmcm_adv_inst_display_clocks/inst/clkout1_buf/O
                         net (fo=63, routed)          1.747     1.747    datapath/video_inst/Inst_vga/sig_gen/horizontal_counter/CLK
    SLICE_X153Y132       FDRE                                         r  datapath/video_inst/Inst_vga/sig_gen/horizontal_counter/processQ_reg[2]/C
  -------------------------------------------------------------------    -------------------
    SLICE_X153Y132       FDRE (Prop_fdre_C_Q)         0.456     2.203 r  datapath/video_inst/Inst_vga/sig_gen/horizontal_counter/processQ_reg[2]/Q
                         net (fo=60, routed)          1.659     3.863    datapath/video_inst/Inst_vga/sig_gen/horizontal_counter/Q[2]
    SLICE_X157Y128       LUT2 (Prop_lut2_I0_O)        0.124     3.987 r  datapath/video_inst/Inst_vga/sig_gen/horizontal_counter/is_trigger_time5_carry_i_2/O
                         net (fo=1, routed)           0.000     3.987    datapath/video_inst/Inst_vga/col_map/is_trigger_time1_carry_i_4[2]
    SLICE_X157Y128       CARRY4 (Prop_carry4_S[2]_CO[3])
                                                      0.398     4.385 r  datapath/video_inst/Inst_vga/col_map/is_trigger_time5_carry/CO[3]
                         net (fo=1, routed)           0.000     4.385    datapath/video_inst/Inst_vga/col_map/is_trigger_time5_carry_n_0
    SLICE_X157Y129       CARRY4 (Prop_carry4_CI_O[0])
                                                      0.222     4.607 f  datapath/video_inst/Inst_vga/col_map/is_trigger_time5_carry__0/O[0]
                         net (fo=3, routed)           0.963     5.570    datapath/video_inst/Inst_vga/col_map/is_trigger_time5[4]
    SLICE_X157Y125       LUT1 (Prop_lut1_I0_O)        0.299     5.869 r  datapath/video_inst/Inst_vga/col_map/i__carry_i_2__0/O
                         net (fo=1, routed)           0.000     5.869    datapath/video_inst/Inst_vga/col_map/i__carry_i_2__0_n_0
    SLICE_X157Y125       CARRY4 (Prop_carry4_S[3]_CO[3])
                                                      0.401     6.270 r  datapath/video_inst/Inst_vga/col_map/_inferred__6/i__carry/CO[3]
                         net (fo=1, routed)           0.000     6.270    datapath/video_inst/Inst_vga/col_map/_inferred__6/i__carry_n_0
    SLICE_X157Y126       CARRY4 (Prop_carry4_CI_O[1])
                                                      0.334     6.604 f  datapath/video_inst/Inst_vga/col_map/_inferred__6/i__carry__0/O[1]
                         net (fo=2, routed)           0.978     7.583    datapath/video_inst/Inst_vga/col_map/is_trigger_time3[5]
    SLICE_X156Y129       LUT3 (Prop_lut3_I2_O)        0.331     7.914 f  datapath/video_inst/Inst_vga/col_map/is_trigger_time1_carry_i_11/O
                         net (fo=1, routed)           0.162     8.075    datapath/video_inst/Inst_vga/sig_gen/vertical_counter/is_trigger_time1_carry_3
    SLICE_X156Y129       LUT6 (Prop_lut6_I5_O)        0.326     8.401 r  datapath/video_inst/Inst_vga/sig_gen/vertical_counter/is_trigger_time1_carry_i_1/O
                         net (fo=1, routed)           0.903     9.305    datapath/video_inst/Inst_vga/col_map/is_trigger_time1_carry__0_0[3]
    SLICE_X156Y125       CARRY4 (Prop_carry4_DI[3]_CO[3])
                                                      0.385     9.690 r  datapath/video_inst/Inst_vga/col_map/is_trigger_time1_carry/CO[3]
                         net (fo=1, routed)           0.000     9.690    datapath/video_inst/Inst_vga/col_map/is_trigger_time1_carry_n_0
    SLICE_X156Y126       CARRY4 (Prop_carry4_CI_CO[3])
                                                      0.114     9.804 r  datapath/video_inst/Inst_vga/col_map/is_trigger_time1_carry__0/CO[3]
                         net (fo=1, routed)           0.000     9.804    datapath/video_inst/Inst_vga/col_map/is_trigger_time1_carry__0_n_0
    SLICE_X156Y127       CARRY4 (Prop_carry4_CI_CO[3])
                                                      0.114     9.918 r  datapath/video_inst/Inst_vga/col_map/is_trigger_time1_carry__1/CO[3]
                         net (fo=1, routed)           0.000     9.918    datapath/video_inst/Inst_vga/col_map/is_trigger_time1_carry__1_n_0
    SLICE_X156Y128       CARRY4 (Prop_carry4_CI_CO[3])
                                                      0.114    10.032 f  datapath/video_inst/Inst_vga/col_map/is_trigger_time1_carry__2/CO[3]
                         net (fo=1, routed)           0.615    10.646    datapath/video_inst/Inst_vga/sig_gen/vertical_counter/dc_bias[2]_i_5__0[0]
    SLICE_X156Y129       LUT5 (Prop_lut5_I2_O)        0.124    10.770 f  datapath/video_inst/Inst_vga/sig_gen/vertical_counter/dc_bias[2]_i_11/O
                         net (fo=1, routed)           0.515    11.285    datapath/video_inst/Inst_vga/sig_gen/horizontal_counter/dc_bias[2]_i_2__0_0
    SLICE_X155Y130       LUT5 (Prop_lut5_I1_O)        0.124    11.409 f  datapath/video_inst/Inst_vga/sig_gen/horizontal_counter/dc_bias[2]_i_5__0/O
                         net (fo=4, routed)           1.235    12.644    datapath/video_inst/Inst_vga/sig_gen/horizontal_counter/dc_bias[2]_i_5__0_n_0
    SLICE_X157Y134       LUT5 (Prop_lut5_I4_O)        0.150    12.794 f  datapath/video_inst/Inst_vga/sig_gen/horizontal_counter/dc_bias[3]_i_8__0/O
                         net (fo=1, routed)           0.436    13.230    datapath/video_inst/Inst_vga/sig_gen/horizontal_counter/dc_bias[3]_i_8__0_n_0
    SLICE_X157Y134       LUT6 (Prop_lut6_I5_O)        0.326    13.556 r  datapath/video_inst/Inst_vga/sig_gen/horizontal_counter/dc_bias[3]_i_2__1/O
                         net (fo=10, routed)          0.469    14.025    datapath/video_inst/inst_dvid/TDMS_encoder_blue/dc_bias_reg[1]_1
    SLICE_X158Y133       LUT2 (Prop_lut2_I1_O)        0.124    14.149 r  datapath/video_inst/inst_dvid/TDMS_encoder_blue/dc_bias[2]_i_3/O
                         net (fo=5, routed)           0.510    14.659    datapath/video_inst/Inst_vga/sig_gen/horizontal_counter/encoded_reg[9]_1
    SLICE_X158Y134       LUT5 (Prop_lut5_I4_O)        0.117    14.776 r  datapath/video_inst/Inst_vga/sig_gen/horizontal_counter/encoded[2]_i_1/O
                         net (fo=1, routed)           0.000    14.776    datapath/video_inst/inst_dvid/TDMS_encoder_blue/encoded_reg[2]_0
    SLICE_X158Y134       FDRE                                         r  datapath/video_inst/inst_dvid/TDMS_encoder_blue/encoded_reg[2]/D
  -------------------------------------------------------------------    -------------------

                         (clock clk_out1_clk_wiz_0 rise edge)
                                                     40.000    40.000 r  
    BUFGCTRL_X0Y2        BUFG                         0.000    40.000 r  clk_IBUF_BUFG_inst/O
                         net (fo=297, routed)         1.972    41.972    datapath/video_inst/mmcm_adv_inst_display_clocks/inst/clk_in1
    MMCME2_ADV_X1Y0      MMCME2_ADV (Prop_mmcme2_adv_CLKIN1_CLKOUT0)
                                                     -4.637    37.335 r  datapath/video_inst/mmcm_adv_inst_display_clocks/inst/mmcm_adv_inst/CLKOUT0
                         net (fo=1, routed)           2.574    39.909    datapath/video_inst/mmcm_adv_inst_display_clocks/inst/clk_out1_clk_wiz_0
    BUFGCTRL_X0Y4        BUFG (Prop_bufg_I_O)         0.091    40.000 r  datapath/video_inst/mmcm_adv_inst_display_clocks/inst/clkout1_buf/O
                         net (fo=63, routed)          1.705    41.705    datapath/video_inst/inst_dvid/TDMS_encoder_blue/CLK
    SLICE_X158Y134       FDRE                                         r  datapath/video_inst/inst_dvid/TDMS_encoder_blue/encoded_reg[2]/C
                         clock pessimism              0.075    41.780    
                         clock uncertainty           -0.095    41.686    
    SLICE_X158Y134       FDRE (Setup_fdre_C_D)        0.118    41.804    datapath/video_inst/inst_dvid/TDMS_encoder_blue/encoded_reg[2]
  -------------------------------------------------------------------
                         required time                         41.804    
                         arrival time                         -14.776    
  -------------------------------------------------------------------
                         slack                                 27.028    

Slack (MET) :             27.063ns  (required time - arrival time)
  Source:                 datapath/video_inst/Inst_vga/sig_gen/horizontal_counter/processQ_reg[2]/C
                            (rising edge-triggered cell FDRE clocked by clk_out1_clk_wiz_0  {rise@0.000ns fall@20.000ns period=40.000ns})
  Destination:            datapath/video_inst/inst_dvid/TDMS_encoder_red/encoded_reg[8]/D
                            (rising edge-triggered cell FDRE clocked by clk_out1_clk_wiz_0  {rise@0.000ns fall@20.000ns period=40.000ns})
  Path Group:             clk_out1_clk_wiz_0
  Path Type:              Setup (Max at Slow Process Corner)
  Requirement:            40.000ns  (clk_out1_clk_wiz_0 rise@40.000ns - clk_out1_clk_wiz_0 rise@0.000ns)
  Data Path Delay:        12.953ns  (logic 4.466ns (34.479%)  route 8.487ns (65.521%))
  Logic Levels:           17  (CARRY4=8 LUT1=1 LUT2=2 LUT3=1 LUT5=3 LUT6=2)
  Clock Path Skew:        0.034ns (DCD - SCD + CPR)
    Destination Clock Delay (DCD):    1.706ns = ( 41.706 - 40.000 ) 
    Source Clock Delay      (SCD):    1.747ns
    Clock Pessimism Removal (CPR):    0.075ns
  Clock Uncertainty:      0.095ns  ((TSJ^2 + DJ^2)^1/2) / 2 + PE
    Total System Jitter     (TSJ):    0.071ns
    Discrete Jitter          (DJ):    0.175ns
    Phase Error              (PE):    0.000ns

    Location             Delay type                Incr(ns)  Path(ns)    Netlist Resource(s)
  -------------------------------------------------------------------    -------------------
                         (clock clk_out1_clk_wiz_0 rise edge)
                                                      0.000     0.000 r  
    BUFGCTRL_X0Y2        BUFG                         0.000     0.000 r  clk_IBUF_BUFG_inst/O
                         net (fo=297, routed)         2.106     2.106    datapath/video_inst/mmcm_adv_inst_display_clocks/inst/clk_in1
    MMCME2_ADV_X1Y0      MMCME2_ADV (Prop_mmcme2_adv_CLKIN1_CLKOUT0)
                                                     -4.900    -2.793 r  datapath/video_inst/mmcm_adv_inst_display_clocks/inst/mmcm_adv_inst/CLKOUT0
                         net (fo=1, routed)           2.697    -0.096    datapath/video_inst/mmcm_adv_inst_display_clocks/inst/clk_out1_clk_wiz_0
    BUFGCTRL_X0Y4        BUFG (Prop_bufg_I_O)         0.096    -0.000 r  datapath/video_inst/mmcm_adv_inst_display_clocks/inst/clkout1_buf/O
                         net (fo=63, routed)          1.747     1.747    datapath/video_inst/Inst_vga/sig_gen/horizontal_counter/CLK
    SLICE_X153Y132       FDRE                                         r  datapath/video_inst/Inst_vga/sig_gen/horizontal_counter/processQ_reg[2]/C
  -------------------------------------------------------------------    -------------------
    SLICE_X153Y132       FDRE (Prop_fdre_C_Q)         0.456     2.203 r  datapath/video_inst/Inst_vga/sig_gen/horizontal_counter/processQ_reg[2]/Q
                         net (fo=60, routed)          1.659     3.863    datapath/video_inst/Inst_vga/sig_gen/horizontal_counter/Q[2]
    SLICE_X157Y128       LUT2 (Prop_lut2_I0_O)        0.124     3.987 r  datapath/video_inst/Inst_vga/sig_gen/horizontal_counter/is_trigger_time5_carry_i_2/O
                         net (fo=1, routed)           0.000     3.987    datapath/video_inst/Inst_vga/col_map/is_trigger_time1_carry_i_4[2]
    SLICE_X157Y128       CARRY4 (Prop_carry4_S[2]_CO[3])
                                                      0.398     4.385 r  datapath/video_inst/Inst_vga/col_map/is_trigger_time5_carry/CO[3]
                         net (fo=1, routed)           0.000     4.385    datapath/video_inst/Inst_vga/col_map/is_trigger_time5_carry_n_0
    SLICE_X157Y129       CARRY4 (Prop_carry4_CI_O[0])
                                                      0.222     4.607 f  datapath/video_inst/Inst_vga/col_map/is_trigger_time5_carry__0/O[0]
                         net (fo=3, routed)           0.963     5.570    datapath/video_inst/Inst_vga/col_map/is_trigger_time5[4]
    SLICE_X157Y125       LUT1 (Prop_lut1_I0_O)        0.299     5.869 r  datapath/video_inst/Inst_vga/col_map/i__carry_i_2__0/O
                         net (fo=1, routed)           0.000     5.869    datapath/video_inst/Inst_vga/col_map/i__carry_i_2__0_n_0
    SLICE_X157Y125       CARRY4 (Prop_carry4_S[3]_CO[3])
                                                      0.401     6.270 r  datapath/video_inst/Inst_vga/col_map/_inferred__6/i__carry/CO[3]
                         net (fo=1, routed)           0.000     6.270    datapath/video_inst/Inst_vga/col_map/_inferred__6/i__carry_n_0
    SLICE_X157Y126       CARRY4 (Prop_carry4_CI_O[1])
                                                      0.334     6.604 f  datapath/video_inst/Inst_vga/col_map/_inferred__6/i__carry__0/O[1]
                         net (fo=2, routed)           0.978     7.583    datapath/video_inst/Inst_vga/col_map/is_trigger_time3[5]
    SLICE_X156Y129       LUT3 (Prop_lut3_I2_O)        0.331     7.914 f  datapath/video_inst/Inst_vga/col_map/is_trigger_time1_carry_i_11/O
                         net (fo=1, routed)           0.162     8.075    datapath/video_inst/Inst_vga/sig_gen/vertical_counter/is_trigger_time1_carry_3
    SLICE_X156Y129       LUT6 (Prop_lut6_I5_O)        0.326     8.401 r  datapath/video_inst/Inst_vga/sig_gen/vertical_counter/is_trigger_time1_carry_i_1/O
                         net (fo=1, routed)           0.903     9.305    datapath/video_inst/Inst_vga/col_map/is_trigger_time1_carry__0_0[3]
    SLICE_X156Y125       CARRY4 (Prop_carry4_DI[3]_CO[3])
                                                      0.385     9.690 r  datapath/video_inst/Inst_vga/col_map/is_trigger_time1_carry/CO[3]
                         net (fo=1, routed)           0.000     9.690    datapath/video_inst/Inst_vga/col_map/is_trigger_time1_carry_n_0
    SLICE_X156Y126       CARRY4 (Prop_carry4_CI_CO[3])
                                                      0.114     9.804 r  datapath/video_inst/Inst_vga/col_map/is_trigger_time1_carry__0/CO[3]
                         net (fo=1, routed)           0.000     9.804    datapath/video_inst/Inst_vga/col_map/is_trigger_time1_carry__0_n_0
    SLICE_X156Y127       CARRY4 (Prop_carry4_CI_CO[3])
                                                      0.114     9.918 r  datapath/video_inst/Inst_vga/col_map/is_trigger_time1_carry__1/CO[3]
                         net (fo=1, routed)           0.000     9.918    datapath/video_inst/Inst_vga/col_map/is_trigger_time1_carry__1_n_0
    SLICE_X156Y128       CARRY4 (Prop_carry4_CI_CO[3])
                                                      0.114    10.032 f  datapath/video_inst/Inst_vga/col_map/is_trigger_time1_carry__2/CO[3]
                         net (fo=1, routed)           0.615    10.646    datapath/video_inst/Inst_vga/sig_gen/vertical_counter/dc_bias[2]_i_5__0[0]
    SLICE_X156Y129       LUT5 (Prop_lut5_I2_O)        0.124    10.770 f  datapath/video_inst/Inst_vga/sig_gen/vertical_counter/dc_bias[2]_i_11/O
                         net (fo=1, routed)           0.515    11.285    datapath/video_inst/Inst_vga/sig_gen/horizontal_counter/dc_bias[2]_i_2__0_0
    SLICE_X155Y130       LUT5 (Prop_lut5_I1_O)        0.124    11.409 f  datapath/video_inst/Inst_vga/sig_gen/horizontal_counter/dc_bias[2]_i_5__0/O
                         net (fo=4, routed)           1.235    12.644    datapath/video_inst/Inst_vga/sig_gen/horizontal_counter/dc_bias[2]_i_5__0_n_0
    SLICE_X157Y134       LUT5 (Prop_lut5_I4_O)        0.150    12.794 f  datapath/video_inst/Inst_vga/sig_gen/horizontal_counter/dc_bias[3]_i_8__0/O
                         net (fo=1, routed)           0.436    13.230    datapath/video_inst/Inst_vga/sig_gen/horizontal_counter/dc_bias[3]_i_8__0_n_0
    SLICE_X157Y134       LUT6 (Prop_lut6_I5_O)        0.326    13.556 r  datapath/video_inst/Inst_vga/sig_gen/horizontal_counter/dc_bias[3]_i_2__1/O
                         net (fo=10, routed)          1.020    14.576    datapath/video_inst/Inst_vga/sig_gen/horizontal_counter/processQ_reg[2]_1
    SLICE_X162Y133       LUT2 (Prop_lut2_I1_O)        0.124    14.700 r  datapath/video_inst/Inst_vga/sig_gen/horizontal_counter/TDMS_encoder_red/encoded[8]_i_1/O
                         net (fo=1, routed)           0.000    14.700    datapath/video_inst/inst_dvid/TDMS_encoder_red/encoded_reg[8]_0
    SLICE_X162Y133       FDRE                                         r  datapath/video_inst/inst_dvid/TDMS_encoder_red/encoded_reg[8]/D
  -------------------------------------------------------------------    -------------------

                         (clock clk_out1_clk_wiz_0 rise edge)
                                                     40.000    40.000 r  
    BUFGCTRL_X0Y2        BUFG                         0.000    40.000 r  clk_IBUF_BUFG_inst/O
                         net (fo=297, routed)         1.972    41.972    datapath/video_inst/mmcm_adv_inst_display_clocks/inst/clk_in1
    MMCME2_ADV_X1Y0      MMCME2_ADV (Prop_mmcme2_adv_CLKIN1_CLKOUT0)
                                                     -4.637    37.335 r  datapath/video_inst/mmcm_adv_inst_display_clocks/inst/mmcm_adv_inst/CLKOUT0
                         net (fo=1, routed)           2.574    39.909    datapath/video_inst/mmcm_adv_inst_display_clocks/inst/clk_out1_clk_wiz_0
    BUFGCTRL_X0Y4        BUFG (Prop_bufg_I_O)         0.091    40.000 r  datapath/video_inst/mmcm_adv_inst_display_clocks/inst/clkout1_buf/O
                         net (fo=63, routed)          1.706    41.706    datapath/video_inst/inst_dvid/TDMS_encoder_red/CLK
    SLICE_X162Y133       FDRE                                         r  datapath/video_inst/inst_dvid/TDMS_encoder_red/encoded_reg[8]/C
                         clock pessimism              0.075    41.781    
                         clock uncertainty           -0.095    41.687    
    SLICE_X162Y133       FDRE (Setup_fdre_C_D)        0.077    41.764    datapath/video_inst/inst_dvid/TDMS_encoder_red/encoded_reg[8]
  -------------------------------------------------------------------
                         required time                         41.764    
                         arrival time                         -14.700    
  -------------------------------------------------------------------
                         slack                                 27.063    





Min Delay Paths
--------------------------------------------------------------------------------------
Slack (MET) :             0.191ns  (arrival time - required time)
  Source:                 datapath/video_inst/inst_dvid/TDMS_encoder_blue/encoded_reg[8]/C
                            (rising edge-triggered cell FDRE clocked by clk_out1_clk_wiz_0  {rise@0.000ns fall@20.000ns period=40.000ns})
  Destination:            datapath/video_inst/inst_dvid/latched_blue_reg[8]/D
                            (rising edge-triggered cell FDRE clocked by clk_out1_clk_wiz_0  {rise@0.000ns fall@20.000ns period=40.000ns})
  Path Group:             clk_out1_clk_wiz_0
  Path Type:              Hold (Min at Fast Process Corner)
  Requirement:            0.000ns  (clk_out1_clk_wiz_0 rise@0.000ns - clk_out1_clk_wiz_0 rise@0.000ns)
  Data Path Delay:        0.257ns  (logic 0.141ns (54.828%)  route 0.116ns (45.172%))
  Logic Levels:           0  
  Clock Path Skew:        0.000ns (DCD - SCD - CPR)
    Destination Clock Delay (DCD):    0.914ns
    Source Clock Delay      (SCD):    0.643ns
    Clock Pessimism Removal (CPR):    0.271ns

    Location             Delay type                Incr(ns)  Path(ns)    Netlist Resource(s)
  -------------------------------------------------------------------    -------------------
                         (clock clk_out1_clk_wiz_0 rise edge)
                                                      0.000     0.000 r  
    BUFGCTRL_X0Y2        BUFG                         0.000     0.000 r  clk_IBUF_BUFG_inst/O
                         net (fo=297, routed)         0.745     0.745    datapath/video_inst/mmcm_adv_inst_display_clocks/inst/clk_in1
    MMCME2_ADV_X1Y0      MMCME2_ADV (Prop_mmcme2_adv_CLKIN1_CLKOUT0)
                                                     -1.683    -0.938 r  datapath/video_inst/mmcm_adv_inst_display_clocks/inst/mmcm_adv_inst/CLKOUT0
                         net (fo=1, routed)           0.912    -0.026    datapath/video_inst/mmcm_adv_inst_display_clocks/inst/clk_out1_clk_wiz_0
    BUFGCTRL_X0Y4        BUFG (Prop_bufg_I_O)         0.026    -0.000 r  datapath/video_inst/mmcm_adv_inst_display_clocks/inst/clkout1_buf/O
                         net (fo=63, routed)          0.643     0.643    datapath/video_inst/inst_dvid/TDMS_encoder_blue/CLK
    SLICE_X159Y134       FDRE                                         r  datapath/video_inst/inst_dvid/TDMS_encoder_blue/encoded_reg[8]/C
  -------------------------------------------------------------------    -------------------
    SLICE_X159Y134       FDRE (Prop_fdre_C_Q)         0.141     0.784 r  datapath/video_inst/inst_dvid/TDMS_encoder_blue/encoded_reg[8]/Q
                         net (fo=1, routed)           0.116     0.900    datapath/video_inst/inst_dvid/TDMS_encoder_blue_n_1
    SLICE_X159Y134       FDRE                                         r  datapath/video_inst/inst_dvid/latched_blue_reg[8]/D
  -------------------------------------------------------------------    -------------------

                         (clock clk_out1_clk_wiz_0 rise edge)
                                                      0.000     0.000 r  
    BUFGCTRL_X0Y2        BUFG                         0.000     0.000 r  clk_IBUF_BUFG_inst/O
                         net (fo=297, routed)         1.022     1.022    datapath/video_inst/mmcm_adv_inst_display_clocks/inst/clk_in1
    MMCME2_ADV_X1Y0      MMCME2_ADV (Prop_mmcme2_adv_CLKIN1_CLKOUT0)
                                                     -2.040    -1.018 r  datapath/video_inst/mmcm_adv_inst_display_clocks/inst/mmcm_adv_inst/CLKOUT0
                         net (fo=1, routed)           0.989    -0.029    datapath/video_inst/mmcm_adv_inst_display_clocks/inst/clk_out1_clk_wiz_0
    BUFGCTRL_X0Y4        BUFG (Prop_bufg_I_O)         0.029    -0.000 r  datapath/video_inst/mmcm_adv_inst_display_clocks/inst/clkout1_buf/O
                         net (fo=63, routed)          0.914     0.914    datapath/video_inst/inst_dvid/CLK
    SLICE_X159Y134       FDRE                                         r  datapath/video_inst/inst_dvid/latched_blue_reg[8]/C
                         clock pessimism             -0.271     0.643    
    SLICE_X159Y134       FDRE (Hold_fdre_C_D)         0.066     0.709    datapath/video_inst/inst_dvid/latched_blue_reg[8]
  -------------------------------------------------------------------
                         required time                         -0.709    
                         arrival time                           0.900    
  -------------------------------------------------------------------
                         slack                                  0.191    

Slack (MET) :             0.195ns  (arrival time - required time)
  Source:                 datapath/video_inst/inst_dvid/TDMS_encoder_blue/encoded_reg[1]/C
                            (rising edge-triggered cell FDRE clocked by clk_out1_clk_wiz_0  {rise@0.000ns fall@20.000ns period=40.000ns})
  Destination:            datapath/video_inst/inst_dvid/latched_blue_reg[1]/D
                            (rising edge-triggered cell FDRE clocked by clk_out1_clk_wiz_0  {rise@0.000ns fall@20.000ns period=40.000ns})
  Path Group:             clk_out1_clk_wiz_0
  Path Type:              Hold (Min at Fast Process Corner)
  Requirement:            0.000ns  (clk_out1_clk_wiz_0 rise@0.000ns - clk_out1_clk_wiz_0 rise@0.000ns)
  Data Path Delay:        0.261ns  (logic 0.141ns (54.076%)  route 0.120ns (45.924%))
  Logic Levels:           0  
  Clock Path Skew:        0.000ns (DCD - SCD - CPR)
    Destination Clock Delay (DCD):    0.915ns
    Source Clock Delay      (SCD):    0.644ns
    Clock Pessimism Removal (CPR):    0.271ns

    Location             Delay type                Incr(ns)  Path(ns)    Netlist Resource(s)
  -------------------------------------------------------------------    -------------------
                         (clock clk_out1_clk_wiz_0 rise edge)
                                                      0.000     0.000 r  
    BUFGCTRL_X0Y2        BUFG                         0.000     0.000 r  clk_IBUF_BUFG_inst/O
                         net (fo=297, routed)         0.745     0.745    datapath/video_inst/mmcm_adv_inst_display_clocks/inst/clk_in1
    MMCME2_ADV_X1Y0      MMCME2_ADV (Prop_mmcme2_adv_CLKIN1_CLKOUT0)
                                                     -1.683    -0.938 r  datapath/video_inst/mmcm_adv_inst_display_clocks/inst/mmcm_adv_inst/CLKOUT0
                         net (fo=1, routed)           0.912    -0.026    datapath/video_inst/mmcm_adv_inst_display_clocks/inst/clk_out1_clk_wiz_0
    BUFGCTRL_X0Y4        BUFG (Prop_bufg_I_O)         0.026    -0.000 r  datapath/video_inst/mmcm_adv_inst_display_clocks/inst/clkout1_buf/O
                         net (fo=63, routed)          0.644     0.644    datapath/video_inst/inst_dvid/TDMS_encoder_blue/CLK
    SLICE_X160Y134       FDRE                                         r  datapath/video_inst/inst_dvid/TDMS_encoder_blue/encoded_reg[1]/C
  -------------------------------------------------------------------    -------------------
    SLICE_X160Y134       FDRE (Prop_fdre_C_Q)         0.141     0.785 r  datapath/video_inst/inst_dvid/TDMS_encoder_blue/encoded_reg[1]/Q
                         net (fo=1, routed)           0.120     0.904    datapath/video_inst/inst_dvid/TDMS_encoder_blue_n_4
    SLICE_X160Y134       FDRE                                         r  datapath/video_inst/inst_dvid/latched_blue_reg[1]/D
  -------------------------------------------------------------------    -------------------

                         (clock clk_out1_clk_wiz_0 rise edge)
                                                      0.000     0.000 r  
    BUFGCTRL_X0Y2        BUFG                         0.000     0.000 r  clk_IBUF_BUFG_inst/O
                         net (fo=297, routed)         1.022     1.022    datapath/video_inst/mmcm_adv_inst_display_clocks/inst/clk_in1
    MMCME2_ADV_X1Y0      MMCME2_ADV (Prop_mmcme2_adv_CLKIN1_CLKOUT0)
                                                     -2.040    -1.018 r  datapath/video_inst/mmcm_adv_inst_display_clocks/inst/mmcm_adv_inst/CLKOUT0
                         net (fo=1, routed)           0.989    -0.029    datapath/video_inst/mmcm_adv_inst_display_clocks/inst/clk_out1_clk_wiz_0
    BUFGCTRL_X0Y4        BUFG (Prop_bufg_I_O)         0.029    -0.000 r  datapath/video_inst/mmcm_adv_inst_display_clocks/inst/clkout1_buf/O
                         net (fo=63, routed)          0.915     0.915    datapath/video_inst/inst_dvid/CLK
    SLICE_X160Y134       FDRE                                         r  datapath/video_inst/inst_dvid/latched_blue_reg[1]/C
                         clock pessimism             -0.271     0.644    
    SLICE_X160Y134       FDRE (Hold_fdre_C_D)         0.066     0.710    datapath/video_inst/inst_dvid/latched_blue_reg[1]
  -------------------------------------------------------------------
                         required time                         -0.710    
                         arrival time                           0.904    
  -------------------------------------------------------------------
                         slack                                  0.195    

Slack (MET) :             0.197ns  (arrival time - required time)
  Source:                 datapath/video_inst/inst_dvid/TDMS_encoder_green/dc_bias_reg[2]/C
                            (rising edge-triggered cell FDRE clocked by clk_out1_clk_wiz_0  {rise@0.000ns fall@20.000ns period=40.000ns})
  Destination:            datapath/video_inst/inst_dvid/TDMS_encoder_green/dc_bias_reg[0]/D
                            (rising edge-triggered cell FDRE clocked by clk_out1_clk_wiz_0  {rise@0.000ns fall@20.000ns period=40.000ns})
  Path Group:             clk_out1_clk_wiz_0
  Path Type:              Hold (Min at Fast Process Corner)
  Requirement:            0.000ns  (clk_out1_clk_wiz_0 rise@0.000ns - clk_out1_clk_wiz_0 rise@0.000ns)
  Data Path Delay:        0.330ns  (logic 0.186ns (56.447%)  route 0.144ns (43.553%))
  Logic Levels:           1  (LUT6=1)
  Clock Path Skew:        0.013ns (DCD - SCD - CPR)
    Destination Clock Delay (DCD):    0.915ns
    Source Clock Delay      (SCD):    0.643ns
    Clock Pessimism Removal (CPR):    0.259ns

    Location             Delay type                Incr(ns)  Path(ns)    Netlist Resource(s)
  -------------------------------------------------------------------    -------------------
                         (clock clk_out1_clk_wiz_0 rise edge)
                                                      0.000     0.000 r  
    BUFGCTRL_X0Y2        BUFG                         0.000     0.000 r  clk_IBUF_BUFG_inst/O
                         net (fo=297, routed)         0.745     0.745    datapath/video_inst/mmcm_adv_inst_display_clocks/inst/clk_in1
    MMCME2_ADV_X1Y0      MMCME2_ADV (Prop_mmcme2_adv_CLKIN1_CLKOUT0)
                                                     -1.683    -0.938 r  datapath/video_inst/mmcm_adv_inst_display_clocks/inst/mmcm_adv_inst/CLKOUT0
                         net (fo=1, routed)           0.912    -0.026    datapath/video_inst/mmcm_adv_inst_display_clocks/inst/clk_out1_clk_wiz_0
    BUFGCTRL_X0Y4        BUFG (Prop_bufg_I_O)         0.026    -0.000 r  datapath/video_inst/mmcm_adv_inst_display_clocks/inst/clkout1_buf/O
                         net (fo=63, routed)          0.643     0.643    datapath/video_inst/inst_dvid/TDMS_encoder_green/CLK
    SLICE_X159Y136       FDRE                                         r  datapath/video_inst/inst_dvid/TDMS_encoder_green/dc_bias_reg[2]/C
  -------------------------------------------------------------------    -------------------
    SLICE_X159Y136       FDRE (Prop_fdre_C_Q)         0.141     0.784 r  datapath/video_inst/inst_dvid/TDMS_encoder_green/dc_bias_reg[2]/Q
                         net (fo=9, routed)           0.144     0.927    datapath/video_inst/inst_dvid/TDMS_encoder_green/dc_bias_reg_n_0_[2]
    SLICE_X158Y136       LUT6 (Prop_lut6_I1_O)        0.045     0.972 r  datapath/video_inst/inst_dvid/TDMS_encoder_green/dc_bias[0]_i_1/O
                         net (fo=1, routed)           0.000     0.972    datapath/video_inst/inst_dvid/TDMS_encoder_green/dc_bias[0]_i_1_n_0
    SLICE_X158Y136       FDRE                                         r  datapath/video_inst/inst_dvid/TDMS_encoder_green/dc_bias_reg[0]/D
  -------------------------------------------------------------------    -------------------

                         (clock clk_out1_clk_wiz_0 rise edge)
                                                      0.000     0.000 r  
    BUFGCTRL_X0Y2        BUFG                         0.000     0.000 r  clk_IBUF_BUFG_inst/O
                         net (fo=297, routed)         1.022     1.022    datapath/video_inst/mmcm_adv_inst_display_clocks/inst/clk_in1
    MMCME2_ADV_X1Y0      MMCME2_ADV (Prop_mmcme2_adv_CLKIN1_CLKOUT0)
                                                     -2.040    -1.018 r  datapath/video_inst/mmcm_adv_inst_display_clocks/inst/mmcm_adv_inst/CLKOUT0
                         net (fo=1, routed)           0.989    -0.029    datapath/video_inst/mmcm_adv_inst_display_clocks/inst/clk_out1_clk_wiz_0
    BUFGCTRL_X0Y4        BUFG (Prop_bufg_I_O)         0.029    -0.000 r  datapath/video_inst/mmcm_adv_inst_display_clocks/inst/clkout1_buf/O
                         net (fo=63, routed)          0.915     0.915    datapath/video_inst/inst_dvid/TDMS_encoder_green/CLK
    SLICE_X158Y136       FDRE                                         r  datapath/video_inst/inst_dvid/TDMS_encoder_green/dc_bias_reg[0]/C
                         clock pessimism             -0.259     0.656    
    SLICE_X158Y136       FDRE (Hold_fdre_C_D)         0.120     0.776    datapath/video_inst/inst_dvid/TDMS_encoder_green/dc_bias_reg[0]
  -------------------------------------------------------------------
                         required time                         -0.776    
                         arrival time                           0.972    
  -------------------------------------------------------------------
                         slack                                  0.197    

Slack (MET) :             0.200ns  (arrival time - required time)
  Source:                 datapath/video_inst/inst_dvid/TDMS_encoder_green/dc_bias_reg[2]/C
                            (rising edge-triggered cell FDRE clocked by clk_out1_clk_wiz_0  {rise@0.000ns fall@20.000ns period=40.000ns})
  Destination:            datapath/video_inst/inst_dvid/TDMS_encoder_green/dc_bias_reg[1]/D
                            (rising edge-triggered cell FDRE clocked by clk_out1_clk_wiz_0  {rise@0.000ns fall@20.000ns period=40.000ns})
  Path Group:             clk_out1_clk_wiz_0
  Path Type:              Hold (Min at Fast Process Corner)
  Requirement:            0.000ns  (clk_out1_clk_wiz_0 rise@0.000ns - clk_out1_clk_wiz_0 rise@0.000ns)
  Data Path Delay:        0.334ns  (logic 0.186ns (55.770%)  route 0.148ns (44.230%))
  Logic Levels:           1  (LUT6=1)
  Clock Path Skew:        0.013ns (DCD - SCD - CPR)
    Destination Clock Delay (DCD):    0.915ns
    Source Clock Delay      (SCD):    0.643ns
    Clock Pessimism Removal (CPR):    0.259ns

    Location             Delay type                Incr(ns)  Path(ns)    Netlist Resource(s)
  -------------------------------------------------------------------    -------------------
                         (clock clk_out1_clk_wiz_0 rise edge)
                                                      0.000     0.000 r  
    BUFGCTRL_X0Y2        BUFG                         0.000     0.000 r  clk_IBUF_BUFG_inst/O
                         net (fo=297, routed)         0.745     0.745    datapath/video_inst/mmcm_adv_inst_display_clocks/inst/clk_in1
    MMCME2_ADV_X1Y0      MMCME2_ADV (Prop_mmcme2_adv_CLKIN1_CLKOUT0)
                                                     -1.683    -0.938 r  datapath/video_inst/mmcm_adv_inst_display_clocks/inst/mmcm_adv_inst/CLKOUT0
                         net (fo=1, routed)           0.912    -0.026    datapath/video_inst/mmcm_adv_inst_display_clocks/inst/clk_out1_clk_wiz_0
    BUFGCTRL_X0Y4        BUFG (Prop_bufg_I_O)         0.026    -0.000 r  datapath/video_inst/mmcm_adv_inst_display_clocks/inst/clkout1_buf/O
                         net (fo=63, routed)          0.643     0.643    datapath/video_inst/inst_dvid/TDMS_encoder_green/CLK
    SLICE_X159Y136       FDRE                                         r  datapath/video_inst/inst_dvid/TDMS_encoder_green/dc_bias_reg[2]/C
  -------------------------------------------------------------------    -------------------
    SLICE_X159Y136       FDRE (Prop_fdre_C_Q)         0.141     0.784 r  datapath/video_inst/inst_dvid/TDMS_encoder_green/dc_bias_reg[2]/Q
                         net (fo=9, routed)           0.148     0.931    datapath/video_inst/inst_dvid/TDMS_encoder_green/dc_bias_reg_n_0_[2]
    SLICE_X158Y136       LUT6 (Prop_lut6_I0_O)        0.045     0.976 r  datapath/video_inst/inst_dvid/TDMS_encoder_green/dc_bias[1]_i_1__0/O
                         net (fo=1, routed)           0.000     0.976    datapath/video_inst/inst_dvid/TDMS_encoder_green/dc_bias[1]_i_1__0_n_0
    SLICE_X158Y136       FDRE                                         r  datapath/video_inst/inst_dvid/TDMS_encoder_green/dc_bias_reg[1]/D
  -------------------------------------------------------------------    -------------------

                         (clock clk_out1_clk_wiz_0 rise edge)
                                                      0.000     0.000 r  
    BUFGCTRL_X0Y2        BUFG                         0.000     0.000 r  clk_IBUF_BUFG_inst/O
                         net (fo=297, routed)         1.022     1.022    datapath/video_inst/mmcm_adv_inst_display_clocks/inst/clk_in1
    MMCME2_ADV_X1Y0      MMCME2_ADV (Prop_mmcme2_adv_CLKIN1_CLKOUT0)
                                                     -2.040    -1.018 r  datapath/video_inst/mmcm_adv_inst_display_clocks/inst/mmcm_adv_inst/CLKOUT0
                         net (fo=1, routed)           0.989    -0.029    datapath/video_inst/mmcm_adv_inst_display_clocks/inst/clk_out1_clk_wiz_0
    BUFGCTRL_X0Y4        BUFG (Prop_bufg_I_O)         0.029    -0.000 r  datapath/video_inst/mmcm_adv_inst_display_clocks/inst/clkout1_buf/O
                         net (fo=63, routed)          0.915     0.915    datapath/video_inst/inst_dvid/TDMS_encoder_green/CLK
    SLICE_X158Y136       FDRE                                         r  datapath/video_inst/inst_dvid/TDMS_encoder_green/dc_bias_reg[1]/C
                         clock pessimism             -0.259     0.656    
    SLICE_X158Y136       FDRE (Hold_fdre_C_D)         0.121     0.777    datapath/video_inst/inst_dvid/TDMS_encoder_green/dc_bias_reg[1]
  -------------------------------------------------------------------
                         required time                         -0.777    
                         arrival time                           0.976    
  -------------------------------------------------------------------
                         slack                                  0.200    

Slack (MET) :             0.211ns  (arrival time - required time)
  Source:                 datapath/video_inst/inst_dvid/TDMS_encoder_red/encoded_reg[8]/C
                            (rising edge-triggered cell FDRE clocked by clk_out1_clk_wiz_0  {rise@0.000ns fall@20.000ns period=40.000ns})
  Destination:            datapath/video_inst/inst_dvid/latched_red_reg[8]/D
                            (rising edge-triggered cell FDRE clocked by clk_out1_clk_wiz_0  {rise@0.000ns fall@20.000ns period=40.000ns})
  Path Group:             clk_out1_clk_wiz_0
  Path Type:              Hold (Min at Fast Process Corner)
  Requirement:            0.000ns  (clk_out1_clk_wiz_0 rise@0.000ns - clk_out1_clk_wiz_0 rise@0.000ns)
  Data Path Delay:        0.274ns  (logic 0.164ns (59.853%)  route 0.110ns (40.147%))
  Logic Levels:           0  
  Clock Path Skew:        0.000ns (DCD - SCD - CPR)
    Destination Clock Delay (DCD):    0.914ns
    Source Clock Delay      (SCD):    0.643ns
    Clock Pessimism Removal (CPR):    0.271ns

    Location             Delay type                Incr(ns)  Path(ns)    Netlist Resource(s)
  -------------------------------------------------------------------    -------------------
                         (clock clk_out1_clk_wiz_0 rise edge)
                                                      0.000     0.000 r  
    BUFGCTRL_X0Y2        BUFG                         0.000     0.000 r  clk_IBUF_BUFG_inst/O
                         net (fo=297, routed)         0.745     0.745    datapath/video_inst/mmcm_adv_inst_display_clocks/inst/clk_in1
    MMCME2_ADV_X1Y0      MMCME2_ADV (Prop_mmcme2_adv_CLKIN1_CLKOUT0)
                                                     -1.683    -0.938 r  datapath/video_inst/mmcm_adv_inst_display_clocks/inst/mmcm_adv_inst/CLKOUT0
                         net (fo=1, routed)           0.912    -0.026    datapath/video_inst/mmcm_adv_inst_display_clocks/inst/clk_out1_clk_wiz_0
    BUFGCTRL_X0Y4        BUFG (Prop_bufg_I_O)         0.026    -0.000 r  datapath/video_inst/mmcm_adv_inst_display_clocks/inst/clkout1_buf/O
                         net (fo=63, routed)          0.643     0.643    datapath/video_inst/inst_dvid/TDMS_encoder_red/CLK
    SLICE_X162Y133       FDRE                                         r  datapath/video_inst/inst_dvid/TDMS_encoder_red/encoded_reg[8]/C
  -------------------------------------------------------------------    -------------------
    SLICE_X162Y133       FDRE (Prop_fdre_C_Q)         0.164     0.807 r  datapath/video_inst/inst_dvid/TDMS_encoder_red/encoded_reg[8]/Q
                         net (fo=1, routed)           0.110     0.917    datapath/video_inst/inst_dvid/TDMS_encoder_red_n_1
    SLICE_X162Y133       FDRE                                         r  datapath/video_inst/inst_dvid/latched_red_reg[8]/D
  -------------------------------------------------------------------    -------------------

                         (clock clk_out1_clk_wiz_0 rise edge)
                                                      0.000     0.000 r  
    BUFGCTRL_X0Y2        BUFG                         0.000     0.000 r  clk_IBUF_BUFG_inst/O
                         net (fo=297, routed)         1.022     1.022    datapath/video_inst/mmcm_adv_inst_display_clocks/inst/clk_in1
    MMCME2_ADV_X1Y0      MMCME2_ADV (Prop_mmcme2_adv_CLKIN1_CLKOUT0)
                                                     -2.040    -1.018 r  datapath/video_inst/mmcm_adv_inst_display_clocks/inst/mmcm_adv_inst/CLKOUT0
                         net (fo=1, routed)           0.989    -0.029    datapath/video_inst/mmcm_adv_inst_display_clocks/inst/clk_out1_clk_wiz_0
    BUFGCTRL_X0Y4        BUFG (Prop_bufg_I_O)         0.029    -0.000 r  datapath/video_inst/mmcm_adv_inst_display_clocks/inst/clkout1_buf/O
                         net (fo=63, routed)          0.914     0.914    datapath/video_inst/inst_dvid/CLK
    SLICE_X162Y133       FDRE                                         r  datapath/video_inst/inst_dvid/latched_red_reg[8]/C
                         clock pessimism             -0.271     0.643    
    SLICE_X162Y133       FDRE (Hold_fdre_C_D)         0.063     0.706    datapath/video_inst/inst_dvid/latched_red_reg[8]
  -------------------------------------------------------------------
                         required time                         -0.706    
                         arrival time                           0.917    
  -------------------------------------------------------------------
                         slack                                  0.211    

Slack (MET) :             0.228ns  (arrival time - required time)
  Source:                 datapath/video_inst/inst_dvid/TDMS_encoder_green/encoded_reg[8]/C
                            (rising edge-triggered cell FDRE clocked by clk_out1_clk_wiz_0  {rise@0.000ns fall@20.000ns period=40.000ns})
  Destination:            datapath/video_inst/inst_dvid/latched_green_reg[8]/D
                            (rising edge-triggered cell FDRE clocked by clk_out1_clk_wiz_0  {rise@0.000ns fall@20.000ns period=40.000ns})
  Path Group:             clk_out1_clk_wiz_0
  Path Type:              Hold (Min at Fast Process Corner)
  Requirement:            0.000ns  (clk_out1_clk_wiz_0 rise@0.000ns - clk_out1_clk_wiz_0 rise@0.000ns)
  Data Path Delay:        0.247ns  (logic 0.128ns (51.736%)  route 0.119ns (48.264%))
  Logic Levels:           0  
  Clock Path Skew:        0.013ns (DCD - SCD - CPR)
    Destination Clock Delay (DCD):    0.914ns
    Source Clock Delay      (SCD):    0.643ns
    Clock Pessimism Removal (CPR):    0.258ns

    Location             Delay type                Incr(ns)  Path(ns)    Netlist Resource(s)
  -------------------------------------------------------------------    -------------------
                         (clock clk_out1_clk_wiz_0 rise edge)
                                                      0.000     0.000 r  
    BUFGCTRL_X0Y2        BUFG                         0.000     0.000 r  clk_IBUF_BUFG_inst/O
                         net (fo=297, routed)         0.745     0.745    datapath/video_inst/mmcm_adv_inst_display_clocks/inst/clk_in1
    MMCME2_ADV_X1Y0      MMCME2_ADV (Prop_mmcme2_adv_CLKIN1_CLKOUT0)
                                                     -1.683    -0.938 r  datapath/video_inst/mmcm_adv_inst_display_clocks/inst/mmcm_adv_inst/CLKOUT0
                         net (fo=1, routed)           0.912    -0.026    datapath/video_inst/mmcm_adv_inst_display_clocks/inst/clk_out1_clk_wiz_0
    BUFGCTRL_X0Y4        BUFG (Prop_bufg_I_O)         0.026    -0.000 r  datapath/video_inst/mmcm_adv_inst_display_clocks/inst/clkout1_buf/O
                         net (fo=63, routed)          0.643     0.643    datapath/video_inst/inst_dvid/TDMS_encoder_green/CLK
    SLICE_X159Y134       FDRE                                         r  datapath/video_inst/inst_dvid/TDMS_encoder_green/encoded_reg[8]/C
  -------------------------------------------------------------------    -------------------
    SLICE_X159Y134       FDRE (Prop_fdre_C_Q)         0.128     0.771 r  datapath/video_inst/inst_dvid/TDMS_encoder_green/encoded_reg[8]/Q
                         net (fo=1, routed)           0.119     0.890    datapath/video_inst/inst_dvid/TDMS_encoder_green_n_1
    SLICE_X158Y134       FDRE                                         r  datapath/video_inst/inst_dvid/latched_green_reg[8]/D
  -------------------------------------------------------------------    -------------------

                         (clock clk_out1_clk_wiz_0 rise edge)
                                                      0.000     0.000 r  
    BUFGCTRL_X0Y2        BUFG                         0.000     0.000 r  clk_IBUF_BUFG_inst/O
                         net (fo=297, routed)         1.022     1.022    datapath/video_inst/mmcm_adv_inst_display_clocks/inst/clk_in1
    MMCME2_ADV_X1Y0      MMCME2_ADV (Prop_mmcme2_adv_CLKIN1_CLKOUT0)
                                                     -2.040    -1.018 r  datapath/video_inst/mmcm_adv_inst_display_clocks/inst/mmcm_adv_inst/CLKOUT0
                         net (fo=1, routed)           0.989    -0.029    datapath/video_inst/mmcm_adv_inst_display_clocks/inst/clk_out1_clk_wiz_0
    BUFGCTRL_X0Y4        BUFG (Prop_bufg_I_O)         0.029    -0.000 r  datapath/video_inst/mmcm_adv_inst_display_clocks/inst/clkout1_buf/O
                         net (fo=63, routed)          0.914     0.914    datapath/video_inst/inst_dvid/CLK
    SLICE_X158Y134       FDRE                                         r  datapath/video_inst/inst_dvid/latched_green_reg[8]/C
                         clock pessimism             -0.258     0.656    
    SLICE_X158Y134       FDRE (Hold_fdre_C_D)         0.006     0.662    datapath/video_inst/inst_dvid/latched_green_reg[8]
  -------------------------------------------------------------------
                         required time                         -0.662    
                         arrival time                           0.890    
  -------------------------------------------------------------------
                         slack                                  0.228    

Slack (MET) :             0.231ns  (arrival time - required time)
  Source:                 datapath/video_inst/inst_dvid/TDMS_encoder_blue/encoded_reg[4]/C
                            (rising edge-triggered cell FDRE clocked by clk_out1_clk_wiz_0  {rise@0.000ns fall@20.000ns period=40.000ns})
  Destination:            datapath/video_inst/inst_dvid/latched_blue_reg[4]/D
                            (rising edge-triggered cell FDRE clocked by clk_out1_clk_wiz_0  {rise@0.000ns fall@20.000ns period=40.000ns})
  Path Group:             clk_out1_clk_wiz_0
  Path Type:              Hold (Min at Fast Process Corner)
  Requirement:            0.000ns  (clk_out1_clk_wiz_0 rise@0.000ns - clk_out1_clk_wiz_0 rise@0.000ns)
  Data Path Delay:        0.247ns  (logic 0.128ns (51.736%)  route 0.119ns (48.264%))
  Logic Levels:           0  
  Clock Path Skew:        0.000ns (DCD - SCD - CPR)
    Destination Clock Delay (DCD):    0.915ns
    Source Clock Delay      (SCD):    0.644ns
    Clock Pessimism Removal (CPR):    0.271ns

    Location             Delay type                Incr(ns)  Path(ns)    Netlist Resource(s)
  -------------------------------------------------------------------    -------------------
                         (clock clk_out1_clk_wiz_0 rise edge)
                                                      0.000     0.000 r  
    BUFGCTRL_X0Y2        BUFG                         0.000     0.000 r  clk_IBUF_BUFG_inst/O
                         net (fo=297, routed)         0.745     0.745    datapath/video_inst/mmcm_adv_inst_display_clocks/inst/clk_in1
    MMCME2_ADV_X1Y0      MMCME2_ADV (Prop_mmcme2_adv_CLKIN1_CLKOUT0)
                                                     -1.683    -0.938 r  datapath/video_inst/mmcm_adv_inst_display_clocks/inst/mmcm_adv_inst/CLKOUT0
                         net (fo=1, routed)           0.912    -0.026    datapath/video_inst/mmcm_adv_inst_display_clocks/inst/clk_out1_clk_wiz_0
    BUFGCTRL_X0Y4        BUFG (Prop_bufg_I_O)         0.026    -0.000 r  datapath/video_inst/mmcm_adv_inst_display_clocks/inst/clkout1_buf/O
                         net (fo=63, routed)          0.644     0.644    datapath/video_inst/inst_dvid/TDMS_encoder_blue/CLK
    SLICE_X160Y134       FDRE                                         r  datapath/video_inst/inst_dvid/TDMS_encoder_blue/encoded_reg[4]/C
  -------------------------------------------------------------------    -------------------
    SLICE_X160Y134       FDRE (Prop_fdre_C_Q)         0.128     0.772 r  datapath/video_inst/inst_dvid/TDMS_encoder_blue/encoded_reg[4]/Q
                         net (fo=1, routed)           0.119     0.891    datapath/video_inst/inst_dvid/TDMS_encoder_blue_n_2
    SLICE_X160Y134       FDRE                                         r  datapath/video_inst/inst_dvid/latched_blue_reg[4]/D
  -------------------------------------------------------------------    -------------------

                         (clock clk_out1_clk_wiz_0 rise edge)
                                                      0.000     0.000 r  
    BUFGCTRL_X0Y2        BUFG                         0.000     0.000 r  clk_IBUF_BUFG_inst/O
                         net (fo=297, routed)         1.022     1.022    datapath/video_inst/mmcm_adv_inst_display_clocks/inst/clk_in1
    MMCME2_ADV_X1Y0      MMCME2_ADV (Prop_mmcme2_adv_CLKIN1_CLKOUT0)
                                                     -2.040    -1.018 r  datapath/video_inst/mmcm_adv_inst_display_clocks/inst/mmcm_adv_inst/CLKOUT0
                         net (fo=1, routed)           0.989    -0.029    datapath/video_inst/mmcm_adv_inst_display_clocks/inst/clk_out1_clk_wiz_0
    BUFGCTRL_X0Y4        BUFG (Prop_bufg_I_O)         0.029    -0.000 r  datapath/video_inst/mmcm_adv_inst_display_clocks/inst/clkout1_buf/O
                         net (fo=63, routed)          0.915     0.915    datapath/video_inst/inst_dvid/CLK
    SLICE_X160Y134       FDRE                                         r  datapath/video_inst/inst_dvid/latched_blue_reg[4]/C
                         clock pessimism             -0.271     0.644    
    SLICE_X160Y134       FDRE (Hold_fdre_C_D)         0.016     0.660    datapath/video_inst/inst_dvid/latched_blue_reg[4]
  -------------------------------------------------------------------
                         required time                         -0.660    
                         arrival time                           0.891    
  -------------------------------------------------------------------
                         slack                                  0.231    

Slack (MET) :             0.234ns  (arrival time - required time)
  Source:                 datapath/video_inst/Inst_vga/sig_gen/vga_reg[vsync]/C
                            (rising edge-triggered cell FDRE clocked by clk_out1_clk_wiz_0  {rise@0.000ns fall@20.000ns period=40.000ns})
  Destination:            datapath/video_inst/inst_dvid/TDMS_encoder_blue/encoded_reg[9]/D
                            (rising edge-triggered cell FDRE clocked by clk_out1_clk_wiz_0  {rise@0.000ns fall@20.000ns period=40.000ns})
  Path Group:             clk_out1_clk_wiz_0
  Path Type:              Hold (Min at Fast Process Corner)
  Requirement:            0.000ns  (clk_out1_clk_wiz_0 rise@0.000ns - clk_out1_clk_wiz_0 rise@0.000ns)
  Data Path Delay:        0.369ns  (logic 0.186ns (50.350%)  route 0.183ns (49.650%))
  Logic Levels:           1  (LUT6=1)
  Clock Path Skew:        0.015ns (DCD - SCD - CPR)
    Destination Clock Delay (DCD):    0.914ns
    Source Clock Delay      (SCD):    0.642ns
    Clock Pessimism Removal (CPR):    0.257ns

    Location             Delay type                Incr(ns)  Path(ns)    Netlist Resource(s)
  -------------------------------------------------------------------    -------------------
                         (clock clk_out1_clk_wiz_0 rise edge)
                                                      0.000     0.000 r  
    BUFGCTRL_X0Y2        BUFG                         0.000     0.000 r  clk_IBUF_BUFG_inst/O
                         net (fo=297, routed)         0.745     0.745    datapath/video_inst/mmcm_adv_inst_display_clocks/inst/clk_in1
    MMCME2_ADV_X1Y0      MMCME2_ADV (Prop_mmcme2_adv_CLKIN1_CLKOUT0)
                                                     -1.683    -0.938 r  datapath/video_inst/mmcm_adv_inst_display_clocks/inst/mmcm_adv_inst/CLKOUT0
                         net (fo=1, routed)           0.912    -0.026    datapath/video_inst/mmcm_adv_inst_display_clocks/inst/clk_out1_clk_wiz_0
    BUFGCTRL_X0Y4        BUFG (Prop_bufg_I_O)         0.026    -0.000 r  datapath/video_inst/mmcm_adv_inst_display_clocks/inst/clkout1_buf/O
                         net (fo=63, routed)          0.642     0.642    datapath/video_inst/Inst_vga/sig_gen/CLK
    SLICE_X157Y133       FDRE                                         r  datapath/video_inst/Inst_vga/sig_gen/vga_reg[vsync]/C
  -------------------------------------------------------------------    -------------------
    SLICE_X157Y133       FDRE (Prop_fdre_C_Q)         0.141     0.783 r  datapath/video_inst/Inst_vga/sig_gen/vga_reg[vsync]/Q
                         net (fo=1, routed)           0.183     0.966    datapath/video_inst/Inst_vga/sig_gen/horizontal_counter/vga_signal[vsync]
    SLICE_X158Y134       LUT6 (Prop_lut6_I2_O)        0.045     1.011 r  datapath/video_inst/Inst_vga/sig_gen/horizontal_counter/TDMS_encoder_blue/encoded[9]_i_1/O
                         net (fo=1, routed)           0.000     1.011    datapath/video_inst/inst_dvid/TDMS_encoder_blue/encoded_reg[9]_0
    SLICE_X158Y134       FDRE                                         r  datapath/video_inst/inst_dvid/TDMS_encoder_blue/encoded_reg[9]/D
  -------------------------------------------------------------------    -------------------

                         (clock clk_out1_clk_wiz_0 rise edge)
                                                      0.000     0.000 r  
    BUFGCTRL_X0Y2        BUFG                         0.000     0.000 r  clk_IBUF_BUFG_inst/O
                         net (fo=297, routed)         1.022     1.022    datapath/video_inst/mmcm_adv_inst_display_clocks/inst/clk_in1
    MMCME2_ADV_X1Y0      MMCME2_ADV (Prop_mmcme2_adv_CLKIN1_CLKOUT0)
                                                     -2.040    -1.018 r  datapath/video_inst/mmcm_adv_inst_display_clocks/inst/mmcm_adv_inst/CLKOUT0
                         net (fo=1, routed)           0.989    -0.029    datapath/video_inst/mmcm_adv_inst_display_clocks/inst/clk_out1_clk_wiz_0
    BUFGCTRL_X0Y4        BUFG (Prop_bufg_I_O)         0.029    -0.000 r  datapath/video_inst/mmcm_adv_inst_display_clocks/inst/clkout1_buf/O
                         net (fo=63, routed)          0.914     0.914    datapath/video_inst/inst_dvid/TDMS_encoder_blue/CLK
    SLICE_X158Y134       FDRE                                         r  datapath/video_inst/inst_dvid/TDMS_encoder_blue/encoded_reg[9]/C
                         clock pessimism             -0.257     0.657    
    SLICE_X158Y134       FDRE (Hold_fdre_C_D)         0.120     0.777    datapath/video_inst/inst_dvid/TDMS_encoder_blue/encoded_reg[9]
  -------------------------------------------------------------------
                         required time                         -0.777    
                         arrival time                           1.011    
  -------------------------------------------------------------------
                         slack                                  0.234    

Slack (MET) :             0.244ns  (arrival time - required time)
  Source:                 datapath/video_inst/inst_dvid/TDMS_encoder_green/encoded_reg[0]/C
                            (rising edge-triggered cell FDRE clocked by clk_out1_clk_wiz_0  {rise@0.000ns fall@20.000ns period=40.000ns})
  Destination:            datapath/video_inst/inst_dvid/latched_green_reg[0]/D
                            (rising edge-triggered cell FDRE clocked by clk_out1_clk_wiz_0  {rise@0.000ns fall@20.000ns period=40.000ns})
  Path Group:             clk_out1_clk_wiz_0
  Path Type:              Hold (Min at Fast Process Corner)
  Requirement:            0.000ns  (clk_out1_clk_wiz_0 rise@0.000ns - clk_out1_clk_wiz_0 rise@0.000ns)
  Data Path Delay:        0.308ns  (logic 0.164ns (53.223%)  route 0.144ns (46.777%))
  Logic Levels:           0  
  Clock Path Skew:        0.000ns (DCD - SCD - CPR)
    Destination Clock Delay (DCD):    0.915ns
    Source Clock Delay      (SCD):    0.643ns
    Clock Pessimism Removal (CPR):    0.272ns

    Location             Delay type                Incr(ns)  Path(ns)    Netlist Resource(s)
  -------------------------------------------------------------------    -------------------
                         (clock clk_out1_clk_wiz_0 rise edge)
                                                      0.000     0.000 r  
    BUFGCTRL_X0Y2        BUFG                         0.000     0.000 r  clk_IBUF_BUFG_inst/O
                         net (fo=297, routed)         0.745     0.745    datapath/video_inst/mmcm_adv_inst_display_clocks/inst/clk_in1
    MMCME2_ADV_X1Y0      MMCME2_ADV (Prop_mmcme2_adv_CLKIN1_CLKOUT0)
                                                     -1.683    -0.938 r  datapath/video_inst/mmcm_adv_inst_display_clocks/inst/mmcm_adv_inst/CLKOUT0
                         net (fo=1, routed)           0.912    -0.026    datapath/video_inst/mmcm_adv_inst_display_clocks/inst/clk_out1_clk_wiz_0
    BUFGCTRL_X0Y4        BUFG (Prop_bufg_I_O)         0.026    -0.000 r  datapath/video_inst/mmcm_adv_inst_display_clocks/inst/clkout1_buf/O
                         net (fo=63, routed)          0.643     0.643    datapath/video_inst/inst_dvid/TDMS_encoder_green/CLK
    SLICE_X158Y135       FDRE                                         r  datapath/video_inst/inst_dvid/TDMS_encoder_green/encoded_reg[0]/C
  -------------------------------------------------------------------    -------------------
    SLICE_X158Y135       FDRE (Prop_fdre_C_Q)         0.164     0.807 r  datapath/video_inst/inst_dvid/TDMS_encoder_green/encoded_reg[0]/Q
                         net (fo=1, routed)           0.144     0.951    datapath/video_inst/inst_dvid/TDMS_encoder_green_n_3
    SLICE_X158Y135       FDRE                                         r  datapath/video_inst/inst_dvid/latched_green_reg[0]/D
  -------------------------------------------------------------------    -------------------

                         (clock clk_out1_clk_wiz_0 rise edge)
                                                      0.000     0.000 r  
    BUFGCTRL_X0Y2        BUFG                         0.000     0.000 r  clk_IBUF_BUFG_inst/O
                         net (fo=297, routed)         1.022     1.022    datapath/video_inst/mmcm_adv_inst_display_clocks/inst/clk_in1
    MMCME2_ADV_X1Y0      MMCME2_ADV (Prop_mmcme2_adv_CLKIN1_CLKOUT0)
                                                     -2.040    -1.018 r  datapath/video_inst/mmcm_adv_inst_display_clocks/inst/mmcm_adv_inst/CLKOUT0
                         net (fo=1, routed)           0.989    -0.029    datapath/video_inst/mmcm_adv_inst_display_clocks/inst/clk_out1_clk_wiz_0
    BUFGCTRL_X0Y4        BUFG (Prop_bufg_I_O)         0.029    -0.000 r  datapath/video_inst/mmcm_adv_inst_display_clocks/inst/clkout1_buf/O
                         net (fo=63, routed)          0.915     0.915    datapath/video_inst/inst_dvid/CLK
    SLICE_X158Y135       FDRE                                         r  datapath/video_inst/inst_dvid/latched_green_reg[0]/C
                         clock pessimism             -0.272     0.643    
    SLICE_X158Y135       FDRE (Hold_fdre_C_D)         0.064     0.707    datapath/video_inst/inst_dvid/latched_green_reg[0]
  -------------------------------------------------------------------
                         required time                         -0.707    
                         arrival time                           0.951    
  -------------------------------------------------------------------
                         slack                                  0.244    

Slack (MET) :             0.244ns  (arrival time - required time)
  Source:                 datapath/video_inst/Inst_vga/sig_gen/horizontal_counter/processQ_reg[8]/C
                            (rising edge-triggered cell FDRE clocked by clk_out1_clk_wiz_0  {rise@0.000ns fall@20.000ns period=40.000ns})
  Destination:            datapath/video_inst/Inst_vga/sig_gen/horizontal_counter/processQ_reg[9]/D
                            (rising edge-triggered cell FDRE clocked by clk_out1_clk_wiz_0  {rise@0.000ns fall@20.000ns period=40.000ns})
  Path Group:             clk_out1_clk_wiz_0
  Path Type:              Hold (Min at Fast Process Corner)
  Requirement:            0.000ns  (clk_out1_clk_wiz_0 rise@0.000ns - clk_out1_clk_wiz_0 rise@0.000ns)
  Data Path Delay:        0.351ns  (logic 0.183ns (52.092%)  route 0.168ns (47.908%))
  Logic Levels:           1  (LUT4=1)
  Clock Path Skew:        0.000ns (DCD - SCD - CPR)
    Destination Clock Delay (DCD):    0.884ns
    Source Clock Delay      (SCD):    0.614ns
    Clock Pessimism Removal (CPR):    0.270ns

    Location             Delay type                Incr(ns)  Path(ns)    Netlist Resource(s)
  -------------------------------------------------------------------    -------------------
                         (clock clk_out1_clk_wiz_0 rise edge)
                                                      0.000     0.000 r  
    BUFGCTRL_X0Y2        BUFG                         0.000     0.000 r  clk_IBUF_BUFG_inst/O
                         net (fo=297, routed)         0.745     0.745    datapath/video_inst/mmcm_adv_inst_display_clocks/inst/clk_in1
    MMCME2_ADV_X1Y0      MMCME2_ADV (Prop_mmcme2_adv_CLKIN1_CLKOUT0)
                                                     -1.683    -0.938 r  datapath/video_inst/mmcm_adv_inst_display_clocks/inst/mmcm_adv_inst/CLKOUT0
                         net (fo=1, routed)           0.912    -0.026    datapath/video_inst/mmcm_adv_inst_display_clocks/inst/clk_out1_clk_wiz_0
    BUFGCTRL_X0Y4        BUFG (Prop_bufg_I_O)         0.026    -0.000 r  datapath/video_inst/mmcm_adv_inst_display_clocks/inst/clkout1_buf/O
                         net (fo=63, routed)          0.614     0.614    datapath/video_inst/Inst_vga/sig_gen/horizontal_counter/CLK
    SLICE_X151Y132       FDRE                                         r  datapath/video_inst/Inst_vga/sig_gen/horizontal_counter/processQ_reg[8]/C
  -------------------------------------------------------------------    -------------------
    SLICE_X151Y132       FDRE (Prop_fdre_C_Q)         0.141     0.755 r  datapath/video_inst/Inst_vga/sig_gen/horizontal_counter/processQ_reg[8]/Q
                         net (fo=26, routed)          0.168     0.923    datapath/video_inst/Inst_vga/sig_gen/horizontal_counter/Q[8]
    SLICE_X151Y132       LUT4 (Prop_lut4_I1_O)        0.042     0.965 r  datapath/video_inst/Inst_vga/sig_gen/horizontal_counter/processQ[9]_i_3__0/O
                         net (fo=1, routed)           0.000     0.965    datapath/video_inst/Inst_vga/sig_gen/horizontal_counter/plusOp[9]
    SLICE_X151Y132       FDRE                                         r  datapath/video_inst/Inst_vga/sig_gen/horizontal_counter/processQ_reg[9]/D
  -------------------------------------------------------------------    -------------------

                         (clock clk_out1_clk_wiz_0 rise edge)
                                                      0.000     0.000 r  
    BUFGCTRL_X0Y2        BUFG                         0.000     0.000 r  clk_IBUF_BUFG_inst/O
                         net (fo=297, routed)         1.022     1.022    datapath/video_inst/mmcm_adv_inst_display_clocks/inst/clk_in1
    MMCME2_ADV_X1Y0      MMCME2_ADV (Prop_mmcme2_adv_CLKIN1_CLKOUT0)
                                                     -2.040    -1.018 r  datapath/video_inst/mmcm_adv_inst_display_clocks/inst/mmcm_adv_inst/CLKOUT0
                         net (fo=1, routed)           0.989    -0.029    datapath/video_inst/mmcm_adv_inst_display_clocks/inst/clk_out1_clk_wiz_0
    BUFGCTRL_X0Y4        BUFG (Prop_bufg_I_O)         0.029    -0.000 r  datapath/video_inst/mmcm_adv_inst_display_clocks/inst/clkout1_buf/O
                         net (fo=63, routed)          0.884     0.884    datapath/video_inst/Inst_vga/sig_gen/horizontal_counter/CLK
    SLICE_X151Y132       FDRE                                         r  datapath/video_inst/Inst_vga/sig_gen/horizontal_counter/processQ_reg[9]/C
                         clock pessimism             -0.270     0.614    
    SLICE_X151Y132       FDRE (Hold_fdre_C_D)         0.107     0.721    datapath/video_inst/Inst_vga/sig_gen/horizontal_counter/processQ_reg[9]
  -------------------------------------------------------------------
                         required time                         -0.721    
                         arrival time                           0.965    
  -------------------------------------------------------------------
                         slack                                  0.244    





Pulse Width Checks
--------------------------------------------------------------------------------------
Clock Name:         clk_out1_clk_wiz_0
Waveform(ns):       { 0.000 20.000 }
Period(ns):         40.000
Sources:            { datapath/video_inst/mmcm_adv_inst_display_clocks/inst/mmcm_adv_inst/CLKOUT0 }

Check Type        Corner  Lib Pin             Reference Pin  Required(ns)  Actual(ns)  Slack(ns)  Location         Pin
Min Period        n/a     BUFG/I              n/a            2.155         40.000      37.845     BUFGCTRL_X0Y4    datapath/video_inst/mmcm_adv_inst_display_clocks/inst/clkout1_buf/I
Min Period        n/a     MMCME2_ADV/CLKOUT0  n/a            1.249         40.000      38.751     MMCME2_ADV_X1Y0  datapath/video_inst/mmcm_adv_inst_display_clocks/inst/mmcm_adv_inst/CLKOUT0
Min Period        n/a     FDRE/C              n/a            1.000         40.000      39.000     SLICE_X151Y133   datapath/video_inst/Inst_vga/sig_gen/vga_reg[blank]/C
Min Period        n/a     FDRE/C              n/a            1.000         40.000      39.000     SLICE_X157Y132   datapath/video_inst/Inst_vga/sig_gen/vga_reg[hsync]/C
Min Period        n/a     FDRE/C              n/a            1.000         40.000      39.000     SLICE_X157Y133   datapath/video_inst/Inst_vga/sig_gen/vga_reg[vsync]/C
Min Period        n/a     FDRE/C              n/a            1.000         40.000      39.000     SLICE_X153Y131   datapath/video_inst/Inst_vga/sig_gen/horizontal_counter/processQ_reg[0]/C
Min Period        n/a     FDRE/C              n/a            1.000         40.000      39.000     SLICE_X152Y132   datapath/video_inst/Inst_vga/sig_gen/horizontal_counter/processQ_reg[1]/C
Min Period        n/a     FDRE/C              n/a            1.000         40.000      39.000     SLICE_X153Y132   datapath/video_inst/Inst_vga/sig_gen/horizontal_counter/processQ_reg[2]/C
Min Period        n/a     FDRE/C              n/a            1.000         40.000      39.000     SLICE_X152Y132   datapath/video_inst/Inst_vga/sig_gen/horizontal_counter/processQ_reg[3]/C
Min Period        n/a     FDRE/C              n/a            1.000         40.000      39.000     SLICE_X151Y131   datapath/video_inst/Inst_vga/sig_gen/horizontal_counter/processQ_reg[4]/C
Max Period        n/a     MMCME2_ADV/CLKOUT0  n/a            213.360       40.000      173.360    MMCME2_ADV_X1Y0  datapath/video_inst/mmcm_adv_inst_display_clocks/inst/mmcm_adv_inst/CLKOUT0
Low Pulse Width   Slow    FDRE/C              n/a            0.500         20.000      19.500     SLICE_X151Y133   datapath/video_inst/Inst_vga/sig_gen/vga_reg[blank]/C
Low Pulse Width   Fast    FDRE/C              n/a            0.500         20.000      19.500     SLICE_X151Y133   datapath/video_inst/Inst_vga/sig_gen/vga_reg[blank]/C
Low Pulse Width   Slow    FDRE/C              n/a            0.500         20.000      19.500     SLICE_X157Y132   datapath/video_inst/Inst_vga/sig_gen/vga_reg[hsync]/C
Low Pulse Width   Fast    FDRE/C              n/a            0.500         20.000      19.500     SLICE_X157Y132   datapath/video_inst/Inst_vga/sig_gen/vga_reg[hsync]/C
Low Pulse Width   Slow    FDRE/C              n/a            0.500         20.000      19.500     SLICE_X157Y133   datapath/video_inst/Inst_vga/sig_gen/vga_reg[vsync]/C
Low Pulse Width   Fast    FDRE/C              n/a            0.500         20.000      19.500     SLICE_X157Y133   datapath/video_inst/Inst_vga/sig_gen/vga_reg[vsync]/C
Low Pulse Width   Slow    FDRE/C              n/a            0.500         20.000      19.500     SLICE_X153Y131   datapath/video_inst/Inst_vga/sig_gen/horizontal_counter/processQ_reg[0]/C
Low Pulse Width   Fast    FDRE/C              n/a            0.500         20.000      19.500     SLICE_X153Y131   datapath/video_inst/Inst_vga/sig_gen/horizontal_counter/processQ_reg[0]/C
Low Pulse Width   Slow    FDRE/C              n/a            0.500         20.000      19.500     SLICE_X152Y132   datapath/video_inst/Inst_vga/sig_gen/horizontal_counter/processQ_reg[1]/C
Low Pulse Width   Fast    FDRE/C              n/a            0.500         20.000      19.500     SLICE_X152Y132   datapath/video_inst/Inst_vga/sig_gen/horizontal_counter/processQ_reg[1]/C
High Pulse Width  Slow    FDRE/C              n/a            0.500         20.000      19.500     SLICE_X151Y133   datapath/video_inst/Inst_vga/sig_gen/vga_reg[blank]/C
High Pulse Width  Fast    FDRE/C              n/a            0.500         20.000      19.500     SLICE_X151Y133   datapath/video_inst/Inst_vga/sig_gen/vga_reg[blank]/C
High Pulse Width  Slow    FDRE/C              n/a            0.500         20.000      19.500     SLICE_X157Y132   datapath/video_inst/Inst_vga/sig_gen/vga_reg[hsync]/C
High Pulse Width  Fast    FDRE/C              n/a            0.500         20.000      19.500     SLICE_X157Y132   datapath/video_inst/Inst_vga/sig_gen/vga_reg[hsync]/C
High Pulse Width  Slow    FDRE/C              n/a            0.500         20.000      19.500     SLICE_X157Y133   datapath/video_inst/Inst_vga/sig_gen/vga_reg[vsync]/C
High Pulse Width  Fast    FDRE/C              n/a            0.500         20.000      19.500     SLICE_X157Y133   datapath/video_inst/Inst_vga/sig_gen/vga_reg[vsync]/C
High Pulse Width  Slow    FDRE/C              n/a            0.500         20.000      19.500     SLICE_X153Y131   datapath/video_inst/Inst_vga/sig_gen/horizontal_counter/processQ_reg[0]/C
High Pulse Width  Fast    FDRE/C              n/a            0.500         20.000      19.500     SLICE_X153Y131   datapath/video_inst/Inst_vga/sig_gen/horizontal_counter/processQ_reg[0]/C
High Pulse Width  Slow    FDRE/C              n/a            0.500         20.000      19.500     SLICE_X152Y132   datapath/video_inst/Inst_vga/sig_gen/horizontal_counter/processQ_reg[1]/C
High Pulse Width  Fast    FDRE/C              n/a            0.500         20.000      19.500     SLICE_X152Y132   datapath/video_inst/Inst_vga/sig_gen/horizontal_counter/processQ_reg[1]/C



---------------------------------------------------------------------------------------------------
From Clock:  clk_out2_clk_wiz_0
  To Clock:  clk_out2_clk_wiz_0

Setup :            0  Failing Endpoints,  Worst Slack        3.462ns,  Total Violation        0.000ns
Hold  :            0  Failing Endpoints,  Worst Slack        0.196ns,  Total Violation        0.000ns
PW    :            0  Failing Endpoints,  Worst Slack        3.500ns,  Total Violation        0.000ns
---------------------------------------------------------------------------------------------------


Max Delay Paths
--------------------------------------------------------------------------------------
Slack (MET) :             3.462ns  (required time - arrival time)
  Source:                 datapath/video_inst/inst_dvid/shift_clock_reg[1]/C
                            (rising edge-triggered cell FDRE clocked by clk_out2_clk_wiz_0  {rise@0.000ns fall@4.000ns period=8.000ns})
  Destination:            datapath/video_inst/inst_dvid/shift_red_reg[0]/S
                            (rising edge-triggered cell FDSE clocked by clk_out2_clk_wiz_0  {rise@0.000ns fall@4.000ns period=8.000ns})
  Path Group:             clk_out2_clk_wiz_0
  Path Type:              Setup (Max at Slow Process Corner)
  Requirement:            8.000ns  (clk_out2_clk_wiz_0 rise@8.000ns - clk_out2_clk_wiz_0 rise@0.000ns)
  Data Path Delay:        3.905ns  (logic 0.828ns (21.203%)  route 3.077ns (78.797%))
  Logic Levels:           3  (LUT2=1 LUT5=1 LUT6=1)
  Clock Path Skew:        -0.037ns (DCD - SCD + CPR)
    Destination Clock Delay (DCD):    1.707ns = ( 9.707 - 8.000 ) 
    Source Clock Delay      (SCD):    1.833ns
    Clock Pessimism Removal (CPR):    0.089ns
  Clock Uncertainty:      0.072ns  ((TSJ^2 + DJ^2)^1/2) / 2 + PE
    Total System Jitter     (TSJ):    0.071ns
    Discrete Jitter          (DJ):    0.125ns
    Phase Error              (PE):    0.000ns

    Location             Delay type                Incr(ns)  Path(ns)    Netlist Resource(s)
  -------------------------------------------------------------------    -------------------
                         (clock clk_out2_clk_wiz_0 rise edge)
                                                      0.000     0.000 r  
    BUFGCTRL_X0Y2        BUFG                         0.000     0.000 r  clk_IBUF_BUFG_inst/O
                         net (fo=297, routed)         2.106     2.106    datapath/video_inst/mmcm_adv_inst_display_clocks/inst/clk_in1
    MMCME2_ADV_X1Y0      MMCME2_ADV (Prop_mmcme2_adv_CLKIN1_CLKOUT1)
                                                     -4.900    -2.793 r  datapath/video_inst/mmcm_adv_inst_display_clocks/inst/mmcm_adv_inst/CLKOUT1
                         net (fo=1, routed)           2.697    -0.096    datapath/video_inst/mmcm_adv_inst_display_clocks/inst/clk_out2_clk_wiz_0
    BUFGCTRL_X0Y0        BUFG (Prop_bufg_I_O)         0.096    -0.000 r  datapath/video_inst/mmcm_adv_inst_display_clocks/inst/clkout2_buf/O
                         net (fo=44, routed)          1.833     1.833    datapath/video_inst/inst_dvid/clk_out2
    SLICE_X163Y148       FDRE                                         r  datapath/video_inst/inst_dvid/shift_clock_reg[1]/C
  -------------------------------------------------------------------    -------------------
    SLICE_X163Y148       FDRE (Prop_fdre_C_Q)         0.456     2.289 r  datapath/video_inst/inst_dvid/shift_clock_reg[1]/Q
                         net (fo=3, routed)           0.845     3.134    datapath/video_inst/inst_dvid/shift_clock[1]
    SLICE_X162Y148       LUT6 (Prop_lut6_I4_O)        0.124     3.258 f  datapath/video_inst/inst_dvid/shift_red[9]_i_2/O
                         net (fo=1, routed)           0.307     3.565    datapath/video_inst/inst_dvid/shift_red[9]_i_2_n_0
    SLICE_X162Y147       LUT5 (Prop_lut5_I0_O)        0.124     3.689 f  datapath/video_inst/inst_dvid/shift_red[9]_i_1/O
                         net (fo=31, routed)          1.144     4.834    datapath/video_inst/inst_dvid/shift_red[9]_i_1_n_0
    SLICE_X162Y133       LUT2 (Prop_lut2_I1_O)        0.124     4.958 r  datapath/video_inst/inst_dvid/shift_red[7]_i_1/O
                         net (fo=5, routed)           0.781     5.739    datapath/video_inst/inst_dvid/shift_red[7]_i_1_n_0
    SLICE_X162Y134       FDSE                                         r  datapath/video_inst/inst_dvid/shift_red_reg[0]/S
  -------------------------------------------------------------------    -------------------

                         (clock clk_out2_clk_wiz_0 rise edge)
                                                      8.000     8.000 r  
    BUFGCTRL_X0Y2        BUFG                         0.000     8.000 r  clk_IBUF_BUFG_inst/O
                         net (fo=297, routed)         1.972     9.972    datapath/video_inst/mmcm_adv_inst_display_clocks/inst/clk_in1
    MMCME2_ADV_X1Y0      MMCME2_ADV (Prop_mmcme2_adv_CLKIN1_CLKOUT1)
                                                     -4.637     5.335 r  datapath/video_inst/mmcm_adv_inst_display_clocks/inst/mmcm_adv_inst/CLKOUT1
                         net (fo=1, routed)           2.574     7.909    datapath/video_inst/mmcm_adv_inst_display_clocks/inst/clk_out2_clk_wiz_0
    BUFGCTRL_X0Y0        BUFG (Prop_bufg_I_O)         0.091     8.000 r  datapath/video_inst/mmcm_adv_inst_display_clocks/inst/clkout2_buf/O
                         net (fo=44, routed)          1.707     9.707    datapath/video_inst/inst_dvid/clk_out2
    SLICE_X162Y134       FDSE                                         r  datapath/video_inst/inst_dvid/shift_red_reg[0]/C
                         clock pessimism              0.089     9.796    
                         clock uncertainty           -0.072     9.724    
    SLICE_X162Y134       FDSE (Setup_fdse_C_S)       -0.524     9.200    datapath/video_inst/inst_dvid/shift_red_reg[0]
  -------------------------------------------------------------------
                         required time                          9.200    
                         arrival time                          -5.739    
  -------------------------------------------------------------------
                         slack                                  3.462    

Slack (MET) :             3.462ns  (required time - arrival time)
  Source:                 datapath/video_inst/inst_dvid/shift_clock_reg[1]/C
                            (rising edge-triggered cell FDRE clocked by clk_out2_clk_wiz_0  {rise@0.000ns fall@4.000ns period=8.000ns})
  Destination:            datapath/video_inst/inst_dvid/shift_red_reg[1]/S
                            (rising edge-triggered cell FDSE clocked by clk_out2_clk_wiz_0  {rise@0.000ns fall@4.000ns period=8.000ns})
  Path Group:             clk_out2_clk_wiz_0
  Path Type:              Setup (Max at Slow Process Corner)
  Requirement:            8.000ns  (clk_out2_clk_wiz_0 rise@8.000ns - clk_out2_clk_wiz_0 rise@0.000ns)
  Data Path Delay:        3.905ns  (logic 0.828ns (21.203%)  route 3.077ns (78.797%))
  Logic Levels:           3  (LUT2=1 LUT5=1 LUT6=1)
  Clock Path Skew:        -0.037ns (DCD - SCD + CPR)
    Destination Clock Delay (DCD):    1.707ns = ( 9.707 - 8.000 ) 
    Source Clock Delay      (SCD):    1.833ns
    Clock Pessimism Removal (CPR):    0.089ns
  Clock Uncertainty:      0.072ns  ((TSJ^2 + DJ^2)^1/2) / 2 + PE
    Total System Jitter     (TSJ):    0.071ns
    Discrete Jitter          (DJ):    0.125ns
    Phase Error              (PE):    0.000ns

    Location             Delay type                Incr(ns)  Path(ns)    Netlist Resource(s)
  -------------------------------------------------------------------    -------------------
                         (clock clk_out2_clk_wiz_0 rise edge)
                                                      0.000     0.000 r  
    BUFGCTRL_X0Y2        BUFG                         0.000     0.000 r  clk_IBUF_BUFG_inst/O
                         net (fo=297, routed)         2.106     2.106    datapath/video_inst/mmcm_adv_inst_display_clocks/inst/clk_in1
    MMCME2_ADV_X1Y0      MMCME2_ADV (Prop_mmcme2_adv_CLKIN1_CLKOUT1)
                                                     -4.900    -2.793 r  datapath/video_inst/mmcm_adv_inst_display_clocks/inst/mmcm_adv_inst/CLKOUT1
                         net (fo=1, routed)           2.697    -0.096    datapath/video_inst/mmcm_adv_inst_display_clocks/inst/clk_out2_clk_wiz_0
    BUFGCTRL_X0Y0        BUFG (Prop_bufg_I_O)         0.096    -0.000 r  datapath/video_inst/mmcm_adv_inst_display_clocks/inst/clkout2_buf/O
                         net (fo=44, routed)          1.833     1.833    datapath/video_inst/inst_dvid/clk_out2
    SLICE_X163Y148       FDRE                                         r  datapath/video_inst/inst_dvid/shift_clock_reg[1]/C
  -------------------------------------------------------------------    -------------------
    SLICE_X163Y148       FDRE (Prop_fdre_C_Q)         0.456     2.289 r  datapath/video_inst/inst_dvid/shift_clock_reg[1]/Q
                         net (fo=3, routed)           0.845     3.134    datapath/video_inst/inst_dvid/shift_clock[1]
    SLICE_X162Y148       LUT6 (Prop_lut6_I4_O)        0.124     3.258 f  datapath/video_inst/inst_dvid/shift_red[9]_i_2/O
                         net (fo=1, routed)           0.307     3.565    datapath/video_inst/inst_dvid/shift_red[9]_i_2_n_0
    SLICE_X162Y147       LUT5 (Prop_lut5_I0_O)        0.124     3.689 f  datapath/video_inst/inst_dvid/shift_red[9]_i_1/O
                         net (fo=31, routed)          1.144     4.834    datapath/video_inst/inst_dvid/shift_red[9]_i_1_n_0
    SLICE_X162Y133       LUT2 (Prop_lut2_I1_O)        0.124     4.958 r  datapath/video_inst/inst_dvid/shift_red[7]_i_1/O
                         net (fo=5, routed)           0.781     5.739    datapath/video_inst/inst_dvid/shift_red[7]_i_1_n_0
    SLICE_X162Y134       FDSE                                         r  datapath/video_inst/inst_dvid/shift_red_reg[1]/S
  -------------------------------------------------------------------    -------------------

                         (clock clk_out2_clk_wiz_0 rise edge)
                                                      8.000     8.000 r  
    BUFGCTRL_X0Y2        BUFG                         0.000     8.000 r  clk_IBUF_BUFG_inst/O
                         net (fo=297, routed)         1.972     9.972    datapath/video_inst/mmcm_adv_inst_display_clocks/inst/clk_in1
    MMCME2_ADV_X1Y0      MMCME2_ADV (Prop_mmcme2_adv_CLKIN1_CLKOUT1)
                                                     -4.637     5.335 r  datapath/video_inst/mmcm_adv_inst_display_clocks/inst/mmcm_adv_inst/CLKOUT1
                         net (fo=1, routed)           2.574     7.909    datapath/video_inst/mmcm_adv_inst_display_clocks/inst/clk_out2_clk_wiz_0
    BUFGCTRL_X0Y0        BUFG (Prop_bufg_I_O)         0.091     8.000 r  datapath/video_inst/mmcm_adv_inst_display_clocks/inst/clkout2_buf/O
                         net (fo=44, routed)          1.707     9.707    datapath/video_inst/inst_dvid/clk_out2
    SLICE_X162Y134       FDSE                                         r  datapath/video_inst/inst_dvid/shift_red_reg[1]/C
                         clock pessimism              0.089     9.796    
                         clock uncertainty           -0.072     9.724    
    SLICE_X162Y134       FDSE (Setup_fdse_C_S)       -0.524     9.200    datapath/video_inst/inst_dvid/shift_red_reg[1]
  -------------------------------------------------------------------
                         required time                          9.200    
                         arrival time                          -5.739    
  -------------------------------------------------------------------
                         slack                                  3.462    

Slack (MET) :             3.462ns  (required time - arrival time)
  Source:                 datapath/video_inst/inst_dvid/shift_clock_reg[1]/C
                            (rising edge-triggered cell FDRE clocked by clk_out2_clk_wiz_0  {rise@0.000ns fall@4.000ns period=8.000ns})
  Destination:            datapath/video_inst/inst_dvid/shift_red_reg[3]/S
                            (rising edge-triggered cell FDSE clocked by clk_out2_clk_wiz_0  {rise@0.000ns fall@4.000ns period=8.000ns})
  Path Group:             clk_out2_clk_wiz_0
  Path Type:              Setup (Max at Slow Process Corner)
  Requirement:            8.000ns  (clk_out2_clk_wiz_0 rise@8.000ns - clk_out2_clk_wiz_0 rise@0.000ns)
  Data Path Delay:        3.905ns  (logic 0.828ns (21.203%)  route 3.077ns (78.797%))
  Logic Levels:           3  (LUT2=1 LUT5=1 LUT6=1)
  Clock Path Skew:        -0.037ns (DCD - SCD + CPR)
    Destination Clock Delay (DCD):    1.707ns = ( 9.707 - 8.000 ) 
    Source Clock Delay      (SCD):    1.833ns
    Clock Pessimism Removal (CPR):    0.089ns
  Clock Uncertainty:      0.072ns  ((TSJ^2 + DJ^2)^1/2) / 2 + PE
    Total System Jitter     (TSJ):    0.071ns
    Discrete Jitter          (DJ):    0.125ns
    Phase Error              (PE):    0.000ns

    Location             Delay type                Incr(ns)  Path(ns)    Netlist Resource(s)
  -------------------------------------------------------------------    -------------------
                         (clock clk_out2_clk_wiz_0 rise edge)
                                                      0.000     0.000 r  
    BUFGCTRL_X0Y2        BUFG                         0.000     0.000 r  clk_IBUF_BUFG_inst/O
                         net (fo=297, routed)         2.106     2.106    datapath/video_inst/mmcm_adv_inst_display_clocks/inst/clk_in1
    MMCME2_ADV_X1Y0      MMCME2_ADV (Prop_mmcme2_adv_CLKIN1_CLKOUT1)
                                                     -4.900    -2.793 r  datapath/video_inst/mmcm_adv_inst_display_clocks/inst/mmcm_adv_inst/CLKOUT1
                         net (fo=1, routed)           2.697    -0.096    datapath/video_inst/mmcm_adv_inst_display_clocks/inst/clk_out2_clk_wiz_0
    BUFGCTRL_X0Y0        BUFG (Prop_bufg_I_O)         0.096    -0.000 r  datapath/video_inst/mmcm_adv_inst_display_clocks/inst/clkout2_buf/O
                         net (fo=44, routed)          1.833     1.833    datapath/video_inst/inst_dvid/clk_out2
    SLICE_X163Y148       FDRE                                         r  datapath/video_inst/inst_dvid/shift_clock_reg[1]/C
  -------------------------------------------------------------------    -------------------
    SLICE_X163Y148       FDRE (Prop_fdre_C_Q)         0.456     2.289 r  datapath/video_inst/inst_dvid/shift_clock_reg[1]/Q
                         net (fo=3, routed)           0.845     3.134    datapath/video_inst/inst_dvid/shift_clock[1]
    SLICE_X162Y148       LUT6 (Prop_lut6_I4_O)        0.124     3.258 f  datapath/video_inst/inst_dvid/shift_red[9]_i_2/O
                         net (fo=1, routed)           0.307     3.565    datapath/video_inst/inst_dvid/shift_red[9]_i_2_n_0
    SLICE_X162Y147       LUT5 (Prop_lut5_I0_O)        0.124     3.689 f  datapath/video_inst/inst_dvid/shift_red[9]_i_1/O
                         net (fo=31, routed)          1.144     4.834    datapath/video_inst/inst_dvid/shift_red[9]_i_1_n_0
    SLICE_X162Y133       LUT2 (Prop_lut2_I1_O)        0.124     4.958 r  datapath/video_inst/inst_dvid/shift_red[7]_i_1/O
                         net (fo=5, routed)           0.781     5.739    datapath/video_inst/inst_dvid/shift_red[7]_i_1_n_0
    SLICE_X162Y134       FDSE                                         r  datapath/video_inst/inst_dvid/shift_red_reg[3]/S
  -------------------------------------------------------------------    -------------------

                         (clock clk_out2_clk_wiz_0 rise edge)
                                                      8.000     8.000 r  
    BUFGCTRL_X0Y2        BUFG                         0.000     8.000 r  clk_IBUF_BUFG_inst/O
                         net (fo=297, routed)         1.972     9.972    datapath/video_inst/mmcm_adv_inst_display_clocks/inst/clk_in1
    MMCME2_ADV_X1Y0      MMCME2_ADV (Prop_mmcme2_adv_CLKIN1_CLKOUT1)
                                                     -4.637     5.335 r  datapath/video_inst/mmcm_adv_inst_display_clocks/inst/mmcm_adv_inst/CLKOUT1
                         net (fo=1, routed)           2.574     7.909    datapath/video_inst/mmcm_adv_inst_display_clocks/inst/clk_out2_clk_wiz_0
    BUFGCTRL_X0Y0        BUFG (Prop_bufg_I_O)         0.091     8.000 r  datapath/video_inst/mmcm_adv_inst_display_clocks/inst/clkout2_buf/O
                         net (fo=44, routed)          1.707     9.707    datapath/video_inst/inst_dvid/clk_out2
    SLICE_X162Y134       FDSE                                         r  datapath/video_inst/inst_dvid/shift_red_reg[3]/C
                         clock pessimism              0.089     9.796    
                         clock uncertainty           -0.072     9.724    
    SLICE_X162Y134       FDSE (Setup_fdse_C_S)       -0.524     9.200    datapath/video_inst/inst_dvid/shift_red_reg[3]
  -------------------------------------------------------------------
                         required time                          9.200    
                         arrival time                          -5.739    
  -------------------------------------------------------------------
                         slack                                  3.462    

Slack (MET) :             3.462ns  (required time - arrival time)
  Source:                 datapath/video_inst/inst_dvid/shift_clock_reg[1]/C
                            (rising edge-triggered cell FDRE clocked by clk_out2_clk_wiz_0  {rise@0.000ns fall@4.000ns period=8.000ns})
  Destination:            datapath/video_inst/inst_dvid/shift_red_reg[5]/S
                            (rising edge-triggered cell FDSE clocked by clk_out2_clk_wiz_0  {rise@0.000ns fall@4.000ns period=8.000ns})
  Path Group:             clk_out2_clk_wiz_0
  Path Type:              Setup (Max at Slow Process Corner)
  Requirement:            8.000ns  (clk_out2_clk_wiz_0 rise@8.000ns - clk_out2_clk_wiz_0 rise@0.000ns)
  Data Path Delay:        3.905ns  (logic 0.828ns (21.203%)  route 3.077ns (78.797%))
  Logic Levels:           3  (LUT2=1 LUT5=1 LUT6=1)
  Clock Path Skew:        -0.037ns (DCD - SCD + CPR)
    Destination Clock Delay (DCD):    1.707ns = ( 9.707 - 8.000 ) 
    Source Clock Delay      (SCD):    1.833ns
    Clock Pessimism Removal (CPR):    0.089ns
  Clock Uncertainty:      0.072ns  ((TSJ^2 + DJ^2)^1/2) / 2 + PE
    Total System Jitter     (TSJ):    0.071ns
    Discrete Jitter          (DJ):    0.125ns
    Phase Error              (PE):    0.000ns

    Location             Delay type                Incr(ns)  Path(ns)    Netlist Resource(s)
  -------------------------------------------------------------------    -------------------
                         (clock clk_out2_clk_wiz_0 rise edge)
                                                      0.000     0.000 r  
    BUFGCTRL_X0Y2        BUFG                         0.000     0.000 r  clk_IBUF_BUFG_inst/O
                         net (fo=297, routed)         2.106     2.106    datapath/video_inst/mmcm_adv_inst_display_clocks/inst/clk_in1
    MMCME2_ADV_X1Y0      MMCME2_ADV (Prop_mmcme2_adv_CLKIN1_CLKOUT1)
                                                     -4.900    -2.793 r  datapath/video_inst/mmcm_adv_inst_display_clocks/inst/mmcm_adv_inst/CLKOUT1
                         net (fo=1, routed)           2.697    -0.096    datapath/video_inst/mmcm_adv_inst_display_clocks/inst/clk_out2_clk_wiz_0
    BUFGCTRL_X0Y0        BUFG (Prop_bufg_I_O)         0.096    -0.000 r  datapath/video_inst/mmcm_adv_inst_display_clocks/inst/clkout2_buf/O
                         net (fo=44, routed)          1.833     1.833    datapath/video_inst/inst_dvid/clk_out2
    SLICE_X163Y148       FDRE                                         r  datapath/video_inst/inst_dvid/shift_clock_reg[1]/C
  -------------------------------------------------------------------    -------------------
    SLICE_X163Y148       FDRE (Prop_fdre_C_Q)         0.456     2.289 r  datapath/video_inst/inst_dvid/shift_clock_reg[1]/Q
                         net (fo=3, routed)           0.845     3.134    datapath/video_inst/inst_dvid/shift_clock[1]
    SLICE_X162Y148       LUT6 (Prop_lut6_I4_O)        0.124     3.258 f  datapath/video_inst/inst_dvid/shift_red[9]_i_2/O
                         net (fo=1, routed)           0.307     3.565    datapath/video_inst/inst_dvid/shift_red[9]_i_2_n_0
    SLICE_X162Y147       LUT5 (Prop_lut5_I0_O)        0.124     3.689 f  datapath/video_inst/inst_dvid/shift_red[9]_i_1/O
                         net (fo=31, routed)          1.144     4.834    datapath/video_inst/inst_dvid/shift_red[9]_i_1_n_0
    SLICE_X162Y133       LUT2 (Prop_lut2_I1_O)        0.124     4.958 r  datapath/video_inst/inst_dvid/shift_red[7]_i_1/O
                         net (fo=5, routed)           0.781     5.739    datapath/video_inst/inst_dvid/shift_red[7]_i_1_n_0
    SLICE_X162Y134       FDSE                                         r  datapath/video_inst/inst_dvid/shift_red_reg[5]/S
  -------------------------------------------------------------------    -------------------

                         (clock clk_out2_clk_wiz_0 rise edge)
                                                      8.000     8.000 r  
    BUFGCTRL_X0Y2        BUFG                         0.000     8.000 r  clk_IBUF_BUFG_inst/O
                         net (fo=297, routed)         1.972     9.972    datapath/video_inst/mmcm_adv_inst_display_clocks/inst/clk_in1
    MMCME2_ADV_X1Y0      MMCME2_ADV (Prop_mmcme2_adv_CLKIN1_CLKOUT1)
                                                     -4.637     5.335 r  datapath/video_inst/mmcm_adv_inst_display_clocks/inst/mmcm_adv_inst/CLKOUT1
                         net (fo=1, routed)           2.574     7.909    datapath/video_inst/mmcm_adv_inst_display_clocks/inst/clk_out2_clk_wiz_0
    BUFGCTRL_X0Y0        BUFG (Prop_bufg_I_O)         0.091     8.000 r  datapath/video_inst/mmcm_adv_inst_display_clocks/inst/clkout2_buf/O
                         net (fo=44, routed)          1.707     9.707    datapath/video_inst/inst_dvid/clk_out2
    SLICE_X162Y134       FDSE                                         r  datapath/video_inst/inst_dvid/shift_red_reg[5]/C
                         clock pessimism              0.089     9.796    
                         clock uncertainty           -0.072     9.724    
    SLICE_X162Y134       FDSE (Setup_fdse_C_S)       -0.524     9.200    datapath/video_inst/inst_dvid/shift_red_reg[5]
  -------------------------------------------------------------------
                         required time                          9.200    
                         arrival time                          -5.739    
  -------------------------------------------------------------------
                         slack                                  3.462    

Slack (MET) :             3.462ns  (required time - arrival time)
  Source:                 datapath/video_inst/inst_dvid/shift_clock_reg[1]/C
                            (rising edge-triggered cell FDRE clocked by clk_out2_clk_wiz_0  {rise@0.000ns fall@4.000ns period=8.000ns})
  Destination:            datapath/video_inst/inst_dvid/shift_red_reg[7]/S
                            (rising edge-triggered cell FDSE clocked by clk_out2_clk_wiz_0  {rise@0.000ns fall@4.000ns period=8.000ns})
  Path Group:             clk_out2_clk_wiz_0
  Path Type:              Setup (Max at Slow Process Corner)
  Requirement:            8.000ns  (clk_out2_clk_wiz_0 rise@8.000ns - clk_out2_clk_wiz_0 rise@0.000ns)
  Data Path Delay:        3.905ns  (logic 0.828ns (21.203%)  route 3.077ns (78.797%))
  Logic Levels:           3  (LUT2=1 LUT5=1 LUT6=1)
  Clock Path Skew:        -0.037ns (DCD - SCD + CPR)
    Destination Clock Delay (DCD):    1.707ns = ( 9.707 - 8.000 ) 
    Source Clock Delay      (SCD):    1.833ns
    Clock Pessimism Removal (CPR):    0.089ns
  Clock Uncertainty:      0.072ns  ((TSJ^2 + DJ^2)^1/2) / 2 + PE
    Total System Jitter     (TSJ):    0.071ns
    Discrete Jitter          (DJ):    0.125ns
    Phase Error              (PE):    0.000ns

    Location             Delay type                Incr(ns)  Path(ns)    Netlist Resource(s)
  -------------------------------------------------------------------    -------------------
                         (clock clk_out2_clk_wiz_0 rise edge)
                                                      0.000     0.000 r  
    BUFGCTRL_X0Y2        BUFG                         0.000     0.000 r  clk_IBUF_BUFG_inst/O
                         net (fo=297, routed)         2.106     2.106    datapath/video_inst/mmcm_adv_inst_display_clocks/inst/clk_in1
    MMCME2_ADV_X1Y0      MMCME2_ADV (Prop_mmcme2_adv_CLKIN1_CLKOUT1)
                                                     -4.900    -2.793 r  datapath/video_inst/mmcm_adv_inst_display_clocks/inst/mmcm_adv_inst/CLKOUT1
                         net (fo=1, routed)           2.697    -0.096    datapath/video_inst/mmcm_adv_inst_display_clocks/inst/clk_out2_clk_wiz_0
    BUFGCTRL_X0Y0        BUFG (Prop_bufg_I_O)         0.096    -0.000 r  datapath/video_inst/mmcm_adv_inst_display_clocks/inst/clkout2_buf/O
                         net (fo=44, routed)          1.833     1.833    datapath/video_inst/inst_dvid/clk_out2
    SLICE_X163Y148       FDRE                                         r  datapath/video_inst/inst_dvid/shift_clock_reg[1]/C
  -------------------------------------------------------------------    -------------------
    SLICE_X163Y148       FDRE (Prop_fdre_C_Q)         0.456     2.289 r  datapath/video_inst/inst_dvid/shift_clock_reg[1]/Q
                         net (fo=3, routed)           0.845     3.134    datapath/video_inst/inst_dvid/shift_clock[1]
    SLICE_X162Y148       LUT6 (Prop_lut6_I4_O)        0.124     3.258 f  datapath/video_inst/inst_dvid/shift_red[9]_i_2/O
                         net (fo=1, routed)           0.307     3.565    datapath/video_inst/inst_dvid/shift_red[9]_i_2_n_0
    SLICE_X162Y147       LUT5 (Prop_lut5_I0_O)        0.124     3.689 f  datapath/video_inst/inst_dvid/shift_red[9]_i_1/O
                         net (fo=31, routed)          1.144     4.834    datapath/video_inst/inst_dvid/shift_red[9]_i_1_n_0
    SLICE_X162Y133       LUT2 (Prop_lut2_I1_O)        0.124     4.958 r  datapath/video_inst/inst_dvid/shift_red[7]_i_1/O
                         net (fo=5, routed)           0.781     5.739    datapath/video_inst/inst_dvid/shift_red[7]_i_1_n_0
    SLICE_X162Y134       FDSE                                         r  datapath/video_inst/inst_dvid/shift_red_reg[7]/S
  -------------------------------------------------------------------    -------------------

                         (clock clk_out2_clk_wiz_0 rise edge)
                                                      8.000     8.000 r  
    BUFGCTRL_X0Y2        BUFG                         0.000     8.000 r  clk_IBUF_BUFG_inst/O
                         net (fo=297, routed)         1.972     9.972    datapath/video_inst/mmcm_adv_inst_display_clocks/inst/clk_in1
    MMCME2_ADV_X1Y0      MMCME2_ADV (Prop_mmcme2_adv_CLKIN1_CLKOUT1)
                                                     -4.637     5.335 r  datapath/video_inst/mmcm_adv_inst_display_clocks/inst/mmcm_adv_inst/CLKOUT1
                         net (fo=1, routed)           2.574     7.909    datapath/video_inst/mmcm_adv_inst_display_clocks/inst/clk_out2_clk_wiz_0
    BUFGCTRL_X0Y0        BUFG (Prop_bufg_I_O)         0.091     8.000 r  datapath/video_inst/mmcm_adv_inst_display_clocks/inst/clkout2_buf/O
                         net (fo=44, routed)          1.707     9.707    datapath/video_inst/inst_dvid/clk_out2
    SLICE_X162Y134       FDSE                                         r  datapath/video_inst/inst_dvid/shift_red_reg[7]/C
                         clock pessimism              0.089     9.796    
                         clock uncertainty           -0.072     9.724    
    SLICE_X162Y134       FDSE (Setup_fdse_C_S)       -0.524     9.200    datapath/video_inst/inst_dvid/shift_red_reg[7]
  -------------------------------------------------------------------
                         required time                          9.200    
                         arrival time                          -5.739    
  -------------------------------------------------------------------
                         slack                                  3.462    

Slack (MET) :             4.375ns  (required time - arrival time)
  Source:                 datapath/video_inst/inst_dvid/shift_clock_reg[1]/C
                            (rising edge-triggered cell FDRE clocked by clk_out2_clk_wiz_0  {rise@0.000ns fall@4.000ns period=8.000ns})
  Destination:            datapath/video_inst/inst_dvid/shift_red_reg[8]/R
                            (rising edge-triggered cell FDRE clocked by clk_out2_clk_wiz_0  {rise@0.000ns fall@4.000ns period=8.000ns})
  Path Group:             clk_out2_clk_wiz_0
  Path Type:              Setup (Max at Slow Process Corner)
  Requirement:            8.000ns  (clk_out2_clk_wiz_0 rise@8.000ns - clk_out2_clk_wiz_0 rise@0.000ns)
  Data Path Delay:        3.087ns  (logic 0.704ns (22.805%)  route 2.383ns (77.195%))
  Logic Levels:           2  (LUT5=1 LUT6=1)
  Clock Path Skew:        -0.037ns (DCD - SCD + CPR)
    Destination Clock Delay (DCD):    1.707ns = ( 9.707 - 8.000 ) 
    Source Clock Delay      (SCD):    1.833ns
    Clock Pessimism Removal (CPR):    0.089ns
  Clock Uncertainty:      0.072ns  ((TSJ^2 + DJ^2)^1/2) / 2 + PE
    Total System Jitter     (TSJ):    0.071ns
    Discrete Jitter          (DJ):    0.125ns
    Phase Error              (PE):    0.000ns

    Location             Delay type                Incr(ns)  Path(ns)    Netlist Resource(s)
  -------------------------------------------------------------------    -------------------
                         (clock clk_out2_clk_wiz_0 rise edge)
                                                      0.000     0.000 r  
    BUFGCTRL_X0Y2        BUFG                         0.000     0.000 r  clk_IBUF_BUFG_inst/O
                         net (fo=297, routed)         2.106     2.106    datapath/video_inst/mmcm_adv_inst_display_clocks/inst/clk_in1
    MMCME2_ADV_X1Y0      MMCME2_ADV (Prop_mmcme2_adv_CLKIN1_CLKOUT1)
                                                     -4.900    -2.793 r  datapath/video_inst/mmcm_adv_inst_display_clocks/inst/mmcm_adv_inst/CLKOUT1
                         net (fo=1, routed)           2.697    -0.096    datapath/video_inst/mmcm_adv_inst_display_clocks/inst/clk_out2_clk_wiz_0
    BUFGCTRL_X0Y0        BUFG (Prop_bufg_I_O)         0.096    -0.000 r  datapath/video_inst/mmcm_adv_inst_display_clocks/inst/clkout2_buf/O
                         net (fo=44, routed)          1.833     1.833    datapath/video_inst/inst_dvid/clk_out2
    SLICE_X163Y148       FDRE                                         r  datapath/video_inst/inst_dvid/shift_clock_reg[1]/C
  -------------------------------------------------------------------    -------------------
    SLICE_X163Y148       FDRE (Prop_fdre_C_Q)         0.456     2.289 f  datapath/video_inst/inst_dvid/shift_clock_reg[1]/Q
                         net (fo=3, routed)           0.845     3.134    datapath/video_inst/inst_dvid/shift_clock[1]
    SLICE_X162Y148       LUT6 (Prop_lut6_I4_O)        0.124     3.258 r  datapath/video_inst/inst_dvid/shift_red[9]_i_2/O
                         net (fo=1, routed)           0.307     3.565    datapath/video_inst/inst_dvid/shift_red[9]_i_2_n_0
    SLICE_X162Y147       LUT5 (Prop_lut5_I0_O)        0.124     3.689 r  datapath/video_inst/inst_dvid/shift_red[9]_i_1/O
                         net (fo=31, routed)          1.231     4.920    datapath/video_inst/inst_dvid/shift_red[9]_i_1_n_0
    SLICE_X163Y134       FDRE                                         r  datapath/video_inst/inst_dvid/shift_red_reg[8]/R
  -------------------------------------------------------------------    -------------------

                         (clock clk_out2_clk_wiz_0 rise edge)
                                                      8.000     8.000 r  
    BUFGCTRL_X0Y2        BUFG                         0.000     8.000 r  clk_IBUF_BUFG_inst/O
                         net (fo=297, routed)         1.972     9.972    datapath/video_inst/mmcm_adv_inst_display_clocks/inst/clk_in1
    MMCME2_ADV_X1Y0      MMCME2_ADV (Prop_mmcme2_adv_CLKIN1_CLKOUT1)
                                                     -4.637     5.335 r  datapath/video_inst/mmcm_adv_inst_display_clocks/inst/mmcm_adv_inst/CLKOUT1
                         net (fo=1, routed)           2.574     7.909    datapath/video_inst/mmcm_adv_inst_display_clocks/inst/clk_out2_clk_wiz_0
    BUFGCTRL_X0Y0        BUFG (Prop_bufg_I_O)         0.091     8.000 r  datapath/video_inst/mmcm_adv_inst_display_clocks/inst/clkout2_buf/O
                         net (fo=44, routed)          1.707     9.707    datapath/video_inst/inst_dvid/clk_out2
    SLICE_X163Y134       FDRE                                         r  datapath/video_inst/inst_dvid/shift_red_reg[8]/C
                         clock pessimism              0.089     9.796    
                         clock uncertainty           -0.072     9.724    
    SLICE_X163Y134       FDRE (Setup_fdre_C_R)       -0.429     9.295    datapath/video_inst/inst_dvid/shift_red_reg[8]
  -------------------------------------------------------------------
                         required time                          9.295    
                         arrival time                          -4.920    
  -------------------------------------------------------------------
                         slack                                  4.375    

Slack (MET) :             4.463ns  (required time - arrival time)
  Source:                 datapath/video_inst/inst_dvid/shift_clock_reg[1]/C
                            (rising edge-triggered cell FDRE clocked by clk_out2_clk_wiz_0  {rise@0.000ns fall@4.000ns period=8.000ns})
  Destination:            datapath/video_inst/inst_dvid/shift_red_reg[9]/R
                            (rising edge-triggered cell FDRE clocked by clk_out2_clk_wiz_0  {rise@0.000ns fall@4.000ns period=8.000ns})
  Path Group:             clk_out2_clk_wiz_0
  Path Type:              Setup (Max at Slow Process Corner)
  Requirement:            8.000ns  (clk_out2_clk_wiz_0 rise@8.000ns - clk_out2_clk_wiz_0 rise@0.000ns)
  Data Path Delay:        2.999ns  (logic 0.704ns (23.477%)  route 2.295ns (76.523%))
  Logic Levels:           2  (LUT5=1 LUT6=1)
  Clock Path Skew:        -0.037ns (DCD - SCD + CPR)
    Destination Clock Delay (DCD):    1.707ns = ( 9.707 - 8.000 ) 
    Source Clock Delay      (SCD):    1.833ns
    Clock Pessimism Removal (CPR):    0.089ns
  Clock Uncertainty:      0.072ns  ((TSJ^2 + DJ^2)^1/2) / 2 + PE
    Total System Jitter     (TSJ):    0.071ns
    Discrete Jitter          (DJ):    0.125ns
    Phase Error              (PE):    0.000ns

    Location             Delay type                Incr(ns)  Path(ns)    Netlist Resource(s)
  -------------------------------------------------------------------    -------------------
                         (clock clk_out2_clk_wiz_0 rise edge)
                                                      0.000     0.000 r  
    BUFGCTRL_X0Y2        BUFG                         0.000     0.000 r  clk_IBUF_BUFG_inst/O
                         net (fo=297, routed)         2.106     2.106    datapath/video_inst/mmcm_adv_inst_display_clocks/inst/clk_in1
    MMCME2_ADV_X1Y0      MMCME2_ADV (Prop_mmcme2_adv_CLKIN1_CLKOUT1)
                                                     -4.900    -2.793 r  datapath/video_inst/mmcm_adv_inst_display_clocks/inst/mmcm_adv_inst/CLKOUT1
                         net (fo=1, routed)           2.697    -0.096    datapath/video_inst/mmcm_adv_inst_display_clocks/inst/clk_out2_clk_wiz_0
    BUFGCTRL_X0Y0        BUFG (Prop_bufg_I_O)         0.096    -0.000 r  datapath/video_inst/mmcm_adv_inst_display_clocks/inst/clkout2_buf/O
                         net (fo=44, routed)          1.833     1.833    datapath/video_inst/inst_dvid/clk_out2
    SLICE_X163Y148       FDRE                                         r  datapath/video_inst/inst_dvid/shift_clock_reg[1]/C
  -------------------------------------------------------------------    -------------------
    SLICE_X163Y148       FDRE (Prop_fdre_C_Q)         0.456     2.289 f  datapath/video_inst/inst_dvid/shift_clock_reg[1]/Q
                         net (fo=3, routed)           0.845     3.134    datapath/video_inst/inst_dvid/shift_clock[1]
    SLICE_X162Y148       LUT6 (Prop_lut6_I4_O)        0.124     3.258 r  datapath/video_inst/inst_dvid/shift_red[9]_i_2/O
                         net (fo=1, routed)           0.307     3.565    datapath/video_inst/inst_dvid/shift_red[9]_i_2_n_0
    SLICE_X162Y147       LUT5 (Prop_lut5_I0_O)        0.124     3.689 r  datapath/video_inst/inst_dvid/shift_red[9]_i_1/O
                         net (fo=31, routed)          1.143     4.832    datapath/video_inst/inst_dvid/shift_red[9]_i_1_n_0
    SLICE_X161Y134       FDRE                                         r  datapath/video_inst/inst_dvid/shift_red_reg[9]/R
  -------------------------------------------------------------------    -------------------

                         (clock clk_out2_clk_wiz_0 rise edge)
                                                      8.000     8.000 r  
    BUFGCTRL_X0Y2        BUFG                         0.000     8.000 r  clk_IBUF_BUFG_inst/O
                         net (fo=297, routed)         1.972     9.972    datapath/video_inst/mmcm_adv_inst_display_clocks/inst/clk_in1
    MMCME2_ADV_X1Y0      MMCME2_ADV (Prop_mmcme2_adv_CLKIN1_CLKOUT1)
                                                     -4.637     5.335 r  datapath/video_inst/mmcm_adv_inst_display_clocks/inst/mmcm_adv_inst/CLKOUT1
                         net (fo=1, routed)           2.574     7.909    datapath/video_inst/mmcm_adv_inst_display_clocks/inst/clk_out2_clk_wiz_0
    BUFGCTRL_X0Y0        BUFG (Prop_bufg_I_O)         0.091     8.000 r  datapath/video_inst/mmcm_adv_inst_display_clocks/inst/clkout2_buf/O
                         net (fo=44, routed)          1.707     9.707    datapath/video_inst/inst_dvid/clk_out2
    SLICE_X161Y134       FDRE                                         r  datapath/video_inst/inst_dvid/shift_red_reg[9]/C
                         clock pessimism              0.089     9.796    
                         clock uncertainty           -0.072     9.724    
    SLICE_X161Y134       FDRE (Setup_fdre_C_R)       -0.429     9.295    datapath/video_inst/inst_dvid/shift_red_reg[9]
  -------------------------------------------------------------------
                         required time                          9.295    
                         arrival time                          -4.832    
  -------------------------------------------------------------------
                         slack                                  4.463    

Slack (MET) :             4.474ns  (required time - arrival time)
  Source:                 datapath/video_inst/inst_dvid/shift_clock_reg[1]/C
                            (rising edge-triggered cell FDRE clocked by clk_out2_clk_wiz_0  {rise@0.000ns fall@4.000ns period=8.000ns})
  Destination:            datapath/video_inst/inst_dvid/shift_green_reg[6]/D
                            (rising edge-triggered cell FDRE clocked by clk_out2_clk_wiz_0  {rise@0.000ns fall@4.000ns period=8.000ns})
  Path Group:             clk_out2_clk_wiz_0
  Path Type:              Setup (Max at Slow Process Corner)
  Requirement:            8.000ns  (clk_out2_clk_wiz_0 rise@8.000ns - clk_out2_clk_wiz_0 rise@0.000ns)
  Data Path Delay:        3.450ns  (logic 0.828ns (24.001%)  route 2.622ns (75.999%))
  Logic Levels:           3  (LUT3=1 LUT5=1 LUT6=1)
  Clock Path Skew:        -0.036ns (DCD - SCD + CPR)
    Destination Clock Delay (DCD):    1.708ns = ( 9.708 - 8.000 ) 
    Source Clock Delay      (SCD):    1.833ns
    Clock Pessimism Removal (CPR):    0.089ns
  Clock Uncertainty:      0.072ns  ((TSJ^2 + DJ^2)^1/2) / 2 + PE
    Total System Jitter     (TSJ):    0.071ns
    Discrete Jitter          (DJ):    0.125ns
    Phase Error              (PE):    0.000ns

    Location             Delay type                Incr(ns)  Path(ns)    Netlist Resource(s)
  -------------------------------------------------------------------    -------------------
                         (clock clk_out2_clk_wiz_0 rise edge)
                                                      0.000     0.000 r  
    BUFGCTRL_X0Y2        BUFG                         0.000     0.000 r  clk_IBUF_BUFG_inst/O
                         net (fo=297, routed)         2.106     2.106    datapath/video_inst/mmcm_adv_inst_display_clocks/inst/clk_in1
    MMCME2_ADV_X1Y0      MMCME2_ADV (Prop_mmcme2_adv_CLKIN1_CLKOUT1)
                                                     -4.900    -2.793 r  datapath/video_inst/mmcm_adv_inst_display_clocks/inst/mmcm_adv_inst/CLKOUT1
                         net (fo=1, routed)           2.697    -0.096    datapath/video_inst/mmcm_adv_inst_display_clocks/inst/clk_out2_clk_wiz_0
    BUFGCTRL_X0Y0        BUFG (Prop_bufg_I_O)         0.096    -0.000 r  datapath/video_inst/mmcm_adv_inst_display_clocks/inst/clkout2_buf/O
                         net (fo=44, routed)          1.833     1.833    datapath/video_inst/inst_dvid/clk_out2
    SLICE_X163Y148       FDRE                                         r  datapath/video_inst/inst_dvid/shift_clock_reg[1]/C
  -------------------------------------------------------------------    -------------------
    SLICE_X163Y148       FDRE (Prop_fdre_C_Q)         0.456     2.289 f  datapath/video_inst/inst_dvid/shift_clock_reg[1]/Q
                         net (fo=3, routed)           0.845     3.134    datapath/video_inst/inst_dvid/shift_clock[1]
    SLICE_X162Y148       LUT6 (Prop_lut6_I4_O)        0.124     3.258 r  datapath/video_inst/inst_dvid/shift_red[9]_i_2/O
                         net (fo=1, routed)           0.307     3.565    datapath/video_inst/inst_dvid/shift_red[9]_i_2_n_0
    SLICE_X162Y147       LUT5 (Prop_lut5_I0_O)        0.124     3.689 r  datapath/video_inst/inst_dvid/shift_red[9]_i_1/O
                         net (fo=31, routed)          1.470     5.159    datapath/video_inst/inst_dvid/shift_red[9]_i_1_n_0
    SLICE_X160Y135       LUT3 (Prop_lut3_I1_O)        0.124     5.283 r  datapath/video_inst/inst_dvid/shift_green[6]_i_1/O
                         net (fo=1, routed)           0.000     5.283    datapath/video_inst/inst_dvid/shift_green[6]
    SLICE_X160Y135       FDRE                                         r  datapath/video_inst/inst_dvid/shift_green_reg[6]/D
  -------------------------------------------------------------------    -------------------

                         (clock clk_out2_clk_wiz_0 rise edge)
                                                      8.000     8.000 r  
    BUFGCTRL_X0Y2        BUFG                         0.000     8.000 r  clk_IBUF_BUFG_inst/O
                         net (fo=297, routed)         1.972     9.972    datapath/video_inst/mmcm_adv_inst_display_clocks/inst/clk_in1
    MMCME2_ADV_X1Y0      MMCME2_ADV (Prop_mmcme2_adv_CLKIN1_CLKOUT1)
                                                     -4.637     5.335 r  datapath/video_inst/mmcm_adv_inst_display_clocks/inst/mmcm_adv_inst/CLKOUT1
                         net (fo=1, routed)           2.574     7.909    datapath/video_inst/mmcm_adv_inst_display_clocks/inst/clk_out2_clk_wiz_0
    BUFGCTRL_X0Y0        BUFG (Prop_bufg_I_O)         0.091     8.000 r  datapath/video_inst/mmcm_adv_inst_display_clocks/inst/clkout2_buf/O
                         net (fo=44, routed)          1.708     9.708    datapath/video_inst/inst_dvid/clk_out2
    SLICE_X160Y135       FDRE                                         r  datapath/video_inst/inst_dvid/shift_green_reg[6]/C
                         clock pessimism              0.089     9.797    
                         clock uncertainty           -0.072     9.725    
    SLICE_X160Y135       FDRE (Setup_fdre_C_D)        0.032     9.757    datapath/video_inst/inst_dvid/shift_green_reg[6]
  -------------------------------------------------------------------
                         required time                          9.757    
                         arrival time                          -5.283    
  -------------------------------------------------------------------
                         slack                                  4.474    

Slack (MET) :             4.475ns  (required time - arrival time)
  Source:                 datapath/video_inst/inst_dvid/shift_clock_reg[1]/C
                            (rising edge-triggered cell FDRE clocked by clk_out2_clk_wiz_0  {rise@0.000ns fall@4.000ns period=8.000ns})
  Destination:            datapath/video_inst/inst_dvid/shift_green_reg[3]/D
                            (rising edge-triggered cell FDRE clocked by clk_out2_clk_wiz_0  {rise@0.000ns fall@4.000ns period=8.000ns})
  Path Group:             clk_out2_clk_wiz_0
  Path Type:              Setup (Max at Slow Process Corner)
  Requirement:            8.000ns  (clk_out2_clk_wiz_0 rise@8.000ns - clk_out2_clk_wiz_0 rise@0.000ns)
  Data Path Delay:        3.449ns  (logic 0.828ns (24.010%)  route 2.621ns (75.990%))
  Logic Levels:           3  (LUT3=1 LUT5=1 LUT6=1)
  Clock Path Skew:        -0.036ns (DCD - SCD + CPR)
    Destination Clock Delay (DCD):    1.708ns = ( 9.708 - 8.000 ) 
    Source Clock Delay      (SCD):    1.833ns
    Clock Pessimism Removal (CPR):    0.089ns
  Clock Uncertainty:      0.072ns  ((TSJ^2 + DJ^2)^1/2) / 2 + PE
    Total System Jitter     (TSJ):    0.071ns
    Discrete Jitter          (DJ):    0.125ns
    Phase Error              (PE):    0.000ns

    Location             Delay type                Incr(ns)  Path(ns)    Netlist Resource(s)
  -------------------------------------------------------------------    -------------------
                         (clock clk_out2_clk_wiz_0 rise edge)
                                                      0.000     0.000 r  
    BUFGCTRL_X0Y2        BUFG                         0.000     0.000 r  clk_IBUF_BUFG_inst/O
                         net (fo=297, routed)         2.106     2.106    datapath/video_inst/mmcm_adv_inst_display_clocks/inst/clk_in1
    MMCME2_ADV_X1Y0      MMCME2_ADV (Prop_mmcme2_adv_CLKIN1_CLKOUT1)
                                                     -4.900    -2.793 r  datapath/video_inst/mmcm_adv_inst_display_clocks/inst/mmcm_adv_inst/CLKOUT1
                         net (fo=1, routed)           2.697    -0.096    datapath/video_inst/mmcm_adv_inst_display_clocks/inst/clk_out2_clk_wiz_0
    BUFGCTRL_X0Y0        BUFG (Prop_bufg_I_O)         0.096    -0.000 r  datapath/video_inst/mmcm_adv_inst_display_clocks/inst/clkout2_buf/O
                         net (fo=44, routed)          1.833     1.833    datapath/video_inst/inst_dvid/clk_out2
    SLICE_X163Y148       FDRE                                         r  datapath/video_inst/inst_dvid/shift_clock_reg[1]/C
  -------------------------------------------------------------------    -------------------
    SLICE_X163Y148       FDRE (Prop_fdre_C_Q)         0.456     2.289 f  datapath/video_inst/inst_dvid/shift_clock_reg[1]/Q
                         net (fo=3, routed)           0.845     3.134    datapath/video_inst/inst_dvid/shift_clock[1]
    SLICE_X162Y148       LUT6 (Prop_lut6_I4_O)        0.124     3.258 r  datapath/video_inst/inst_dvid/shift_red[9]_i_2/O
                         net (fo=1, routed)           0.307     3.565    datapath/video_inst/inst_dvid/shift_red[9]_i_2_n_0
    SLICE_X162Y147       LUT5 (Prop_lut5_I0_O)        0.124     3.689 r  datapath/video_inst/inst_dvid/shift_red[9]_i_1/O
                         net (fo=31, routed)          1.468     5.158    datapath/video_inst/inst_dvid/shift_red[9]_i_1_n_0
    SLICE_X160Y135       LUT3 (Prop_lut3_I1_O)        0.124     5.282 r  datapath/video_inst/inst_dvid/shift_green[3]_i_1/O
                         net (fo=1, routed)           0.000     5.282    datapath/video_inst/inst_dvid/shift_green[3]
    SLICE_X160Y135       FDRE                                         r  datapath/video_inst/inst_dvid/shift_green_reg[3]/D
  -------------------------------------------------------------------    -------------------

                         (clock clk_out2_clk_wiz_0 rise edge)
                                                      8.000     8.000 r  
    BUFGCTRL_X0Y2        BUFG                         0.000     8.000 r  clk_IBUF_BUFG_inst/O
                         net (fo=297, routed)         1.972     9.972    datapath/video_inst/mmcm_adv_inst_display_clocks/inst/clk_in1
    MMCME2_ADV_X1Y0      MMCME2_ADV (Prop_mmcme2_adv_CLKIN1_CLKOUT1)
                                                     -4.637     5.335 r  datapath/video_inst/mmcm_adv_inst_display_clocks/inst/mmcm_adv_inst/CLKOUT1
                         net (fo=1, routed)           2.574     7.909    datapath/video_inst/mmcm_adv_inst_display_clocks/inst/clk_out2_clk_wiz_0
    BUFGCTRL_X0Y0        BUFG (Prop_bufg_I_O)         0.091     8.000 r  datapath/video_inst/mmcm_adv_inst_display_clocks/inst/clkout2_buf/O
                         net (fo=44, routed)          1.708     9.708    datapath/video_inst/inst_dvid/clk_out2
    SLICE_X160Y135       FDRE                                         r  datapath/video_inst/inst_dvid/shift_green_reg[3]/C
                         clock pessimism              0.089     9.797    
                         clock uncertainty           -0.072     9.725    
    SLICE_X160Y135       FDRE (Setup_fdre_C_D)        0.031     9.756    datapath/video_inst/inst_dvid/shift_green_reg[3]
  -------------------------------------------------------------------
                         required time                          9.756    
                         arrival time                          -5.282    
  -------------------------------------------------------------------
                         slack                                  4.475    

Slack (MET) :             4.489ns  (required time - arrival time)
  Source:                 datapath/video_inst/inst_dvid/shift_clock_reg[1]/C
                            (rising edge-triggered cell FDRE clocked by clk_out2_clk_wiz_0  {rise@0.000ns fall@4.000ns period=8.000ns})
  Destination:            datapath/video_inst/inst_dvid/shift_green_reg[5]/D
                            (rising edge-triggered cell FDRE clocked by clk_out2_clk_wiz_0  {rise@0.000ns fall@4.000ns period=8.000ns})
  Path Group:             clk_out2_clk_wiz_0
  Path Type:              Setup (Max at Slow Process Corner)
  Requirement:            8.000ns  (clk_out2_clk_wiz_0 rise@8.000ns - clk_out2_clk_wiz_0 rise@0.000ns)
  Data Path Delay:        3.479ns  (logic 0.858ns (24.666%)  route 2.621ns (75.334%))
  Logic Levels:           3  (LUT3=1 LUT5=1 LUT6=1)
  Clock Path Skew:        -0.036ns (DCD - SCD + CPR)
    Destination Clock Delay (DCD):    1.708ns = ( 9.708 - 8.000 ) 
    Source Clock Delay      (SCD):    1.833ns
    Clock Pessimism Removal (CPR):    0.089ns
  Clock Uncertainty:      0.072ns  ((TSJ^2 + DJ^2)^1/2) / 2 + PE
    Total System Jitter     (TSJ):    0.071ns
    Discrete Jitter          (DJ):    0.125ns
    Phase Error              (PE):    0.000ns

    Location             Delay type                Incr(ns)  Path(ns)    Netlist Resource(s)
  -------------------------------------------------------------------    -------------------
                         (clock clk_out2_clk_wiz_0 rise edge)
                                                      0.000     0.000 r  
    BUFGCTRL_X0Y2        BUFG                         0.000     0.000 r  clk_IBUF_BUFG_inst/O
                         net (fo=297, routed)         2.106     2.106    datapath/video_inst/mmcm_adv_inst_display_clocks/inst/clk_in1
    MMCME2_ADV_X1Y0      MMCME2_ADV (Prop_mmcme2_adv_CLKIN1_CLKOUT1)
                                                     -4.900    -2.793 r  datapath/video_inst/mmcm_adv_inst_display_clocks/inst/mmcm_adv_inst/CLKOUT1
                         net (fo=1, routed)           2.697    -0.096    datapath/video_inst/mmcm_adv_inst_display_clocks/inst/clk_out2_clk_wiz_0
    BUFGCTRL_X0Y0        BUFG (Prop_bufg_I_O)         0.096    -0.000 r  datapath/video_inst/mmcm_adv_inst_display_clocks/inst/clkout2_buf/O
                         net (fo=44, routed)          1.833     1.833    datapath/video_inst/inst_dvid/clk_out2
    SLICE_X163Y148       FDRE                                         r  datapath/video_inst/inst_dvid/shift_clock_reg[1]/C
  -------------------------------------------------------------------    -------------------
    SLICE_X163Y148       FDRE (Prop_fdre_C_Q)         0.456     2.289 f  datapath/video_inst/inst_dvid/shift_clock_reg[1]/Q
                         net (fo=3, routed)           0.845     3.134    datapath/video_inst/inst_dvid/shift_clock[1]
    SLICE_X162Y148       LUT6 (Prop_lut6_I4_O)        0.124     3.258 r  datapath/video_inst/inst_dvid/shift_red[9]_i_2/O
                         net (fo=1, routed)           0.307     3.565    datapath/video_inst/inst_dvid/shift_red[9]_i_2_n_0
    SLICE_X162Y147       LUT5 (Prop_lut5_I0_O)        0.124     3.689 r  datapath/video_inst/inst_dvid/shift_red[9]_i_1/O
                         net (fo=31, routed)          1.468     5.158    datapath/video_inst/inst_dvid/shift_red[9]_i_1_n_0
    SLICE_X160Y135       LUT3 (Prop_lut3_I1_O)        0.154     5.312 r  datapath/video_inst/inst_dvid/shift_green[5]_i_1/O
                         net (fo=1, routed)           0.000     5.312    datapath/video_inst/inst_dvid/shift_green[5]
    SLICE_X160Y135       FDRE                                         r  datapath/video_inst/inst_dvid/shift_green_reg[5]/D
  -------------------------------------------------------------------    -------------------

                         (clock clk_out2_clk_wiz_0 rise edge)
                                                      8.000     8.000 r  
    BUFGCTRL_X0Y2        BUFG                         0.000     8.000 r  clk_IBUF_BUFG_inst/O
                         net (fo=297, routed)         1.972     9.972    datapath/video_inst/mmcm_adv_inst_display_clocks/inst/clk_in1
    MMCME2_ADV_X1Y0      MMCME2_ADV (Prop_mmcme2_adv_CLKIN1_CLKOUT1)
                                                     -4.637     5.335 r  datapath/video_inst/mmcm_adv_inst_display_clocks/inst/mmcm_adv_inst/CLKOUT1
                         net (fo=1, routed)           2.574     7.909    datapath/video_inst/mmcm_adv_inst_display_clocks/inst/clk_out2_clk_wiz_0
    BUFGCTRL_X0Y0        BUFG (Prop_bufg_I_O)         0.091     8.000 r  datapath/video_inst/mmcm_adv_inst_display_clocks/inst/clkout2_buf/O
                         net (fo=44, routed)          1.708     9.708    datapath/video_inst/inst_dvid/clk_out2
    SLICE_X160Y135       FDRE                                         r  datapath/video_inst/inst_dvid/shift_green_reg[5]/C
                         clock pessimism              0.089     9.797    
                         clock uncertainty           -0.072     9.725    
    SLICE_X160Y135       FDRE (Setup_fdre_C_D)        0.075     9.800    datapath/video_inst/inst_dvid/shift_green_reg[5]
  -------------------------------------------------------------------
                         required time                          9.800    
                         arrival time                          -5.312    
  -------------------------------------------------------------------
                         slack                                  4.489    





Min Delay Paths
--------------------------------------------------------------------------------------
Slack (MET) :             0.196ns  (arrival time - required time)
  Source:                 datapath/video_inst/inst_dvid/shift_clock_reg[0]/C
                            (rising edge-triggered cell FDRE clocked by clk_out2_clk_wiz_0  {rise@0.000ns fall@4.000ns period=8.000ns})
  Destination:            datapath/video_inst/inst_dvid/shift_clock_reg[8]/D
                            (rising edge-triggered cell FDRE clocked by clk_out2_clk_wiz_0  {rise@0.000ns fall@4.000ns period=8.000ns})
  Path Group:             clk_out2_clk_wiz_0
  Path Type:              Hold (Min at Fast Process Corner)
  Requirement:            0.000ns  (clk_out2_clk_wiz_0 rise@0.000ns - clk_out2_clk_wiz_0 rise@0.000ns)
  Data Path Delay:        0.272ns  (logic 0.141ns (51.841%)  route 0.131ns (48.159%))
  Logic Levels:           0  
  Clock Path Skew:        0.013ns (DCD - SCD - CPR)
    Destination Clock Delay (DCD):    0.922ns
    Source Clock Delay      (SCD):    0.649ns
    Clock Pessimism Removal (CPR):    0.260ns

    Location             Delay type                Incr(ns)  Path(ns)    Netlist Resource(s)
  -------------------------------------------------------------------    -------------------
                         (clock clk_out2_clk_wiz_0 rise edge)
                                                      0.000     0.000 r  
    BUFGCTRL_X0Y2        BUFG                         0.000     0.000 r  clk_IBUF_BUFG_inst/O
                         net (fo=297, routed)         0.745     0.745    datapath/video_inst/mmcm_adv_inst_display_clocks/inst/clk_in1
    MMCME2_ADV_X1Y0      MMCME2_ADV (Prop_mmcme2_adv_CLKIN1_CLKOUT1)
                                                     -1.683    -0.938 r  datapath/video_inst/mmcm_adv_inst_display_clocks/inst/mmcm_adv_inst/CLKOUT1
                         net (fo=1, routed)           0.912    -0.026    datapath/video_inst/mmcm_adv_inst_display_clocks/inst/clk_out2_clk_wiz_0
    BUFGCTRL_X0Y0        BUFG (Prop_bufg_I_O)         0.026    -0.000 r  datapath/video_inst/mmcm_adv_inst_display_clocks/inst/clkout2_buf/O
                         net (fo=44, routed)          0.649     0.649    datapath/video_inst/inst_dvid/clk_out2
    SLICE_X163Y148       FDRE                                         r  datapath/video_inst/inst_dvid/shift_clock_reg[0]/C
  -------------------------------------------------------------------    -------------------
    SLICE_X163Y148       FDRE (Prop_fdre_C_Q)         0.141     0.790 r  datapath/video_inst/inst_dvid/shift_clock_reg[0]/Q
                         net (fo=3, routed)           0.131     0.921    datapath/video_inst/inst_dvid/shift_clock[0]
    SLICE_X162Y148       FDRE                                         r  datapath/video_inst/inst_dvid/shift_clock_reg[8]/D
  -------------------------------------------------------------------    -------------------

                         (clock clk_out2_clk_wiz_0 rise edge)
                                                      0.000     0.000 r  
    BUFGCTRL_X0Y2        BUFG                         0.000     0.000 r  clk_IBUF_BUFG_inst/O
                         net (fo=297, routed)         1.022     1.022    datapath/video_inst/mmcm_adv_inst_display_clocks/inst/clk_in1
    MMCME2_ADV_X1Y0      MMCME2_ADV (Prop_mmcme2_adv_CLKIN1_CLKOUT1)
                                                     -2.040    -1.018 r  datapath/video_inst/mmcm_adv_inst_display_clocks/inst/mmcm_adv_inst/CLKOUT1
                         net (fo=1, routed)           0.989    -0.029    datapath/video_inst/mmcm_adv_inst_display_clocks/inst/clk_out2_clk_wiz_0
    BUFGCTRL_X0Y0        BUFG (Prop_bufg_I_O)         0.029    -0.000 r  datapath/video_inst/mmcm_adv_inst_display_clocks/inst/clkout2_buf/O
                         net (fo=44, routed)          0.922     0.922    datapath/video_inst/inst_dvid/clk_out2
    SLICE_X162Y148       FDRE                                         r  datapath/video_inst/inst_dvid/shift_clock_reg[8]/C
                         clock pessimism             -0.260     0.662    
    SLICE_X162Y148       FDRE (Hold_fdre_C_D)         0.063     0.725    datapath/video_inst/inst_dvid/shift_clock_reg[8]
  -------------------------------------------------------------------
                         required time                         -0.725    
                         arrival time                           0.921    
  -------------------------------------------------------------------
                         slack                                  0.196    

Slack (MET) :             0.201ns  (arrival time - required time)
  Source:                 datapath/video_inst/inst_dvid/shift_clock_reg[2]/C
                            (rising edge-triggered cell FDRE clocked by clk_out2_clk_wiz_0  {rise@0.000ns fall@4.000ns period=8.000ns})
  Destination:            datapath/video_inst/inst_dvid/shift_clock_reg[0]/D
                            (rising edge-triggered cell FDRE clocked by clk_out2_clk_wiz_0  {rise@0.000ns fall@4.000ns period=8.000ns})
  Path Group:             clk_out2_clk_wiz_0
  Path Type:              Hold (Min at Fast Process Corner)
  Requirement:            0.000ns  (clk_out2_clk_wiz_0 rise@0.000ns - clk_out2_clk_wiz_0 rise@0.000ns)
  Data Path Delay:        0.287ns  (logic 0.164ns (57.121%)  route 0.123ns (42.879%))
  Logic Levels:           0  
  Clock Path Skew:        0.016ns (DCD - SCD - CPR)
    Destination Clock Delay (DCD):    0.922ns
    Source Clock Delay      (SCD):    0.649ns
    Clock Pessimism Removal (CPR):    0.257ns

    Location             Delay type                Incr(ns)  Path(ns)    Netlist Resource(s)
  -------------------------------------------------------------------    -------------------
                         (clock clk_out2_clk_wiz_0 rise edge)
                                                      0.000     0.000 r  
    BUFGCTRL_X0Y2        BUFG                         0.000     0.000 r  clk_IBUF_BUFG_inst/O
                         net (fo=297, routed)         0.745     0.745    datapath/video_inst/mmcm_adv_inst_display_clocks/inst/clk_in1
    MMCME2_ADV_X1Y0      MMCME2_ADV (Prop_mmcme2_adv_CLKIN1_CLKOUT1)
                                                     -1.683    -0.938 r  datapath/video_inst/mmcm_adv_inst_display_clocks/inst/mmcm_adv_inst/CLKOUT1
                         net (fo=1, routed)           0.912    -0.026    datapath/video_inst/mmcm_adv_inst_display_clocks/inst/clk_out2_clk_wiz_0
    BUFGCTRL_X0Y0        BUFG (Prop_bufg_I_O)         0.026    -0.000 r  datapath/video_inst/mmcm_adv_inst_display_clocks/inst/clkout2_buf/O
                         net (fo=44, routed)          0.649     0.649    datapath/video_inst/inst_dvid/clk_out2
    SLICE_X162Y147       FDRE                                         r  datapath/video_inst/inst_dvid/shift_clock_reg[2]/C
  -------------------------------------------------------------------    -------------------
    SLICE_X162Y147       FDRE (Prop_fdre_C_Q)         0.164     0.813 r  datapath/video_inst/inst_dvid/shift_clock_reg[2]/Q
                         net (fo=2, routed)           0.123     0.936    datapath/video_inst/inst_dvid/shift_clock__0[2]
    SLICE_X163Y148       FDRE                                         r  datapath/video_inst/inst_dvid/shift_clock_reg[0]/D
  -------------------------------------------------------------------    -------------------

                         (clock clk_out2_clk_wiz_0 rise edge)
                                                      0.000     0.000 r  
    BUFGCTRL_X0Y2        BUFG                         0.000     0.000 r  clk_IBUF_BUFG_inst/O
                         net (fo=297, routed)         1.022     1.022    datapath/video_inst/mmcm_adv_inst_display_clocks/inst/clk_in1
    MMCME2_ADV_X1Y0      MMCME2_ADV (Prop_mmcme2_adv_CLKIN1_CLKOUT1)
                                                     -2.040    -1.018 r  datapath/video_inst/mmcm_adv_inst_display_clocks/inst/mmcm_adv_inst/CLKOUT1
                         net (fo=1, routed)           0.989    -0.029    datapath/video_inst/mmcm_adv_inst_display_clocks/inst/clk_out2_clk_wiz_0
    BUFGCTRL_X0Y0        BUFG (Prop_bufg_I_O)         0.029    -0.000 r  datapath/video_inst/mmcm_adv_inst_display_clocks/inst/clkout2_buf/O
                         net (fo=44, routed)          0.922     0.922    datapath/video_inst/inst_dvid/clk_out2
    SLICE_X163Y148       FDRE                                         r  datapath/video_inst/inst_dvid/shift_clock_reg[0]/C
                         clock pessimism             -0.257     0.665    
    SLICE_X163Y148       FDRE (Hold_fdre_C_D)         0.070     0.735    datapath/video_inst/inst_dvid/shift_clock_reg[0]
  -------------------------------------------------------------------
                         required time                         -0.735    
                         arrival time                           0.936    
  -------------------------------------------------------------------
                         slack                                  0.201    

Slack (MET) :             0.205ns  (arrival time - required time)
  Source:                 datapath/video_inst/inst_dvid/shift_clock_reg[3]/C
                            (rising edge-triggered cell FDRE clocked by clk_out2_clk_wiz_0  {rise@0.000ns fall@4.000ns period=8.000ns})
  Destination:            datapath/video_inst/inst_dvid/shift_clock_reg[1]/D
                            (rising edge-triggered cell FDRE clocked by clk_out2_clk_wiz_0  {rise@0.000ns fall@4.000ns period=8.000ns})
  Path Group:             clk_out2_clk_wiz_0
  Path Type:              Hold (Min at Fast Process Corner)
  Requirement:            0.000ns  (clk_out2_clk_wiz_0 rise@0.000ns - clk_out2_clk_wiz_0 rise@0.000ns)
  Data Path Delay:        0.287ns  (logic 0.164ns (57.162%)  route 0.123ns (42.838%))
  Logic Levels:           0  
  Clock Path Skew:        0.016ns (DCD - SCD - CPR)
    Destination Clock Delay (DCD):    0.922ns
    Source Clock Delay      (SCD):    0.649ns
    Clock Pessimism Removal (CPR):    0.257ns

    Location             Delay type                Incr(ns)  Path(ns)    Netlist Resource(s)
  -------------------------------------------------------------------    -------------------
                         (clock clk_out2_clk_wiz_0 rise edge)
                                                      0.000     0.000 r  
    BUFGCTRL_X0Y2        BUFG                         0.000     0.000 r  clk_IBUF_BUFG_inst/O
                         net (fo=297, routed)         0.745     0.745    datapath/video_inst/mmcm_adv_inst_display_clocks/inst/clk_in1
    MMCME2_ADV_X1Y0      MMCME2_ADV (Prop_mmcme2_adv_CLKIN1_CLKOUT1)
                                                     -1.683    -0.938 r  datapath/video_inst/mmcm_adv_inst_display_clocks/inst/mmcm_adv_inst/CLKOUT1
                         net (fo=1, routed)           0.912    -0.026    datapath/video_inst/mmcm_adv_inst_display_clocks/inst/clk_out2_clk_wiz_0
    BUFGCTRL_X0Y0        BUFG (Prop_bufg_I_O)         0.026    -0.000 r  datapath/video_inst/mmcm_adv_inst_display_clocks/inst/clkout2_buf/O
                         net (fo=44, routed)          0.649     0.649    datapath/video_inst/inst_dvid/clk_out2
    SLICE_X162Y147       FDRE                                         r  datapath/video_inst/inst_dvid/shift_clock_reg[3]/C
  -------------------------------------------------------------------    -------------------
    SLICE_X162Y147       FDRE (Prop_fdre_C_Q)         0.164     0.813 r  datapath/video_inst/inst_dvid/shift_clock_reg[3]/Q
                         net (fo=2, routed)           0.123     0.936    datapath/video_inst/inst_dvid/shift_clock__0[3]
    SLICE_X163Y148       FDRE                                         r  datapath/video_inst/inst_dvid/shift_clock_reg[1]/D
  -------------------------------------------------------------------    -------------------

                         (clock clk_out2_clk_wiz_0 rise edge)
                                                      0.000     0.000 r  
    BUFGCTRL_X0Y2        BUFG                         0.000     0.000 r  clk_IBUF_BUFG_inst/O
                         net (fo=297, routed)         1.022     1.022    datapath/video_inst/mmcm_adv_inst_display_clocks/inst/clk_in1
    MMCME2_ADV_X1Y0      MMCME2_ADV (Prop_mmcme2_adv_CLKIN1_CLKOUT1)
                                                     -2.040    -1.018 r  datapath/video_inst/mmcm_adv_inst_display_clocks/inst/mmcm_adv_inst/CLKOUT1
                         net (fo=1, routed)           0.989    -0.029    datapath/video_inst/mmcm_adv_inst_display_clocks/inst/clk_out2_clk_wiz_0
    BUFGCTRL_X0Y0        BUFG (Prop_bufg_I_O)         0.029    -0.000 r  datapath/video_inst/mmcm_adv_inst_display_clocks/inst/clkout2_buf/O
                         net (fo=44, routed)          0.922     0.922    datapath/video_inst/inst_dvid/clk_out2
    SLICE_X163Y148       FDRE                                         r  datapath/video_inst/inst_dvid/shift_clock_reg[1]/C
                         clock pessimism             -0.257     0.665    
    SLICE_X163Y148       FDRE (Hold_fdre_C_D)         0.066     0.731    datapath/video_inst/inst_dvid/shift_clock_reg[1]
  -------------------------------------------------------------------
                         required time                         -0.731    
                         arrival time                           0.936    
  -------------------------------------------------------------------
                         slack                                  0.205    

Slack (MET) :             0.212ns  (arrival time - required time)
  Source:                 datapath/video_inst/inst_dvid/shift_clock_reg[6]/C
                            (rising edge-triggered cell FDRE clocked by clk_out2_clk_wiz_0  {rise@0.000ns fall@4.000ns period=8.000ns})
  Destination:            datapath/video_inst/inst_dvid/shift_clock_reg[4]/D
                            (rising edge-triggered cell FDRE clocked by clk_out2_clk_wiz_0  {rise@0.000ns fall@4.000ns period=8.000ns})
  Path Group:             clk_out2_clk_wiz_0
  Path Type:              Hold (Min at Fast Process Corner)
  Requirement:            0.000ns  (clk_out2_clk_wiz_0 rise@0.000ns - clk_out2_clk_wiz_0 rise@0.000ns)
  Data Path Delay:        0.291ns  (logic 0.164ns (56.305%)  route 0.127ns (43.695%))
  Logic Levels:           0  
  Clock Path Skew:        0.016ns (DCD - SCD - CPR)
    Destination Clock Delay (DCD):    0.922ns
    Source Clock Delay      (SCD):    0.649ns
    Clock Pessimism Removal (CPR):    0.257ns

    Location             Delay type                Incr(ns)  Path(ns)    Netlist Resource(s)
  -------------------------------------------------------------------    -------------------
                         (clock clk_out2_clk_wiz_0 rise edge)
                                                      0.000     0.000 r  
    BUFGCTRL_X0Y2        BUFG                         0.000     0.000 r  clk_IBUF_BUFG_inst/O
                         net (fo=297, routed)         0.745     0.745    datapath/video_inst/mmcm_adv_inst_display_clocks/inst/clk_in1
    MMCME2_ADV_X1Y0      MMCME2_ADV (Prop_mmcme2_adv_CLKIN1_CLKOUT1)
                                                     -1.683    -0.938 r  datapath/video_inst/mmcm_adv_inst_display_clocks/inst/mmcm_adv_inst/CLKOUT1
                         net (fo=1, routed)           0.912    -0.026    datapath/video_inst/mmcm_adv_inst_display_clocks/inst/clk_out2_clk_wiz_0
    BUFGCTRL_X0Y0        BUFG (Prop_bufg_I_O)         0.026    -0.000 r  datapath/video_inst/mmcm_adv_inst_display_clocks/inst/clkout2_buf/O
                         net (fo=44, routed)          0.649     0.649    datapath/video_inst/inst_dvid/clk_out2
    SLICE_X162Y148       FDRE                                         r  datapath/video_inst/inst_dvid/shift_clock_reg[6]/C
  -------------------------------------------------------------------    -------------------
    SLICE_X162Y148       FDRE (Prop_fdre_C_Q)         0.164     0.813 r  datapath/video_inst/inst_dvid/shift_clock_reg[6]/Q
                         net (fo=2, routed)           0.127     0.940    datapath/video_inst/inst_dvid/shift_clock__0[6]
    SLICE_X162Y147       FDRE                                         r  datapath/video_inst/inst_dvid/shift_clock_reg[4]/D
  -------------------------------------------------------------------    -------------------

                         (clock clk_out2_clk_wiz_0 rise edge)
                                                      0.000     0.000 r  
    BUFGCTRL_X0Y2        BUFG                         0.000     0.000 r  clk_IBUF_BUFG_inst/O
                         net (fo=297, routed)         1.022     1.022    datapath/video_inst/mmcm_adv_inst_display_clocks/inst/clk_in1
    MMCME2_ADV_X1Y0      MMCME2_ADV (Prop_mmcme2_adv_CLKIN1_CLKOUT1)
                                                     -2.040    -1.018 r  datapath/video_inst/mmcm_adv_inst_display_clocks/inst/mmcm_adv_inst/CLKOUT1
                         net (fo=1, routed)           0.989    -0.029    datapath/video_inst/mmcm_adv_inst_display_clocks/inst/clk_out2_clk_wiz_0
    BUFGCTRL_X0Y0        BUFG (Prop_bufg_I_O)         0.029    -0.000 r  datapath/video_inst/mmcm_adv_inst_display_clocks/inst/clkout2_buf/O
                         net (fo=44, routed)          0.922     0.922    datapath/video_inst/inst_dvid/clk_out2
    SLICE_X162Y147       FDRE                                         r  datapath/video_inst/inst_dvid/shift_clock_reg[4]/C
                         clock pessimism             -0.257     0.665    
    SLICE_X162Y147       FDRE (Hold_fdre_C_D)         0.063     0.728    datapath/video_inst/inst_dvid/shift_clock_reg[4]
  -------------------------------------------------------------------
                         required time                         -0.728    
                         arrival time                           0.940    
  -------------------------------------------------------------------
                         slack                                  0.212    

Slack (MET) :             0.212ns  (arrival time - required time)
  Source:                 datapath/video_inst/inst_dvid/shift_clock_reg[7]/C
                            (rising edge-triggered cell FDRE clocked by clk_out2_clk_wiz_0  {rise@0.000ns fall@4.000ns period=8.000ns})
  Destination:            datapath/video_inst/inst_dvid/shift_clock_reg[5]/D
                            (rising edge-triggered cell FDRE clocked by clk_out2_clk_wiz_0  {rise@0.000ns fall@4.000ns period=8.000ns})
  Path Group:             clk_out2_clk_wiz_0
  Path Type:              Hold (Min at Fast Process Corner)
  Requirement:            0.000ns  (clk_out2_clk_wiz_0 rise@0.000ns - clk_out2_clk_wiz_0 rise@0.000ns)
  Data Path Delay:        0.291ns  (logic 0.164ns (56.305%)  route 0.127ns (43.695%))
  Logic Levels:           0  
  Clock Path Skew:        0.016ns (DCD - SCD - CPR)
    Destination Clock Delay (DCD):    0.922ns
    Source Clock Delay      (SCD):    0.649ns
    Clock Pessimism Removal (CPR):    0.257ns

    Location             Delay type                Incr(ns)  Path(ns)    Netlist Resource(s)
  -------------------------------------------------------------------    -------------------
                         (clock clk_out2_clk_wiz_0 rise edge)
                                                      0.000     0.000 r  
    BUFGCTRL_X0Y2        BUFG                         0.000     0.000 r  clk_IBUF_BUFG_inst/O
                         net (fo=297, routed)         0.745     0.745    datapath/video_inst/mmcm_adv_inst_display_clocks/inst/clk_in1
    MMCME2_ADV_X1Y0      MMCME2_ADV (Prop_mmcme2_adv_CLKIN1_CLKOUT1)
                                                     -1.683    -0.938 r  datapath/video_inst/mmcm_adv_inst_display_clocks/inst/mmcm_adv_inst/CLKOUT1
                         net (fo=1, routed)           0.912    -0.026    datapath/video_inst/mmcm_adv_inst_display_clocks/inst/clk_out2_clk_wiz_0
    BUFGCTRL_X0Y0        BUFG (Prop_bufg_I_O)         0.026    -0.000 r  datapath/video_inst/mmcm_adv_inst_display_clocks/inst/clkout2_buf/O
                         net (fo=44, routed)          0.649     0.649    datapath/video_inst/inst_dvid/clk_out2
    SLICE_X162Y148       FDRE                                         r  datapath/video_inst/inst_dvid/shift_clock_reg[7]/C
  -------------------------------------------------------------------    -------------------
    SLICE_X162Y148       FDRE (Prop_fdre_C_Q)         0.164     0.813 r  datapath/video_inst/inst_dvid/shift_clock_reg[7]/Q
                         net (fo=2, routed)           0.127     0.940    datapath/video_inst/inst_dvid/shift_clock__0[7]
    SLICE_X162Y147       FDRE                                         r  datapath/video_inst/inst_dvid/shift_clock_reg[5]/D
  -------------------------------------------------------------------    -------------------

                         (clock clk_out2_clk_wiz_0 rise edge)
                                                      0.000     0.000 r  
    BUFGCTRL_X0Y2        BUFG                         0.000     0.000 r  clk_IBUF_BUFG_inst/O
                         net (fo=297, routed)         1.022     1.022    datapath/video_inst/mmcm_adv_inst_display_clocks/inst/clk_in1
    MMCME2_ADV_X1Y0      MMCME2_ADV (Prop_mmcme2_adv_CLKIN1_CLKOUT1)
                                                     -2.040    -1.018 r  datapath/video_inst/mmcm_adv_inst_display_clocks/inst/mmcm_adv_inst/CLKOUT1
                         net (fo=1, routed)           0.989    -0.029    datapath/video_inst/mmcm_adv_inst_display_clocks/inst/clk_out2_clk_wiz_0
    BUFGCTRL_X0Y0        BUFG (Prop_bufg_I_O)         0.029    -0.000 r  datapath/video_inst/mmcm_adv_inst_display_clocks/inst/clkout2_buf/O
                         net (fo=44, routed)          0.922     0.922    datapath/video_inst/inst_dvid/clk_out2
    SLICE_X162Y147       FDRE                                         r  datapath/video_inst/inst_dvid/shift_clock_reg[5]/C
                         clock pessimism             -0.257     0.665    
    SLICE_X162Y147       FDRE (Hold_fdre_C_D)         0.063     0.728    datapath/video_inst/inst_dvid/shift_clock_reg[5]
  -------------------------------------------------------------------
                         required time                         -0.728    
                         arrival time                           0.940    
  -------------------------------------------------------------------
                         slack                                  0.212    

Slack (MET) :             0.233ns  (arrival time - required time)
  Source:                 datapath/video_inst/inst_dvid/shift_clock_reg[4]/C
                            (rising edge-triggered cell FDRE clocked by clk_out2_clk_wiz_0  {rise@0.000ns fall@4.000ns period=8.000ns})
  Destination:            datapath/video_inst/inst_dvid/shift_clock_reg[2]/D
                            (rising edge-triggered cell FDRE clocked by clk_out2_clk_wiz_0  {rise@0.000ns fall@4.000ns period=8.000ns})
  Path Group:             clk_out2_clk_wiz_0
  Path Type:              Hold (Min at Fast Process Corner)
  Requirement:            0.000ns  (clk_out2_clk_wiz_0 rise@0.000ns - clk_out2_clk_wiz_0 rise@0.000ns)
  Data Path Delay:        0.292ns  (logic 0.164ns (56.232%)  route 0.128ns (43.768%))
  Logic Levels:           0  
  Clock Path Skew:        0.000ns (DCD - SCD - CPR)
    Destination Clock Delay (DCD):    0.922ns
    Source Clock Delay      (SCD):    0.649ns
    Clock Pessimism Removal (CPR):    0.273ns

    Location             Delay type                Incr(ns)  Path(ns)    Netlist Resource(s)
  -------------------------------------------------------------------    -------------------
                         (clock clk_out2_clk_wiz_0 rise edge)
                                                      0.000     0.000 r  
    BUFGCTRL_X0Y2        BUFG                         0.000     0.000 r  clk_IBUF_BUFG_inst/O
                         net (fo=297, routed)         0.745     0.745    datapath/video_inst/mmcm_adv_inst_display_clocks/inst/clk_in1
    MMCME2_ADV_X1Y0      MMCME2_ADV (Prop_mmcme2_adv_CLKIN1_CLKOUT1)
                                                     -1.683    -0.938 r  datapath/video_inst/mmcm_adv_inst_display_clocks/inst/mmcm_adv_inst/CLKOUT1
                         net (fo=1, routed)           0.912    -0.026    datapath/video_inst/mmcm_adv_inst_display_clocks/inst/clk_out2_clk_wiz_0
    BUFGCTRL_X0Y0        BUFG (Prop_bufg_I_O)         0.026    -0.000 r  datapath/video_inst/mmcm_adv_inst_display_clocks/inst/clkout2_buf/O
                         net (fo=44, routed)          0.649     0.649    datapath/video_inst/inst_dvid/clk_out2
    SLICE_X162Y147       FDRE                                         r  datapath/video_inst/inst_dvid/shift_clock_reg[4]/C
  -------------------------------------------------------------------    -------------------
    SLICE_X162Y147       FDRE (Prop_fdre_C_Q)         0.164     0.813 r  datapath/video_inst/inst_dvid/shift_clock_reg[4]/Q
                         net (fo=2, routed)           0.128     0.940    datapath/video_inst/inst_dvid/shift_clock__0[4]
    SLICE_X162Y147       FDRE                                         r  datapath/video_inst/inst_dvid/shift_clock_reg[2]/D
  -------------------------------------------------------------------    -------------------

                         (clock clk_out2_clk_wiz_0 rise edge)
                                                      0.000     0.000 r  
    BUFGCTRL_X0Y2        BUFG                         0.000     0.000 r  clk_IBUF_BUFG_inst/O
                         net (fo=297, routed)         1.022     1.022    datapath/video_inst/mmcm_adv_inst_display_clocks/inst/clk_in1
    MMCME2_ADV_X1Y0      MMCME2_ADV (Prop_mmcme2_adv_CLKIN1_CLKOUT1)
                                                     -2.040    -1.018 r  datapath/video_inst/mmcm_adv_inst_display_clocks/inst/mmcm_adv_inst/CLKOUT1
                         net (fo=1, routed)           0.989    -0.029    datapath/video_inst/mmcm_adv_inst_display_clocks/inst/clk_out2_clk_wiz_0
    BUFGCTRL_X0Y0        BUFG (Prop_bufg_I_O)         0.029    -0.000 r  datapath/video_inst/mmcm_adv_inst_display_clocks/inst/clkout2_buf/O
                         net (fo=44, routed)          0.922     0.922    datapath/video_inst/inst_dvid/clk_out2
    SLICE_X162Y147       FDRE                                         r  datapath/video_inst/inst_dvid/shift_clock_reg[2]/C
                         clock pessimism             -0.273     0.649    
    SLICE_X162Y147       FDRE (Hold_fdre_C_D)         0.059     0.708    datapath/video_inst/inst_dvid/shift_clock_reg[2]
  -------------------------------------------------------------------
                         required time                         -0.708    
                         arrival time                           0.940    
  -------------------------------------------------------------------
                         slack                                  0.233    

Slack (MET) :             0.233ns  (arrival time - required time)
  Source:                 datapath/video_inst/inst_dvid/shift_clock_reg[8]/C
                            (rising edge-triggered cell FDRE clocked by clk_out2_clk_wiz_0  {rise@0.000ns fall@4.000ns period=8.000ns})
  Destination:            datapath/video_inst/inst_dvid/shift_clock_reg[6]/D
                            (rising edge-triggered cell FDRE clocked by clk_out2_clk_wiz_0  {rise@0.000ns fall@4.000ns period=8.000ns})
  Path Group:             clk_out2_clk_wiz_0
  Path Type:              Hold (Min at Fast Process Corner)
  Requirement:            0.000ns  (clk_out2_clk_wiz_0 rise@0.000ns - clk_out2_clk_wiz_0 rise@0.000ns)
  Data Path Delay:        0.292ns  (logic 0.164ns (56.232%)  route 0.128ns (43.768%))
  Logic Levels:           0  
  Clock Path Skew:        0.000ns (DCD - SCD - CPR)
    Destination Clock Delay (DCD):    0.922ns
    Source Clock Delay      (SCD):    0.649ns
    Clock Pessimism Removal (CPR):    0.273ns

    Location             Delay type                Incr(ns)  Path(ns)    Netlist Resource(s)
  -------------------------------------------------------------------    -------------------
                         (clock clk_out2_clk_wiz_0 rise edge)
                                                      0.000     0.000 r  
    BUFGCTRL_X0Y2        BUFG                         0.000     0.000 r  clk_IBUF_BUFG_inst/O
                         net (fo=297, routed)         0.745     0.745    datapath/video_inst/mmcm_adv_inst_display_clocks/inst/clk_in1
    MMCME2_ADV_X1Y0      MMCME2_ADV (Prop_mmcme2_adv_CLKIN1_CLKOUT1)
                                                     -1.683    -0.938 r  datapath/video_inst/mmcm_adv_inst_display_clocks/inst/mmcm_adv_inst/CLKOUT1
                         net (fo=1, routed)           0.912    -0.026    datapath/video_inst/mmcm_adv_inst_display_clocks/inst/clk_out2_clk_wiz_0
    BUFGCTRL_X0Y0        BUFG (Prop_bufg_I_O)         0.026    -0.000 r  datapath/video_inst/mmcm_adv_inst_display_clocks/inst/clkout2_buf/O
                         net (fo=44, routed)          0.649     0.649    datapath/video_inst/inst_dvid/clk_out2
    SLICE_X162Y148       FDRE                                         r  datapath/video_inst/inst_dvid/shift_clock_reg[8]/C
  -------------------------------------------------------------------    -------------------
    SLICE_X162Y148       FDRE (Prop_fdre_C_Q)         0.164     0.813 r  datapath/video_inst/inst_dvid/shift_clock_reg[8]/Q
                         net (fo=2, routed)           0.128     0.940    datapath/video_inst/inst_dvid/shift_clock__0[8]
    SLICE_X162Y148       FDRE                                         r  datapath/video_inst/inst_dvid/shift_clock_reg[6]/D
  -------------------------------------------------------------------    -------------------

                         (clock clk_out2_clk_wiz_0 rise edge)
                                                      0.000     0.000 r  
    BUFGCTRL_X0Y2        BUFG                         0.000     0.000 r  clk_IBUF_BUFG_inst/O
                         net (fo=297, routed)         1.022     1.022    datapath/video_inst/mmcm_adv_inst_display_clocks/inst/clk_in1
    MMCME2_ADV_X1Y0      MMCME2_ADV (Prop_mmcme2_adv_CLKIN1_CLKOUT1)
                                                     -2.040    -1.018 r  datapath/video_inst/mmcm_adv_inst_display_clocks/inst/mmcm_adv_inst/CLKOUT1
                         net (fo=1, routed)           0.989    -0.029    datapath/video_inst/mmcm_adv_inst_display_clocks/inst/clk_out2_clk_wiz_0
    BUFGCTRL_X0Y0        BUFG (Prop_bufg_I_O)         0.029    -0.000 r  datapath/video_inst/mmcm_adv_inst_display_clocks/inst/clkout2_buf/O
                         net (fo=44, routed)          0.922     0.922    datapath/video_inst/inst_dvid/clk_out2
    SLICE_X162Y148       FDRE                                         r  datapath/video_inst/inst_dvid/shift_clock_reg[6]/C
                         clock pessimism             -0.273     0.649    
    SLICE_X162Y148       FDRE (Hold_fdre_C_D)         0.059     0.708    datapath/video_inst/inst_dvid/shift_clock_reg[6]
  -------------------------------------------------------------------
                         required time                         -0.708    
                         arrival time                           0.940    
  -------------------------------------------------------------------
                         slack                                  0.233    

Slack (MET) :             0.233ns  (arrival time - required time)
  Source:                 datapath/video_inst/inst_dvid/shift_clock_reg[5]/C
                            (rising edge-triggered cell FDRE clocked by clk_out2_clk_wiz_0  {rise@0.000ns fall@4.000ns period=8.000ns})
  Destination:            datapath/video_inst/inst_dvid/shift_clock_reg[3]/D
                            (rising edge-triggered cell FDRE clocked by clk_out2_clk_wiz_0  {rise@0.000ns fall@4.000ns period=8.000ns})
  Path Group:             clk_out2_clk_wiz_0
  Path Type:              Hold (Min at Fast Process Corner)
  Requirement:            0.000ns  (clk_out2_clk_wiz_0 rise@0.000ns - clk_out2_clk_wiz_0 rise@0.000ns)
  Data Path Delay:        0.285ns  (logic 0.164ns (57.535%)  route 0.121ns (42.465%))
  Logic Levels:           0  
  Clock Path Skew:        0.000ns (DCD - SCD - CPR)
    Destination Clock Delay (DCD):    0.922ns
    Source Clock Delay      (SCD):    0.649ns
    Clock Pessimism Removal (CPR):    0.273ns

    Location             Delay type                Incr(ns)  Path(ns)    Netlist Resource(s)
  -------------------------------------------------------------------    -------------------
                         (clock clk_out2_clk_wiz_0 rise edge)
                                                      0.000     0.000 r  
    BUFGCTRL_X0Y2        BUFG                         0.000     0.000 r  clk_IBUF_BUFG_inst/O
                         net (fo=297, routed)         0.745     0.745    datapath/video_inst/mmcm_adv_inst_display_clocks/inst/clk_in1
    MMCME2_ADV_X1Y0      MMCME2_ADV (Prop_mmcme2_adv_CLKIN1_CLKOUT1)
                                                     -1.683    -0.938 r  datapath/video_inst/mmcm_adv_inst_display_clocks/inst/mmcm_adv_inst/CLKOUT1
                         net (fo=1, routed)           0.912    -0.026    datapath/video_inst/mmcm_adv_inst_display_clocks/inst/clk_out2_clk_wiz_0
    BUFGCTRL_X0Y0        BUFG (Prop_bufg_I_O)         0.026    -0.000 r  datapath/video_inst/mmcm_adv_inst_display_clocks/inst/clkout2_buf/O
                         net (fo=44, routed)          0.649     0.649    datapath/video_inst/inst_dvid/clk_out2
    SLICE_X162Y147       FDRE                                         r  datapath/video_inst/inst_dvid/shift_clock_reg[5]/C
  -------------------------------------------------------------------    -------------------
    SLICE_X162Y147       FDRE (Prop_fdre_C_Q)         0.164     0.813 r  datapath/video_inst/inst_dvid/shift_clock_reg[5]/Q
                         net (fo=2, routed)           0.121     0.934    datapath/video_inst/inst_dvid/shift_clock__0[5]
    SLICE_X162Y147       FDRE                                         r  datapath/video_inst/inst_dvid/shift_clock_reg[3]/D
  -------------------------------------------------------------------    -------------------

                         (clock clk_out2_clk_wiz_0 rise edge)
                                                      0.000     0.000 r  
    BUFGCTRL_X0Y2        BUFG                         0.000     0.000 r  clk_IBUF_BUFG_inst/O
                         net (fo=297, routed)         1.022     1.022    datapath/video_inst/mmcm_adv_inst_display_clocks/inst/clk_in1
    MMCME2_ADV_X1Y0      MMCME2_ADV (Prop_mmcme2_adv_CLKIN1_CLKOUT1)
                                                     -2.040    -1.018 r  datapath/video_inst/mmcm_adv_inst_display_clocks/inst/mmcm_adv_inst/CLKOUT1
                         net (fo=1, routed)           0.989    -0.029    datapath/video_inst/mmcm_adv_inst_display_clocks/inst/clk_out2_clk_wiz_0
    BUFGCTRL_X0Y0        BUFG (Prop_bufg_I_O)         0.029    -0.000 r  datapath/video_inst/mmcm_adv_inst_display_clocks/inst/clkout2_buf/O
                         net (fo=44, routed)          0.922     0.922    datapath/video_inst/inst_dvid/clk_out2
    SLICE_X162Y147       FDRE                                         r  datapath/video_inst/inst_dvid/shift_clock_reg[3]/C
                         clock pessimism             -0.273     0.649    
    SLICE_X162Y147       FDRE (Hold_fdre_C_D)         0.052     0.701    datapath/video_inst/inst_dvid/shift_clock_reg[3]
  -------------------------------------------------------------------
                         required time                         -0.701    
                         arrival time                           0.934    
  -------------------------------------------------------------------
                         slack                                  0.233    

Slack (MET) :             0.233ns  (arrival time - required time)
  Source:                 datapath/video_inst/inst_dvid/shift_green_reg[9]/C
                            (rising edge-triggered cell FDRE clocked by clk_out2_clk_wiz_0  {rise@0.000ns fall@4.000ns period=8.000ns})
  Destination:            datapath/video_inst/inst_dvid/shift_green_reg[7]/D
                            (rising edge-triggered cell FDRE clocked by clk_out2_clk_wiz_0  {rise@0.000ns fall@4.000ns period=8.000ns})
  Path Group:             clk_out2_clk_wiz_0
  Path Type:              Hold (Min at Fast Process Corner)
  Requirement:            0.000ns  (clk_out2_clk_wiz_0 rise@0.000ns - clk_out2_clk_wiz_0 rise@0.000ns)
  Data Path Delay:        0.379ns  (logic 0.185ns (48.802%)  route 0.194ns (51.198%))
  Logic Levels:           1  (LUT3=1)
  Clock Path Skew:        0.039ns (DCD - SCD - CPR)
    Destination Clock Delay (DCD):    0.916ns
    Source Clock Delay      (SCD):    0.643ns
    Clock Pessimism Removal (CPR):    0.234ns

    Location             Delay type                Incr(ns)  Path(ns)    Netlist Resource(s)
  -------------------------------------------------------------------    -------------------
                         (clock clk_out2_clk_wiz_0 rise edge)
                                                      0.000     0.000 r  
    BUFGCTRL_X0Y2        BUFG                         0.000     0.000 r  clk_IBUF_BUFG_inst/O
                         net (fo=297, routed)         0.745     0.745    datapath/video_inst/mmcm_adv_inst_display_clocks/inst/clk_in1
    MMCME2_ADV_X1Y0      MMCME2_ADV (Prop_mmcme2_adv_CLKIN1_CLKOUT1)
                                                     -1.683    -0.938 r  datapath/video_inst/mmcm_adv_inst_display_clocks/inst/mmcm_adv_inst/CLKOUT1
                         net (fo=1, routed)           0.912    -0.026    datapath/video_inst/mmcm_adv_inst_display_clocks/inst/clk_out2_clk_wiz_0
    BUFGCTRL_X0Y0        BUFG (Prop_bufg_I_O)         0.026    -0.000 r  datapath/video_inst/mmcm_adv_inst_display_clocks/inst/clkout2_buf/O
                         net (fo=44, routed)          0.643     0.643    datapath/video_inst/inst_dvid/clk_out2
    SLICE_X159Y135       FDRE                                         r  datapath/video_inst/inst_dvid/shift_green_reg[9]/C
  -------------------------------------------------------------------    -------------------
    SLICE_X159Y135       FDRE (Prop_fdre_C_Q)         0.141     0.784 r  datapath/video_inst/inst_dvid/shift_green_reg[9]/Q
                         net (fo=1, routed)           0.194     0.978    datapath/video_inst/inst_dvid/shift_green_reg_n_0_[9]
    SLICE_X160Y135       LUT3 (Prop_lut3_I0_O)        0.044     1.022 r  datapath/video_inst/inst_dvid/shift_green[7]_i_1/O
                         net (fo=1, routed)           0.000     1.022    datapath/video_inst/inst_dvid/shift_green[7]
    SLICE_X160Y135       FDRE                                         r  datapath/video_inst/inst_dvid/shift_green_reg[7]/D
  -------------------------------------------------------------------    -------------------

                         (clock clk_out2_clk_wiz_0 rise edge)
                                                      0.000     0.000 r  
    BUFGCTRL_X0Y2        BUFG                         0.000     0.000 r  clk_IBUF_BUFG_inst/O
                         net (fo=297, routed)         1.022     1.022    datapath/video_inst/mmcm_adv_inst_display_clocks/inst/clk_in1
    MMCME2_ADV_X1Y0      MMCME2_ADV (Prop_mmcme2_adv_CLKIN1_CLKOUT1)
                                                     -2.040    -1.018 r  datapath/video_inst/mmcm_adv_inst_display_clocks/inst/mmcm_adv_inst/CLKOUT1
                         net (fo=1, routed)           0.989    -0.029    datapath/video_inst/mmcm_adv_inst_display_clocks/inst/clk_out2_clk_wiz_0
    BUFGCTRL_X0Y0        BUFG (Prop_bufg_I_O)         0.029    -0.000 r  datapath/video_inst/mmcm_adv_inst_display_clocks/inst/clkout2_buf/O
                         net (fo=44, routed)          0.916     0.916    datapath/video_inst/inst_dvid/clk_out2
    SLICE_X160Y135       FDRE                                         r  datapath/video_inst/inst_dvid/shift_green_reg[7]/C
                         clock pessimism             -0.234     0.682    
    SLICE_X160Y135       FDRE (Hold_fdre_C_D)         0.107     0.789    datapath/video_inst/inst_dvid/shift_green_reg[7]
  -------------------------------------------------------------------
                         required time                         -0.789    
                         arrival time                           1.022    
  -------------------------------------------------------------------
                         slack                                  0.233    

Slack (MET) :             0.235ns  (arrival time - required time)
  Source:                 datapath/video_inst/inst_dvid/shift_clock_reg[9]/C
                            (rising edge-triggered cell FDRE clocked by clk_out2_clk_wiz_0  {rise@0.000ns fall@4.000ns period=8.000ns})
  Destination:            datapath/video_inst/inst_dvid/shift_clock_reg[7]/D
                            (rising edge-triggered cell FDRE clocked by clk_out2_clk_wiz_0  {rise@0.000ns fall@4.000ns period=8.000ns})
  Path Group:             clk_out2_clk_wiz_0
  Path Type:              Hold (Min at Fast Process Corner)
  Requirement:            0.000ns  (clk_out2_clk_wiz_0 rise@0.000ns - clk_out2_clk_wiz_0 rise@0.000ns)
  Data Path Delay:        0.287ns  (logic 0.164ns (57.162%)  route 0.123ns (42.838%))
  Logic Levels:           0  
  Clock Path Skew:        0.000ns (DCD - SCD - CPR)
    Destination Clock Delay (DCD):    0.922ns
    Source Clock Delay      (SCD):    0.649ns
    Clock Pessimism Removal (CPR):    0.273ns

    Location             Delay type                Incr(ns)  Path(ns)    Netlist Resource(s)
  -------------------------------------------------------------------    -------------------
                         (clock clk_out2_clk_wiz_0 rise edge)
                                                      0.000     0.000 r  
    BUFGCTRL_X0Y2        BUFG                         0.000     0.000 r  clk_IBUF_BUFG_inst/O
                         net (fo=297, routed)         0.745     0.745    datapath/video_inst/mmcm_adv_inst_display_clocks/inst/clk_in1
    MMCME2_ADV_X1Y0      MMCME2_ADV (Prop_mmcme2_adv_CLKIN1_CLKOUT1)
                                                     -1.683    -0.938 r  datapath/video_inst/mmcm_adv_inst_display_clocks/inst/mmcm_adv_inst/CLKOUT1
                         net (fo=1, routed)           0.912    -0.026    datapath/video_inst/mmcm_adv_inst_display_clocks/inst/clk_out2_clk_wiz_0
    BUFGCTRL_X0Y0        BUFG (Prop_bufg_I_O)         0.026    -0.000 r  datapath/video_inst/mmcm_adv_inst_display_clocks/inst/clkout2_buf/O
                         net (fo=44, routed)          0.649     0.649    datapath/video_inst/inst_dvid/clk_out2
    SLICE_X162Y148       FDRE                                         r  datapath/video_inst/inst_dvid/shift_clock_reg[9]/C
  -------------------------------------------------------------------    -------------------
    SLICE_X162Y148       FDRE (Prop_fdre_C_Q)         0.164     0.813 r  datapath/video_inst/inst_dvid/shift_clock_reg[9]/Q
                         net (fo=2, routed)           0.123     0.936    datapath/video_inst/inst_dvid/shift_clock__0[9]
    SLICE_X162Y148       FDRE                                         r  datapath/video_inst/inst_dvid/shift_clock_reg[7]/D
  -------------------------------------------------------------------    -------------------

                         (clock clk_out2_clk_wiz_0 rise edge)
                                                      0.000     0.000 r  
    BUFGCTRL_X0Y2        BUFG                         0.000     0.000 r  clk_IBUF_BUFG_inst/O
                         net (fo=297, routed)         1.022     1.022    datapath/video_inst/mmcm_adv_inst_display_clocks/inst/clk_in1
    MMCME2_ADV_X1Y0      MMCME2_ADV (Prop_mmcme2_adv_CLKIN1_CLKOUT1)
                                                     -2.040    -1.018 r  datapath/video_inst/mmcm_adv_inst_display_clocks/inst/mmcm_adv_inst/CLKOUT1
                         net (fo=1, routed)           0.989    -0.029    datapath/video_inst/mmcm_adv_inst_display_clocks/inst/clk_out2_clk_wiz_0
    BUFGCTRL_X0Y0        BUFG (Prop_bufg_I_O)         0.029    -0.000 r  datapath/video_inst/mmcm_adv_inst_display_clocks/inst/clkout2_buf/O
                         net (fo=44, routed)          0.922     0.922    datapath/video_inst/inst_dvid/clk_out2
    SLICE_X162Y148       FDRE                                         r  datapath/video_inst/inst_dvid/shift_clock_reg[7]/C
                         clock pessimism             -0.273     0.649    
    SLICE_X162Y148       FDRE (Hold_fdre_C_D)         0.052     0.701    datapath/video_inst/inst_dvid/shift_clock_reg[7]
  -------------------------------------------------------------------
                         required time                         -0.701    
                         arrival time                           0.936    
  -------------------------------------------------------------------
                         slack                                  0.235    





Pulse Width Checks
--------------------------------------------------------------------------------------
Clock Name:         clk_out2_clk_wiz_0
Waveform(ns):       { 0.000 4.000 }
Period(ns):         8.000
Sources:            { datapath/video_inst/mmcm_adv_inst_display_clocks/inst/mmcm_adv_inst/CLKOUT1 }

Check Type        Corner  Lib Pin             Reference Pin  Required(ns)  Actual(ns)  Slack(ns)  Location         Pin
Min Period        n/a     BUFG/I              n/a            2.155         8.000       5.845      BUFGCTRL_X0Y0    datapath/video_inst/mmcm_adv_inst_display_clocks/inst/clkout2_buf/I
Min Period        n/a     ODDR/C              n/a            1.474         8.000       6.526      OLOGIC_X1Y140    datapath/video_inst/inst_dvid/ODDR2_blue/C
Min Period        n/a     ODDR/C              n/a            1.474         8.000       6.526      OLOGIC_X1Y148    datapath/video_inst/inst_dvid/ODDR2_clock/C
Min Period        n/a     ODDR/C              n/a            1.474         8.000       6.526      OLOGIC_X1Y136    datapath/video_inst/inst_dvid/ODDR2_green/C
Min Period        n/a     ODDR/C              n/a            1.474         8.000       6.526      OLOGIC_X1Y134    datapath/video_inst/inst_dvid/ODDR2_red/C
Min Period        n/a     MMCME2_ADV/CLKOUT1  n/a            1.249         8.000       6.751      MMCME2_ADV_X1Y0  datapath/video_inst/mmcm_adv_inst_display_clocks/inst/mmcm_adv_inst/CLKOUT1
Min Period        n/a     FDRE/C              n/a            1.000         8.000       7.000      SLICE_X160Y136   datapath/video_inst/inst_dvid/shift_blue_reg[0]/C
Min Period        n/a     FDRE/C              n/a            1.000         8.000       7.000      SLICE_X160Y136   datapath/video_inst/inst_dvid/shift_blue_reg[1]/C
Min Period        n/a     FDRE/C              n/a            1.000         8.000       7.000      SLICE_X160Y136   datapath/video_inst/inst_dvid/shift_blue_reg[2]/C
Min Period        n/a     FDRE/C              n/a            1.000         8.000       7.000      SLICE_X160Y136   datapath/video_inst/inst_dvid/shift_blue_reg[3]/C
Max Period        n/a     MMCME2_ADV/CLKOUT1  n/a            213.360       8.000       205.360    MMCME2_ADV_X1Y0  datapath/video_inst/mmcm_adv_inst_display_clocks/inst/mmcm_adv_inst/CLKOUT1
Low Pulse Width   Slow    FDRE/C              n/a            0.500         4.000       3.500      SLICE_X160Y136   datapath/video_inst/inst_dvid/shift_blue_reg[0]/C
Low Pulse Width   Fast    FDRE/C              n/a            0.500         4.000       3.500      SLICE_X160Y136   datapath/video_inst/inst_dvid/shift_blue_reg[0]/C
Low Pulse Width   Slow    FDRE/C              n/a            0.500         4.000       3.500      SLICE_X160Y136   datapath/video_inst/inst_dvid/shift_blue_reg[1]/C
Low Pulse Width   Fast    FDRE/C              n/a            0.500         4.000       3.500      SLICE_X160Y136   datapath/video_inst/inst_dvid/shift_blue_reg[1]/C
Low Pulse Width   Slow    FDRE/C              n/a            0.500         4.000       3.500      SLICE_X160Y136   datapath/video_inst/inst_dvid/shift_blue_reg[2]/C
Low Pulse Width   Fast    FDRE/C              n/a            0.500         4.000       3.500      SLICE_X160Y136   datapath/video_inst/inst_dvid/shift_blue_reg[2]/C
Low Pulse Width   Slow    FDRE/C              n/a            0.500         4.000       3.500      SLICE_X160Y136   datapath/video_inst/inst_dvid/shift_blue_reg[3]/C
Low Pulse Width   Fast    FDRE/C              n/a            0.500         4.000       3.500      SLICE_X160Y136   datapath/video_inst/inst_dvid/shift_blue_reg[3]/C
Low Pulse Width   Slow    FDRE/C              n/a            0.500         4.000       3.500      SLICE_X160Y136   datapath/video_inst/inst_dvid/shift_blue_reg[4]/C
Low Pulse Width   Fast    FDRE/C              n/a            0.500         4.000       3.500      SLICE_X160Y136   datapath/video_inst/inst_dvid/shift_blue_reg[4]/C
High Pulse Width  Slow    FDRE/C              n/a            0.500         4.000       3.500      SLICE_X160Y136   datapath/video_inst/inst_dvid/shift_blue_reg[0]/C
High Pulse Width  Fast    FDRE/C              n/a            0.500         4.000       3.500      SLICE_X160Y136   datapath/video_inst/inst_dvid/shift_blue_reg[0]/C
High Pulse Width  Slow    FDRE/C              n/a            0.500         4.000       3.500      SLICE_X160Y136   datapath/video_inst/inst_dvid/shift_blue_reg[1]/C
High Pulse Width  Fast    FDRE/C              n/a            0.500         4.000       3.500      SLICE_X160Y136   datapath/video_inst/inst_dvid/shift_blue_reg[1]/C
High Pulse Width  Slow    FDRE/C              n/a            0.500         4.000       3.500      SLICE_X160Y136   datapath/video_inst/inst_dvid/shift_blue_reg[2]/C
High Pulse Width  Fast    FDRE/C              n/a            0.500         4.000       3.500      SLICE_X160Y136   datapath/video_inst/inst_dvid/shift_blue_reg[2]/C
High Pulse Width  Slow    FDRE/C              n/a            0.500         4.000       3.500      SLICE_X160Y136   datapath/video_inst/inst_dvid/shift_blue_reg[3]/C
High Pulse Width  Fast    FDRE/C              n/a            0.500         4.000       3.500      SLICE_X160Y136   datapath/video_inst/inst_dvid/shift_blue_reg[3]/C
High Pulse Width  Slow    FDRE/C              n/a            0.500         4.000       3.500      SLICE_X160Y136   datapath/video_inst/inst_dvid/shift_blue_reg[4]/C
High Pulse Width  Fast    FDRE/C              n/a            0.500         4.000       3.500      SLICE_X160Y136   datapath/video_inst/inst_dvid/shift_blue_reg[4]/C



---------------------------------------------------------------------------------------------------
From Clock:  clkfbout_clk_wiz_0
  To Clock:  clkfbout_clk_wiz_0

Setup :           NA  Failing Endpoints,  Worst Slack           NA  ,  Total Violation           NA
Hold  :           NA  Failing Endpoints,  Worst Slack           NA  ,  Total Violation           NA
PW    :            0  Failing Endpoints,  Worst Slack        7.845ns,  Total Violation        0.000ns
---------------------------------------------------------------------------------------------------


Pulse Width Checks
--------------------------------------------------------------------------------------
Clock Name:         clkfbout_clk_wiz_0
Waveform(ns):       { 0.000 5.000 }
Period(ns):         10.000
Sources:            { datapath/video_inst/mmcm_adv_inst_display_clocks/inst/mmcm_adv_inst/CLKFBOUT }

Check Type  Corner  Lib Pin              Reference Pin  Required(ns)  Actual(ns)  Slack(ns)  Location         Pin
Min Period  n/a     BUFG/I               n/a            2.155         10.000      7.845      BUFGCTRL_X0Y6    datapath/video_inst/mmcm_adv_inst_display_clocks/inst/clkf_buf/I
Min Period  n/a     MMCME2_ADV/CLKFBOUT  n/a            1.249         10.000      8.751      MMCME2_ADV_X1Y0  datapath/video_inst/mmcm_adv_inst_display_clocks/inst/mmcm_adv_inst/CLKFBOUT
Min Period  n/a     MMCME2_ADV/CLKFBIN   n/a            1.249         10.000      8.751      MMCME2_ADV_X1Y0  datapath/video_inst/mmcm_adv_inst_display_clocks/inst/mmcm_adv_inst/CLKFBIN
Max Period  n/a     MMCME2_ADV/CLKFBIN   n/a            100.000       10.000      90.000     MMCME2_ADV_X1Y0  datapath/video_inst/mmcm_adv_inst_display_clocks/inst/mmcm_adv_inst/CLKFBIN
Max Period  n/a     MMCME2_ADV/CLKFBOUT  n/a            213.360       10.000      203.360    MMCME2_ADV_X1Y0  datapath/video_inst/mmcm_adv_inst_display_clocks/inst/mmcm_adv_inst/CLKFBOUT



---------------------------------------------------------------------------------------------------
From Clock:  clk_out1_clk_wiz_0
  To Clock:  clk_out2_clk_wiz_0

Setup :            0  Failing Endpoints,  Worst Slack        4.466ns,  Total Violation        0.000ns
Hold  :            0  Failing Endpoints,  Worst Slack        0.135ns,  Total Violation        0.000ns
---------------------------------------------------------------------------------------------------


Max Delay Paths
--------------------------------------------------------------------------------------
Slack (MET) :             4.466ns  (required time - arrival time)
  Source:                 datapath/video_inst/inst_dvid/latched_red_reg[0]/C
                            (rising edge-triggered cell FDRE clocked by clk_out1_clk_wiz_0  {rise@0.000ns fall@20.000ns period=40.000ns})
  Destination:            datapath/video_inst/inst_dvid/shift_red_reg[0]/S
                            (rising edge-triggered cell FDSE clocked by clk_out2_clk_wiz_0  {rise@0.000ns fall@4.000ns period=8.000ns})
  Path Group:             clk_out2_clk_wiz_0
  Path Type:              Setup (Max at Slow Process Corner)
  Requirement:            8.000ns  (clk_out2_clk_wiz_0 rise@8.000ns - clk_out1_clk_wiz_0 rise@0.000ns)
  Data Path Delay:        2.550ns  (logic 0.779ns (30.546%)  route 1.771ns (69.454%))
  Logic Levels:           1  (LUT2=1)
  Clock Path Skew:        -0.245ns (DCD - SCD + CPR)
    Destination Clock Delay (DCD):    1.707ns = ( 9.707 - 8.000 ) 
    Source Clock Delay      (SCD):    1.824ns
    Clock Pessimism Removal (CPR):    -0.128ns
  Clock Uncertainty:      0.215ns  ((TSJ^2 + DJ^2)^1/2) / 2 + PE
    Total System Jitter     (TSJ):    0.071ns
    Discrete Jitter          (DJ):    0.175ns
    Phase Error              (PE):    0.120ns

    Location             Delay type                Incr(ns)  Path(ns)    Netlist Resource(s)
  -------------------------------------------------------------------    -------------------
                         (clock clk_out1_clk_wiz_0 rise edge)
                                                      0.000     0.000 r  
    BUFGCTRL_X0Y2        BUFG                         0.000     0.000 r  clk_IBUF_BUFG_inst/O
                         net (fo=297, routed)         2.106     2.106    datapath/video_inst/mmcm_adv_inst_display_clocks/inst/clk_in1
    MMCME2_ADV_X1Y0      MMCME2_ADV (Prop_mmcme2_adv_CLKIN1_CLKOUT0)
                                                     -4.900    -2.793 r  datapath/video_inst/mmcm_adv_inst_display_clocks/inst/mmcm_adv_inst/CLKOUT0
                         net (fo=1, routed)           2.697    -0.096    datapath/video_inst/mmcm_adv_inst_display_clocks/inst/clk_out1_clk_wiz_0
    BUFGCTRL_X0Y4        BUFG (Prop_bufg_I_O)         0.096    -0.000 r  datapath/video_inst/mmcm_adv_inst_display_clocks/inst/clkout1_buf/O
                         net (fo=63, routed)          1.824     1.824    datapath/video_inst/inst_dvid/CLK
    SLICE_X162Y133       FDRE                                         r  datapath/video_inst/inst_dvid/latched_red_reg[0]/C
  -------------------------------------------------------------------    -------------------
    SLICE_X162Y133       FDRE (Prop_fdre_C_Q)         0.478     2.302 r  datapath/video_inst/inst_dvid/latched_red_reg[0]/Q
                         net (fo=1, routed)           0.990     3.293    datapath/video_inst/inst_dvid/latched_red[0]
    SLICE_X162Y133       LUT2 (Prop_lut2_I0_O)        0.301     3.594 r  datapath/video_inst/inst_dvid/shift_red[7]_i_1/O
                         net (fo=5, routed)           0.781     4.375    datapath/video_inst/inst_dvid/shift_red[7]_i_1_n_0
    SLICE_X162Y134       FDSE                                         r  datapath/video_inst/inst_dvid/shift_red_reg[0]/S
  -------------------------------------------------------------------    -------------------

                         (clock clk_out2_clk_wiz_0 rise edge)
                                                      8.000     8.000 r  
    BUFGCTRL_X0Y2        BUFG                         0.000     8.000 r  clk_IBUF_BUFG_inst/O
                         net (fo=297, routed)         1.972     9.972    datapath/video_inst/mmcm_adv_inst_display_clocks/inst/clk_in1
    MMCME2_ADV_X1Y0      MMCME2_ADV (Prop_mmcme2_adv_CLKIN1_CLKOUT1)
                                                     -4.637     5.335 r  datapath/video_inst/mmcm_adv_inst_display_clocks/inst/mmcm_adv_inst/CLKOUT1
                         net (fo=1, routed)           2.574     7.909    datapath/video_inst/mmcm_adv_inst_display_clocks/inst/clk_out2_clk_wiz_0
    BUFGCTRL_X0Y0        BUFG (Prop_bufg_I_O)         0.091     8.000 r  datapath/video_inst/mmcm_adv_inst_display_clocks/inst/clkout2_buf/O
                         net (fo=44, routed)          1.707     9.707    datapath/video_inst/inst_dvid/clk_out2
    SLICE_X162Y134       FDSE                                         r  datapath/video_inst/inst_dvid/shift_red_reg[0]/C
                         clock pessimism             -0.128     9.579    
                         clock uncertainty           -0.215     9.365    
    SLICE_X162Y134       FDSE (Setup_fdse_C_S)       -0.524     8.841    datapath/video_inst/inst_dvid/shift_red_reg[0]
  -------------------------------------------------------------------
                         required time                          8.841    
                         arrival time                          -4.375    
  -------------------------------------------------------------------
                         slack                                  4.466    

Slack (MET) :             4.466ns  (required time - arrival time)
  Source:                 datapath/video_inst/inst_dvid/latched_red_reg[0]/C
                            (rising edge-triggered cell FDRE clocked by clk_out1_clk_wiz_0  {rise@0.000ns fall@20.000ns period=40.000ns})
  Destination:            datapath/video_inst/inst_dvid/shift_red_reg[1]/S
                            (rising edge-triggered cell FDSE clocked by clk_out2_clk_wiz_0  {rise@0.000ns fall@4.000ns period=8.000ns})
  Path Group:             clk_out2_clk_wiz_0
  Path Type:              Setup (Max at Slow Process Corner)
  Requirement:            8.000ns  (clk_out2_clk_wiz_0 rise@8.000ns - clk_out1_clk_wiz_0 rise@0.000ns)
  Data Path Delay:        2.550ns  (logic 0.779ns (30.546%)  route 1.771ns (69.454%))
  Logic Levels:           1  (LUT2=1)
  Clock Path Skew:        -0.245ns (DCD - SCD + CPR)
    Destination Clock Delay (DCD):    1.707ns = ( 9.707 - 8.000 ) 
    Source Clock Delay      (SCD):    1.824ns
    Clock Pessimism Removal (CPR):    -0.128ns
  Clock Uncertainty:      0.215ns  ((TSJ^2 + DJ^2)^1/2) / 2 + PE
    Total System Jitter     (TSJ):    0.071ns
    Discrete Jitter          (DJ):    0.175ns
    Phase Error              (PE):    0.120ns

    Location             Delay type                Incr(ns)  Path(ns)    Netlist Resource(s)
  -------------------------------------------------------------------    -------------------
                         (clock clk_out1_clk_wiz_0 rise edge)
                                                      0.000     0.000 r  
    BUFGCTRL_X0Y2        BUFG                         0.000     0.000 r  clk_IBUF_BUFG_inst/O
                         net (fo=297, routed)         2.106     2.106    datapath/video_inst/mmcm_adv_inst_display_clocks/inst/clk_in1
    MMCME2_ADV_X1Y0      MMCME2_ADV (Prop_mmcme2_adv_CLKIN1_CLKOUT0)
                                                     -4.900    -2.793 r  datapath/video_inst/mmcm_adv_inst_display_clocks/inst/mmcm_adv_inst/CLKOUT0
                         net (fo=1, routed)           2.697    -0.096    datapath/video_inst/mmcm_adv_inst_display_clocks/inst/clk_out1_clk_wiz_0
    BUFGCTRL_X0Y4        BUFG (Prop_bufg_I_O)         0.096    -0.000 r  datapath/video_inst/mmcm_adv_inst_display_clocks/inst/clkout1_buf/O
                         net (fo=63, routed)          1.824     1.824    datapath/video_inst/inst_dvid/CLK
    SLICE_X162Y133       FDRE                                         r  datapath/video_inst/inst_dvid/latched_red_reg[0]/C
  -------------------------------------------------------------------    -------------------
    SLICE_X162Y133       FDRE (Prop_fdre_C_Q)         0.478     2.302 r  datapath/video_inst/inst_dvid/latched_red_reg[0]/Q
                         net (fo=1, routed)           0.990     3.293    datapath/video_inst/inst_dvid/latched_red[0]
    SLICE_X162Y133       LUT2 (Prop_lut2_I0_O)        0.301     3.594 r  datapath/video_inst/inst_dvid/shift_red[7]_i_1/O
                         net (fo=5, routed)           0.781     4.375    datapath/video_inst/inst_dvid/shift_red[7]_i_1_n_0
    SLICE_X162Y134       FDSE                                         r  datapath/video_inst/inst_dvid/shift_red_reg[1]/S
  -------------------------------------------------------------------    -------------------

                         (clock clk_out2_clk_wiz_0 rise edge)
                                                      8.000     8.000 r  
    BUFGCTRL_X0Y2        BUFG                         0.000     8.000 r  clk_IBUF_BUFG_inst/O
                         net (fo=297, routed)         1.972     9.972    datapath/video_inst/mmcm_adv_inst_display_clocks/inst/clk_in1
    MMCME2_ADV_X1Y0      MMCME2_ADV (Prop_mmcme2_adv_CLKIN1_CLKOUT1)
                                                     -4.637     5.335 r  datapath/video_inst/mmcm_adv_inst_display_clocks/inst/mmcm_adv_inst/CLKOUT1
                         net (fo=1, routed)           2.574     7.909    datapath/video_inst/mmcm_adv_inst_display_clocks/inst/clk_out2_clk_wiz_0
    BUFGCTRL_X0Y0        BUFG (Prop_bufg_I_O)         0.091     8.000 r  datapath/video_inst/mmcm_adv_inst_display_clocks/inst/clkout2_buf/O
                         net (fo=44, routed)          1.707     9.707    datapath/video_inst/inst_dvid/clk_out2
    SLICE_X162Y134       FDSE                                         r  datapath/video_inst/inst_dvid/shift_red_reg[1]/C
                         clock pessimism             -0.128     9.579    
                         clock uncertainty           -0.215     9.365    
    SLICE_X162Y134       FDSE (Setup_fdse_C_S)       -0.524     8.841    datapath/video_inst/inst_dvid/shift_red_reg[1]
  -------------------------------------------------------------------
                         required time                          8.841    
                         arrival time                          -4.375    
  -------------------------------------------------------------------
                         slack                                  4.466    

Slack (MET) :             4.466ns  (required time - arrival time)
  Source:                 datapath/video_inst/inst_dvid/latched_red_reg[0]/C
                            (rising edge-triggered cell FDRE clocked by clk_out1_clk_wiz_0  {rise@0.000ns fall@20.000ns period=40.000ns})
  Destination:            datapath/video_inst/inst_dvid/shift_red_reg[3]/S
                            (rising edge-triggered cell FDSE clocked by clk_out2_clk_wiz_0  {rise@0.000ns fall@4.000ns period=8.000ns})
  Path Group:             clk_out2_clk_wiz_0
  Path Type:              Setup (Max at Slow Process Corner)
  Requirement:            8.000ns  (clk_out2_clk_wiz_0 rise@8.000ns - clk_out1_clk_wiz_0 rise@0.000ns)
  Data Path Delay:        2.550ns  (logic 0.779ns (30.546%)  route 1.771ns (69.454%))
  Logic Levels:           1  (LUT2=1)
  Clock Path Skew:        -0.245ns (DCD - SCD + CPR)
    Destination Clock Delay (DCD):    1.707ns = ( 9.707 - 8.000 ) 
    Source Clock Delay      (SCD):    1.824ns
    Clock Pessimism Removal (CPR):    -0.128ns
  Clock Uncertainty:      0.215ns  ((TSJ^2 + DJ^2)^1/2) / 2 + PE
    Total System Jitter     (TSJ):    0.071ns
    Discrete Jitter          (DJ):    0.175ns
    Phase Error              (PE):    0.120ns

    Location             Delay type                Incr(ns)  Path(ns)    Netlist Resource(s)
  -------------------------------------------------------------------    -------------------
                         (clock clk_out1_clk_wiz_0 rise edge)
                                                      0.000     0.000 r  
    BUFGCTRL_X0Y2        BUFG                         0.000     0.000 r  clk_IBUF_BUFG_inst/O
                         net (fo=297, routed)         2.106     2.106    datapath/video_inst/mmcm_adv_inst_display_clocks/inst/clk_in1
    MMCME2_ADV_X1Y0      MMCME2_ADV (Prop_mmcme2_adv_CLKIN1_CLKOUT0)
                                                     -4.900    -2.793 r  datapath/video_inst/mmcm_adv_inst_display_clocks/inst/mmcm_adv_inst/CLKOUT0
                         net (fo=1, routed)           2.697    -0.096    datapath/video_inst/mmcm_adv_inst_display_clocks/inst/clk_out1_clk_wiz_0
    BUFGCTRL_X0Y4        BUFG (Prop_bufg_I_O)         0.096    -0.000 r  datapath/video_inst/mmcm_adv_inst_display_clocks/inst/clkout1_buf/O
                         net (fo=63, routed)          1.824     1.824    datapath/video_inst/inst_dvid/CLK
    SLICE_X162Y133       FDRE                                         r  datapath/video_inst/inst_dvid/latched_red_reg[0]/C
  -------------------------------------------------------------------    -------------------
    SLICE_X162Y133       FDRE (Prop_fdre_C_Q)         0.478     2.302 r  datapath/video_inst/inst_dvid/latched_red_reg[0]/Q
                         net (fo=1, routed)           0.990     3.293    datapath/video_inst/inst_dvid/latched_red[0]
    SLICE_X162Y133       LUT2 (Prop_lut2_I0_O)        0.301     3.594 r  datapath/video_inst/inst_dvid/shift_red[7]_i_1/O
                         net (fo=5, routed)           0.781     4.375    datapath/video_inst/inst_dvid/shift_red[7]_i_1_n_0
    SLICE_X162Y134       FDSE                                         r  datapath/video_inst/inst_dvid/shift_red_reg[3]/S
  -------------------------------------------------------------------    -------------------

                         (clock clk_out2_clk_wiz_0 rise edge)
                                                      8.000     8.000 r  
    BUFGCTRL_X0Y2        BUFG                         0.000     8.000 r  clk_IBUF_BUFG_inst/O
                         net (fo=297, routed)         1.972     9.972    datapath/video_inst/mmcm_adv_inst_display_clocks/inst/clk_in1
    MMCME2_ADV_X1Y0      MMCME2_ADV (Prop_mmcme2_adv_CLKIN1_CLKOUT1)
                                                     -4.637     5.335 r  datapath/video_inst/mmcm_adv_inst_display_clocks/inst/mmcm_adv_inst/CLKOUT1
                         net (fo=1, routed)           2.574     7.909    datapath/video_inst/mmcm_adv_inst_display_clocks/inst/clk_out2_clk_wiz_0
    BUFGCTRL_X0Y0        BUFG (Prop_bufg_I_O)         0.091     8.000 r  datapath/video_inst/mmcm_adv_inst_display_clocks/inst/clkout2_buf/O
                         net (fo=44, routed)          1.707     9.707    datapath/video_inst/inst_dvid/clk_out2
    SLICE_X162Y134       FDSE                                         r  datapath/video_inst/inst_dvid/shift_red_reg[3]/C
                         clock pessimism             -0.128     9.579    
                         clock uncertainty           -0.215     9.365    
    SLICE_X162Y134       FDSE (Setup_fdse_C_S)       -0.524     8.841    datapath/video_inst/inst_dvid/shift_red_reg[3]
  -------------------------------------------------------------------
                         required time                          8.841    
                         arrival time                          -4.375    
  -------------------------------------------------------------------
                         slack                                  4.466    

Slack (MET) :             4.466ns  (required time - arrival time)
  Source:                 datapath/video_inst/inst_dvid/latched_red_reg[0]/C
                            (rising edge-triggered cell FDRE clocked by clk_out1_clk_wiz_0  {rise@0.000ns fall@20.000ns period=40.000ns})
  Destination:            datapath/video_inst/inst_dvid/shift_red_reg[5]/S
                            (rising edge-triggered cell FDSE clocked by clk_out2_clk_wiz_0  {rise@0.000ns fall@4.000ns period=8.000ns})
  Path Group:             clk_out2_clk_wiz_0
  Path Type:              Setup (Max at Slow Process Corner)
  Requirement:            8.000ns  (clk_out2_clk_wiz_0 rise@8.000ns - clk_out1_clk_wiz_0 rise@0.000ns)
  Data Path Delay:        2.550ns  (logic 0.779ns (30.546%)  route 1.771ns (69.454%))
  Logic Levels:           1  (LUT2=1)
  Clock Path Skew:        -0.245ns (DCD - SCD + CPR)
    Destination Clock Delay (DCD):    1.707ns = ( 9.707 - 8.000 ) 
    Source Clock Delay      (SCD):    1.824ns
    Clock Pessimism Removal (CPR):    -0.128ns
  Clock Uncertainty:      0.215ns  ((TSJ^2 + DJ^2)^1/2) / 2 + PE
    Total System Jitter     (TSJ):    0.071ns
    Discrete Jitter          (DJ):    0.175ns
    Phase Error              (PE):    0.120ns

    Location             Delay type                Incr(ns)  Path(ns)    Netlist Resource(s)
  -------------------------------------------------------------------    -------------------
                         (clock clk_out1_clk_wiz_0 rise edge)
                                                      0.000     0.000 r  
    BUFGCTRL_X0Y2        BUFG                         0.000     0.000 r  clk_IBUF_BUFG_inst/O
                         net (fo=297, routed)         2.106     2.106    datapath/video_inst/mmcm_adv_inst_display_clocks/inst/clk_in1
    MMCME2_ADV_X1Y0      MMCME2_ADV (Prop_mmcme2_adv_CLKIN1_CLKOUT0)
                                                     -4.900    -2.793 r  datapath/video_inst/mmcm_adv_inst_display_clocks/inst/mmcm_adv_inst/CLKOUT0
                         net (fo=1, routed)           2.697    -0.096    datapath/video_inst/mmcm_adv_inst_display_clocks/inst/clk_out1_clk_wiz_0
    BUFGCTRL_X0Y4        BUFG (Prop_bufg_I_O)         0.096    -0.000 r  datapath/video_inst/mmcm_adv_inst_display_clocks/inst/clkout1_buf/O
                         net (fo=63, routed)          1.824     1.824    datapath/video_inst/inst_dvid/CLK
    SLICE_X162Y133       FDRE                                         r  datapath/video_inst/inst_dvid/latched_red_reg[0]/C
  -------------------------------------------------------------------    -------------------
    SLICE_X162Y133       FDRE (Prop_fdre_C_Q)         0.478     2.302 r  datapath/video_inst/inst_dvid/latched_red_reg[0]/Q
                         net (fo=1, routed)           0.990     3.293    datapath/video_inst/inst_dvid/latched_red[0]
    SLICE_X162Y133       LUT2 (Prop_lut2_I0_O)        0.301     3.594 r  datapath/video_inst/inst_dvid/shift_red[7]_i_1/O
                         net (fo=5, routed)           0.781     4.375    datapath/video_inst/inst_dvid/shift_red[7]_i_1_n_0
    SLICE_X162Y134       FDSE                                         r  datapath/video_inst/inst_dvid/shift_red_reg[5]/S
  -------------------------------------------------------------------    -------------------

                         (clock clk_out2_clk_wiz_0 rise edge)
                                                      8.000     8.000 r  
    BUFGCTRL_X0Y2        BUFG                         0.000     8.000 r  clk_IBUF_BUFG_inst/O
                         net (fo=297, routed)         1.972     9.972    datapath/video_inst/mmcm_adv_inst_display_clocks/inst/clk_in1
    MMCME2_ADV_X1Y0      MMCME2_ADV (Prop_mmcme2_adv_CLKIN1_CLKOUT1)
                                                     -4.637     5.335 r  datapath/video_inst/mmcm_adv_inst_display_clocks/inst/mmcm_adv_inst/CLKOUT1
                         net (fo=1, routed)           2.574     7.909    datapath/video_inst/mmcm_adv_inst_display_clocks/inst/clk_out2_clk_wiz_0
    BUFGCTRL_X0Y0        BUFG (Prop_bufg_I_O)         0.091     8.000 r  datapath/video_inst/mmcm_adv_inst_display_clocks/inst/clkout2_buf/O
                         net (fo=44, routed)          1.707     9.707    datapath/video_inst/inst_dvid/clk_out2
    SLICE_X162Y134       FDSE                                         r  datapath/video_inst/inst_dvid/shift_red_reg[5]/C
                         clock pessimism             -0.128     9.579    
                         clock uncertainty           -0.215     9.365    
    SLICE_X162Y134       FDSE (Setup_fdse_C_S)       -0.524     8.841    datapath/video_inst/inst_dvid/shift_red_reg[5]
  -------------------------------------------------------------------
                         required time                          8.841    
                         arrival time                          -4.375    
  -------------------------------------------------------------------
                         slack                                  4.466    

Slack (MET) :             4.466ns  (required time - arrival time)
  Source:                 datapath/video_inst/inst_dvid/latched_red_reg[0]/C
                            (rising edge-triggered cell FDRE clocked by clk_out1_clk_wiz_0  {rise@0.000ns fall@20.000ns period=40.000ns})
  Destination:            datapath/video_inst/inst_dvid/shift_red_reg[7]/S
                            (rising edge-triggered cell FDSE clocked by clk_out2_clk_wiz_0  {rise@0.000ns fall@4.000ns period=8.000ns})
  Path Group:             clk_out2_clk_wiz_0
  Path Type:              Setup (Max at Slow Process Corner)
  Requirement:            8.000ns  (clk_out2_clk_wiz_0 rise@8.000ns - clk_out1_clk_wiz_0 rise@0.000ns)
  Data Path Delay:        2.550ns  (logic 0.779ns (30.546%)  route 1.771ns (69.454%))
  Logic Levels:           1  (LUT2=1)
  Clock Path Skew:        -0.245ns (DCD - SCD + CPR)
    Destination Clock Delay (DCD):    1.707ns = ( 9.707 - 8.000 ) 
    Source Clock Delay      (SCD):    1.824ns
    Clock Pessimism Removal (CPR):    -0.128ns
  Clock Uncertainty:      0.215ns  ((TSJ^2 + DJ^2)^1/2) / 2 + PE
    Total System Jitter     (TSJ):    0.071ns
    Discrete Jitter          (DJ):    0.175ns
    Phase Error              (PE):    0.120ns

    Location             Delay type                Incr(ns)  Path(ns)    Netlist Resource(s)
  -------------------------------------------------------------------    -------------------
                         (clock clk_out1_clk_wiz_0 rise edge)
                                                      0.000     0.000 r  
    BUFGCTRL_X0Y2        BUFG                         0.000     0.000 r  clk_IBUF_BUFG_inst/O
                         net (fo=297, routed)         2.106     2.106    datapath/video_inst/mmcm_adv_inst_display_clocks/inst/clk_in1
    MMCME2_ADV_X1Y0      MMCME2_ADV (Prop_mmcme2_adv_CLKIN1_CLKOUT0)
                                                     -4.900    -2.793 r  datapath/video_inst/mmcm_adv_inst_display_clocks/inst/mmcm_adv_inst/CLKOUT0
                         net (fo=1, routed)           2.697    -0.096    datapath/video_inst/mmcm_adv_inst_display_clocks/inst/clk_out1_clk_wiz_0
    BUFGCTRL_X0Y4        BUFG (Prop_bufg_I_O)         0.096    -0.000 r  datapath/video_inst/mmcm_adv_inst_display_clocks/inst/clkout1_buf/O
                         net (fo=63, routed)          1.824     1.824    datapath/video_inst/inst_dvid/CLK
    SLICE_X162Y133       FDRE                                         r  datapath/video_inst/inst_dvid/latched_red_reg[0]/C
  -------------------------------------------------------------------    -------------------
    SLICE_X162Y133       FDRE (Prop_fdre_C_Q)         0.478     2.302 r  datapath/video_inst/inst_dvid/latched_red_reg[0]/Q
                         net (fo=1, routed)           0.990     3.293    datapath/video_inst/inst_dvid/latched_red[0]
    SLICE_X162Y133       LUT2 (Prop_lut2_I0_O)        0.301     3.594 r  datapath/video_inst/inst_dvid/shift_red[7]_i_1/O
                         net (fo=5, routed)           0.781     4.375    datapath/video_inst/inst_dvid/shift_red[7]_i_1_n_0
    SLICE_X162Y134       FDSE                                         r  datapath/video_inst/inst_dvid/shift_red_reg[7]/S
  -------------------------------------------------------------------    -------------------

                         (clock clk_out2_clk_wiz_0 rise edge)
                                                      8.000     8.000 r  
    BUFGCTRL_X0Y2        BUFG                         0.000     8.000 r  clk_IBUF_BUFG_inst/O
                         net (fo=297, routed)         1.972     9.972    datapath/video_inst/mmcm_adv_inst_display_clocks/inst/clk_in1
    MMCME2_ADV_X1Y0      MMCME2_ADV (Prop_mmcme2_adv_CLKIN1_CLKOUT1)
                                                     -4.637     5.335 r  datapath/video_inst/mmcm_adv_inst_display_clocks/inst/mmcm_adv_inst/CLKOUT1
                         net (fo=1, routed)           2.574     7.909    datapath/video_inst/mmcm_adv_inst_display_clocks/inst/clk_out2_clk_wiz_0
    BUFGCTRL_X0Y0        BUFG (Prop_bufg_I_O)         0.091     8.000 r  datapath/video_inst/mmcm_adv_inst_display_clocks/inst/clkout2_buf/O
                         net (fo=44, routed)          1.707     9.707    datapath/video_inst/inst_dvid/clk_out2
    SLICE_X162Y134       FDSE                                         r  datapath/video_inst/inst_dvid/shift_red_reg[7]/C
                         clock pessimism             -0.128     9.579    
                         clock uncertainty           -0.215     9.365    
    SLICE_X162Y134       FDSE (Setup_fdse_C_S)       -0.524     8.841    datapath/video_inst/inst_dvid/shift_red_reg[7]
  -------------------------------------------------------------------
                         required time                          8.841    
                         arrival time                          -4.375    
  -------------------------------------------------------------------
                         slack                                  4.466    

Slack (MET) :             4.935ns  (required time - arrival time)
  Source:                 datapath/video_inst/inst_dvid/latched_blue_reg[8]/C
                            (rising edge-triggered cell FDRE clocked by clk_out1_clk_wiz_0  {rise@0.000ns fall@20.000ns period=40.000ns})
  Destination:            datapath/video_inst/inst_dvid/shift_blue_reg[8]/D
                            (rising edge-triggered cell FDRE clocked by clk_out2_clk_wiz_0  {rise@0.000ns fall@4.000ns period=8.000ns})
  Path Group:             clk_out2_clk_wiz_0
  Path Type:              Setup (Max at Slow Process Corner)
  Requirement:            8.000ns  (clk_out2_clk_wiz_0 rise@8.000ns - clk_out1_clk_wiz_0 rise@0.000ns)
  Data Path Delay:        2.538ns  (logic 0.456ns (17.965%)  route 2.082ns (82.035%))
  Logic Levels:           0  
  Clock Path Skew:        -0.245ns (DCD - SCD + CPR)
    Destination Clock Delay (DCD):    1.706ns = ( 9.706 - 8.000 ) 
    Source Clock Delay      (SCD):    1.823ns
    Clock Pessimism Removal (CPR):    -0.128ns
  Clock Uncertainty:      0.215ns  ((TSJ^2 + DJ^2)^1/2) / 2 + PE
    Total System Jitter     (TSJ):    0.071ns
    Discrete Jitter          (DJ):    0.175ns
    Phase Error              (PE):    0.120ns

    Location             Delay type                Incr(ns)  Path(ns)    Netlist Resource(s)
  -------------------------------------------------------------------    -------------------
                         (clock clk_out1_clk_wiz_0 rise edge)
                                                      0.000     0.000 r  
    BUFGCTRL_X0Y2        BUFG                         0.000     0.000 r  clk_IBUF_BUFG_inst/O
                         net (fo=297, routed)         2.106     2.106    datapath/video_inst/mmcm_adv_inst_display_clocks/inst/clk_in1
    MMCME2_ADV_X1Y0      MMCME2_ADV (Prop_mmcme2_adv_CLKIN1_CLKOUT0)
                                                     -4.900    -2.793 r  datapath/video_inst/mmcm_adv_inst_display_clocks/inst/mmcm_adv_inst/CLKOUT0
                         net (fo=1, routed)           2.697    -0.096    datapath/video_inst/mmcm_adv_inst_display_clocks/inst/clk_out1_clk_wiz_0
    BUFGCTRL_X0Y4        BUFG (Prop_bufg_I_O)         0.096    -0.000 r  datapath/video_inst/mmcm_adv_inst_display_clocks/inst/clkout1_buf/O
                         net (fo=63, routed)          1.823     1.823    datapath/video_inst/inst_dvid/CLK
    SLICE_X159Y134       FDRE                                         r  datapath/video_inst/inst_dvid/latched_blue_reg[8]/C
  -------------------------------------------------------------------    -------------------
    SLICE_X159Y134       FDRE (Prop_fdre_C_Q)         0.456     2.279 r  datapath/video_inst/inst_dvid/latched_blue_reg[8]/Q
                         net (fo=1, routed)           2.082     4.362    datapath/video_inst/inst_dvid/latched_blue[8]
    SLICE_X159Y135       FDRE                                         r  datapath/video_inst/inst_dvid/shift_blue_reg[8]/D
  -------------------------------------------------------------------    -------------------

                         (clock clk_out2_clk_wiz_0 rise edge)
                                                      8.000     8.000 r  
    BUFGCTRL_X0Y2        BUFG                         0.000     8.000 r  clk_IBUF_BUFG_inst/O
                         net (fo=297, routed)         1.972     9.972    datapath/video_inst/mmcm_adv_inst_display_clocks/inst/clk_in1
    MMCME2_ADV_X1Y0      MMCME2_ADV (Prop_mmcme2_adv_CLKIN1_CLKOUT1)
                                                     -4.637     5.335 r  datapath/video_inst/mmcm_adv_inst_display_clocks/inst/mmcm_adv_inst/CLKOUT1
                         net (fo=1, routed)           2.574     7.909    datapath/video_inst/mmcm_adv_inst_display_clocks/inst/clk_out2_clk_wiz_0
    BUFGCTRL_X0Y0        BUFG (Prop_bufg_I_O)         0.091     8.000 r  datapath/video_inst/mmcm_adv_inst_display_clocks/inst/clkout2_buf/O
                         net (fo=44, routed)          1.706     9.706    datapath/video_inst/inst_dvid/clk_out2
    SLICE_X159Y135       FDRE                                         r  datapath/video_inst/inst_dvid/shift_blue_reg[8]/C
                         clock pessimism             -0.128     9.578    
                         clock uncertainty           -0.215     9.364    
    SLICE_X159Y135       FDRE (Setup_fdre_C_D)       -0.067     9.297    datapath/video_inst/inst_dvid/shift_blue_reg[8]
  -------------------------------------------------------------------
                         required time                          9.297    
                         arrival time                          -4.362    
  -------------------------------------------------------------------
                         slack                                  4.935    

Slack (MET) :             4.995ns  (required time - arrival time)
  Source:                 datapath/video_inst/inst_dvid/latched_green_reg[9]/C
                            (rising edge-triggered cell FDRE clocked by clk_out1_clk_wiz_0  {rise@0.000ns fall@20.000ns period=40.000ns})
  Destination:            datapath/video_inst/inst_dvid/shift_green_reg[9]/D
                            (rising edge-triggered cell FDRE clocked by clk_out2_clk_wiz_0  {rise@0.000ns fall@4.000ns period=8.000ns})
  Path Group:             clk_out2_clk_wiz_0
  Path Type:              Setup (Max at Slow Process Corner)
  Requirement:            8.000ns  (clk_out2_clk_wiz_0 rise@8.000ns - clk_out1_clk_wiz_0 rise@0.000ns)
  Data Path Delay:        2.312ns  (logic 0.478ns (20.679%)  route 1.834ns (79.321%))
  Logic Levels:           0  
  Clock Path Skew:        -0.247ns (DCD - SCD + CPR)
    Destination Clock Delay (DCD):    1.706ns = ( 9.706 - 8.000 ) 
    Source Clock Delay      (SCD):    1.825ns
    Clock Pessimism Removal (CPR):    -0.128ns
  Clock Uncertainty:      0.215ns  ((TSJ^2 + DJ^2)^1/2) / 2 + PE
    Total System Jitter     (TSJ):    0.071ns
    Discrete Jitter          (DJ):    0.175ns
    Phase Error              (PE):    0.120ns

    Location             Delay type                Incr(ns)  Path(ns)    Netlist Resource(s)
  -------------------------------------------------------------------    -------------------
                         (clock clk_out1_clk_wiz_0 rise edge)
                                                      0.000     0.000 r  
    BUFGCTRL_X0Y2        BUFG                         0.000     0.000 r  clk_IBUF_BUFG_inst/O
                         net (fo=297, routed)         2.106     2.106    datapath/video_inst/mmcm_adv_inst_display_clocks/inst/clk_in1
    MMCME2_ADV_X1Y0      MMCME2_ADV (Prop_mmcme2_adv_CLKIN1_CLKOUT0)
                                                     -4.900    -2.793 r  datapath/video_inst/mmcm_adv_inst_display_clocks/inst/mmcm_adv_inst/CLKOUT0
                         net (fo=1, routed)           2.697    -0.096    datapath/video_inst/mmcm_adv_inst_display_clocks/inst/clk_out1_clk_wiz_0
    BUFGCTRL_X0Y4        BUFG (Prop_bufg_I_O)         0.096    -0.000 r  datapath/video_inst/mmcm_adv_inst_display_clocks/inst/clkout1_buf/O
                         net (fo=63, routed)          1.825     1.825    datapath/video_inst/inst_dvid/CLK
    SLICE_X158Y135       FDRE                                         r  datapath/video_inst/inst_dvid/latched_green_reg[9]/C
  -------------------------------------------------------------------    -------------------
    SLICE_X158Y135       FDRE (Prop_fdre_C_Q)         0.478     2.303 r  datapath/video_inst/inst_dvid/latched_green_reg[9]/Q
                         net (fo=1, routed)           1.834     4.137    datapath/video_inst/inst_dvid/latched_green[9]
    SLICE_X159Y135       FDRE                                         r  datapath/video_inst/inst_dvid/shift_green_reg[9]/D
  -------------------------------------------------------------------    -------------------

                         (clock clk_out2_clk_wiz_0 rise edge)
                                                      8.000     8.000 r  
    BUFGCTRL_X0Y2        BUFG                         0.000     8.000 r  clk_IBUF_BUFG_inst/O
                         net (fo=297, routed)         1.972     9.972    datapath/video_inst/mmcm_adv_inst_display_clocks/inst/clk_in1
    MMCME2_ADV_X1Y0      MMCME2_ADV (Prop_mmcme2_adv_CLKIN1_CLKOUT1)
                                                     -4.637     5.335 r  datapath/video_inst/mmcm_adv_inst_display_clocks/inst/mmcm_adv_inst/CLKOUT1
                         net (fo=1, routed)           2.574     7.909    datapath/video_inst/mmcm_adv_inst_display_clocks/inst/clk_out2_clk_wiz_0
    BUFGCTRL_X0Y0        BUFG (Prop_bufg_I_O)         0.091     8.000 r  datapath/video_inst/mmcm_adv_inst_display_clocks/inst/clkout2_buf/O
                         net (fo=44, routed)          1.706     9.706    datapath/video_inst/inst_dvid/clk_out2
    SLICE_X159Y135       FDRE                                         r  datapath/video_inst/inst_dvid/shift_green_reg[9]/C
                         clock pessimism             -0.128     9.578    
                         clock uncertainty           -0.215     9.364    
    SLICE_X159Y135       FDRE (Setup_fdre_C_D)       -0.232     9.132    datapath/video_inst/inst_dvid/shift_green_reg[9]
  -------------------------------------------------------------------
                         required time                          9.132    
                         arrival time                          -4.137    
  -------------------------------------------------------------------
                         slack                                  4.995    

Slack (MET) :             5.153ns  (required time - arrival time)
  Source:                 datapath/video_inst/inst_dvid/latched_red_reg[9]/C
                            (rising edge-triggered cell FDRE clocked by clk_out1_clk_wiz_0  {rise@0.000ns fall@20.000ns period=40.000ns})
  Destination:            datapath/video_inst/inst_dvid/shift_red_reg[9]/D
                            (rising edge-triggered cell FDRE clocked by clk_out2_clk_wiz_0  {rise@0.000ns fall@4.000ns period=8.000ns})
  Path Group:             clk_out2_clk_wiz_0
  Path Type:              Setup (Max at Slow Process Corner)
  Requirement:            8.000ns  (clk_out2_clk_wiz_0 rise@8.000ns - clk_out1_clk_wiz_0 rise@0.000ns)
  Data Path Delay:        2.148ns  (logic 0.478ns (22.255%)  route 1.670ns (77.745%))
  Logic Levels:           0  
  Clock Path Skew:        -0.245ns (DCD - SCD + CPR)
    Destination Clock Delay (DCD):    1.707ns = ( 9.707 - 8.000 ) 
    Source Clock Delay      (SCD):    1.824ns
    Clock Pessimism Removal (CPR):    -0.128ns
  Clock Uncertainty:      0.215ns  ((TSJ^2 + DJ^2)^1/2) / 2 + PE
    Total System Jitter     (TSJ):    0.071ns
    Discrete Jitter          (DJ):    0.175ns
    Phase Error              (PE):    0.120ns

    Location             Delay type                Incr(ns)  Path(ns)    Netlist Resource(s)
  -------------------------------------------------------------------    -------------------
                         (clock clk_out1_clk_wiz_0 rise edge)
                                                      0.000     0.000 r  
    BUFGCTRL_X0Y2        BUFG                         0.000     0.000 r  clk_IBUF_BUFG_inst/O
                         net (fo=297, routed)         2.106     2.106    datapath/video_inst/mmcm_adv_inst_display_clocks/inst/clk_in1
    MMCME2_ADV_X1Y0      MMCME2_ADV (Prop_mmcme2_adv_CLKIN1_CLKOUT0)
                                                     -4.900    -2.793 r  datapath/video_inst/mmcm_adv_inst_display_clocks/inst/mmcm_adv_inst/CLKOUT0
                         net (fo=1, routed)           2.697    -0.096    datapath/video_inst/mmcm_adv_inst_display_clocks/inst/clk_out1_clk_wiz_0
    BUFGCTRL_X0Y4        BUFG (Prop_bufg_I_O)         0.096    -0.000 r  datapath/video_inst/mmcm_adv_inst_display_clocks/inst/clkout1_buf/O
                         net (fo=63, routed)          1.824     1.824    datapath/video_inst/inst_dvid/CLK
    SLICE_X162Y133       FDRE                                         r  datapath/video_inst/inst_dvid/latched_red_reg[9]/C
  -------------------------------------------------------------------    -------------------
    SLICE_X162Y133       FDRE (Prop_fdre_C_Q)         0.478     2.302 r  datapath/video_inst/inst_dvid/latched_red_reg[9]/Q
                         net (fo=1, routed)           1.670     3.972    datapath/video_inst/inst_dvid/latched_red[9]
    SLICE_X161Y134       FDRE                                         r  datapath/video_inst/inst_dvid/shift_red_reg[9]/D
  -------------------------------------------------------------------    -------------------

                         (clock clk_out2_clk_wiz_0 rise edge)
                                                      8.000     8.000 r  
    BUFGCTRL_X0Y2        BUFG                         0.000     8.000 r  clk_IBUF_BUFG_inst/O
                         net (fo=297, routed)         1.972     9.972    datapath/video_inst/mmcm_adv_inst_display_clocks/inst/clk_in1
    MMCME2_ADV_X1Y0      MMCME2_ADV (Prop_mmcme2_adv_CLKIN1_CLKOUT1)
                                                     -4.637     5.335 r  datapath/video_inst/mmcm_adv_inst_display_clocks/inst/mmcm_adv_inst/CLKOUT1
                         net (fo=1, routed)           2.574     7.909    datapath/video_inst/mmcm_adv_inst_display_clocks/inst/clk_out2_clk_wiz_0
    BUFGCTRL_X0Y0        BUFG (Prop_bufg_I_O)         0.091     8.000 r  datapath/video_inst/mmcm_adv_inst_display_clocks/inst/clkout2_buf/O
                         net (fo=44, routed)          1.707     9.707    datapath/video_inst/inst_dvid/clk_out2
    SLICE_X161Y134       FDRE                                         r  datapath/video_inst/inst_dvid/shift_red_reg[9]/C
                         clock pessimism             -0.128     9.579    
                         clock uncertainty           -0.215     9.365    
    SLICE_X161Y134       FDRE (Setup_fdre_C_D)       -0.239     9.126    datapath/video_inst/inst_dvid/shift_red_reg[9]
  -------------------------------------------------------------------
                         required time                          9.126    
                         arrival time                          -3.972    
  -------------------------------------------------------------------
                         slack                                  5.153    

Slack (MET) :             5.167ns  (required time - arrival time)
  Source:                 datapath/video_inst/inst_dvid/latched_red_reg[2]/C
                            (rising edge-triggered cell FDRE clocked by clk_out1_clk_wiz_0  {rise@0.000ns fall@20.000ns period=40.000ns})
  Destination:            datapath/video_inst/inst_dvid/shift_red_reg[2]/D
                            (rising edge-triggered cell FDRE clocked by clk_out2_clk_wiz_0  {rise@0.000ns fall@4.000ns period=8.000ns})
  Path Group:             clk_out2_clk_wiz_0
  Path Type:              Setup (Max at Slow Process Corner)
  Requirement:            8.000ns  (clk_out2_clk_wiz_0 rise@8.000ns - clk_out1_clk_wiz_0 rise@0.000ns)
  Data Path Delay:        2.401ns  (logic 0.642ns (26.739%)  route 1.759ns (73.261%))
  Logic Levels:           1  (LUT3=1)
  Clock Path Skew:        -0.246ns (DCD - SCD + CPR)
    Destination Clock Delay (DCD):    1.706ns = ( 9.706 - 8.000 ) 
    Source Clock Delay      (SCD):    1.824ns
    Clock Pessimism Removal (CPR):    -0.128ns
  Clock Uncertainty:      0.215ns  ((TSJ^2 + DJ^2)^1/2) / 2 + PE
    Total System Jitter     (TSJ):    0.071ns
    Discrete Jitter          (DJ):    0.175ns
    Phase Error              (PE):    0.120ns

    Location             Delay type                Incr(ns)  Path(ns)    Netlist Resource(s)
  -------------------------------------------------------------------    -------------------
                         (clock clk_out1_clk_wiz_0 rise edge)
                                                      0.000     0.000 r  
    BUFGCTRL_X0Y2        BUFG                         0.000     0.000 r  clk_IBUF_BUFG_inst/O
                         net (fo=297, routed)         2.106     2.106    datapath/video_inst/mmcm_adv_inst_display_clocks/inst/clk_in1
    MMCME2_ADV_X1Y0      MMCME2_ADV (Prop_mmcme2_adv_CLKIN1_CLKOUT0)
                                                     -4.900    -2.793 r  datapath/video_inst/mmcm_adv_inst_display_clocks/inst/mmcm_adv_inst/CLKOUT0
                         net (fo=1, routed)           2.697    -0.096    datapath/video_inst/mmcm_adv_inst_display_clocks/inst/clk_out1_clk_wiz_0
    BUFGCTRL_X0Y4        BUFG (Prop_bufg_I_O)         0.096    -0.000 r  datapath/video_inst/mmcm_adv_inst_display_clocks/inst/clkout1_buf/O
                         net (fo=63, routed)          1.824     1.824    datapath/video_inst/inst_dvid/CLK
    SLICE_X162Y133       FDRE                                         r  datapath/video_inst/inst_dvid/latched_red_reg[2]/C
  -------------------------------------------------------------------    -------------------
    SLICE_X162Y133       FDRE (Prop_fdre_C_Q)         0.518     2.342 r  datapath/video_inst/inst_dvid/latched_red_reg[2]/Q
                         net (fo=3, routed)           1.759     4.101    datapath/video_inst/inst_dvid/latched_red[2]
    SLICE_X163Y133       LUT3 (Prop_lut3_I2_O)        0.124     4.225 r  datapath/video_inst/inst_dvid/shift_red[2]_i_1/O
                         net (fo=1, routed)           0.000     4.225    datapath/video_inst/inst_dvid/shift_red[2]
    SLICE_X163Y133       FDRE                                         r  datapath/video_inst/inst_dvid/shift_red_reg[2]/D
  -------------------------------------------------------------------    -------------------

                         (clock clk_out2_clk_wiz_0 rise edge)
                                                      8.000     8.000 r  
    BUFGCTRL_X0Y2        BUFG                         0.000     8.000 r  clk_IBUF_BUFG_inst/O
                         net (fo=297, routed)         1.972     9.972    datapath/video_inst/mmcm_adv_inst_display_clocks/inst/clk_in1
    MMCME2_ADV_X1Y0      MMCME2_ADV (Prop_mmcme2_adv_CLKIN1_CLKOUT1)
                                                     -4.637     5.335 r  datapath/video_inst/mmcm_adv_inst_display_clocks/inst/mmcm_adv_inst/CLKOUT1
                         net (fo=1, routed)           2.574     7.909    datapath/video_inst/mmcm_adv_inst_display_clocks/inst/clk_out2_clk_wiz_0
    BUFGCTRL_X0Y0        BUFG (Prop_bufg_I_O)         0.091     8.000 r  datapath/video_inst/mmcm_adv_inst_display_clocks/inst/clkout2_buf/O
                         net (fo=44, routed)          1.706     9.706    datapath/video_inst/inst_dvid/clk_out2
    SLICE_X163Y133       FDRE                                         r  datapath/video_inst/inst_dvid/shift_red_reg[2]/C
                         clock pessimism             -0.128     9.578    
                         clock uncertainty           -0.215     9.364    
    SLICE_X163Y133       FDRE (Setup_fdre_C_D)        0.029     9.393    datapath/video_inst/inst_dvid/shift_red_reg[2]
  -------------------------------------------------------------------
                         required time                          9.393    
                         arrival time                          -4.225    
  -------------------------------------------------------------------
                         slack                                  5.167    

Slack (MET) :             5.185ns  (required time - arrival time)
  Source:                 datapath/video_inst/inst_dvid/latched_red_reg[2]/C
                            (rising edge-triggered cell FDRE clocked by clk_out1_clk_wiz_0  {rise@0.000ns fall@20.000ns period=40.000ns})
  Destination:            datapath/video_inst/inst_dvid/shift_red_reg[4]/D
                            (rising edge-triggered cell FDRE clocked by clk_out2_clk_wiz_0  {rise@0.000ns fall@4.000ns period=8.000ns})
  Path Group:             clk_out2_clk_wiz_0
  Path Type:              Setup (Max at Slow Process Corner)
  Requirement:            8.000ns  (clk_out2_clk_wiz_0 rise@8.000ns - clk_out1_clk_wiz_0 rise@0.000ns)
  Data Path Delay:        2.429ns  (logic 0.670ns (27.583%)  route 1.759ns (72.417%))
  Logic Levels:           1  (LUT3=1)
  Clock Path Skew:        -0.246ns (DCD - SCD + CPR)
    Destination Clock Delay (DCD):    1.706ns = ( 9.706 - 8.000 ) 
    Source Clock Delay      (SCD):    1.824ns
    Clock Pessimism Removal (CPR):    -0.128ns
  Clock Uncertainty:      0.215ns  ((TSJ^2 + DJ^2)^1/2) / 2 + PE
    Total System Jitter     (TSJ):    0.071ns
    Discrete Jitter          (DJ):    0.175ns
    Phase Error              (PE):    0.120ns

    Location             Delay type                Incr(ns)  Path(ns)    Netlist Resource(s)
  -------------------------------------------------------------------    -------------------
                         (clock clk_out1_clk_wiz_0 rise edge)
                                                      0.000     0.000 r  
    BUFGCTRL_X0Y2        BUFG                         0.000     0.000 r  clk_IBUF_BUFG_inst/O
                         net (fo=297, routed)         2.106     2.106    datapath/video_inst/mmcm_adv_inst_display_clocks/inst/clk_in1
    MMCME2_ADV_X1Y0      MMCME2_ADV (Prop_mmcme2_adv_CLKIN1_CLKOUT0)
                                                     -4.900    -2.793 r  datapath/video_inst/mmcm_adv_inst_display_clocks/inst/mmcm_adv_inst/CLKOUT0
                         net (fo=1, routed)           2.697    -0.096    datapath/video_inst/mmcm_adv_inst_display_clocks/inst/clk_out1_clk_wiz_0
    BUFGCTRL_X0Y4        BUFG (Prop_bufg_I_O)         0.096    -0.000 r  datapath/video_inst/mmcm_adv_inst_display_clocks/inst/clkout1_buf/O
                         net (fo=63, routed)          1.824     1.824    datapath/video_inst/inst_dvid/CLK
    SLICE_X162Y133       FDRE                                         r  datapath/video_inst/inst_dvid/latched_red_reg[2]/C
  -------------------------------------------------------------------    -------------------
    SLICE_X162Y133       FDRE (Prop_fdre_C_Q)         0.518     2.342 r  datapath/video_inst/inst_dvid/latched_red_reg[2]/Q
                         net (fo=3, routed)           1.759     4.101    datapath/video_inst/inst_dvid/latched_red[2]
    SLICE_X163Y133       LUT3 (Prop_lut3_I2_O)        0.152     4.253 r  datapath/video_inst/inst_dvid/shift_red[4]_i_1/O
                         net (fo=1, routed)           0.000     4.253    datapath/video_inst/inst_dvid/shift_red[4]
    SLICE_X163Y133       FDRE                                         r  datapath/video_inst/inst_dvid/shift_red_reg[4]/D
  -------------------------------------------------------------------    -------------------

                         (clock clk_out2_clk_wiz_0 rise edge)
                                                      8.000     8.000 r  
    BUFGCTRL_X0Y2        BUFG                         0.000     8.000 r  clk_IBUF_BUFG_inst/O
                         net (fo=297, routed)         1.972     9.972    datapath/video_inst/mmcm_adv_inst_display_clocks/inst/clk_in1
    MMCME2_ADV_X1Y0      MMCME2_ADV (Prop_mmcme2_adv_CLKIN1_CLKOUT1)
                                                     -4.637     5.335 r  datapath/video_inst/mmcm_adv_inst_display_clocks/inst/mmcm_adv_inst/CLKOUT1
                         net (fo=1, routed)           2.574     7.909    datapath/video_inst/mmcm_adv_inst_display_clocks/inst/clk_out2_clk_wiz_0
    BUFGCTRL_X0Y0        BUFG (Prop_bufg_I_O)         0.091     8.000 r  datapath/video_inst/mmcm_adv_inst_display_clocks/inst/clkout2_buf/O
                         net (fo=44, routed)          1.706     9.706    datapath/video_inst/inst_dvid/clk_out2
    SLICE_X163Y133       FDRE                                         r  datapath/video_inst/inst_dvid/shift_red_reg[4]/C
                         clock pessimism             -0.128     9.578    
                         clock uncertainty           -0.215     9.364    
    SLICE_X163Y133       FDRE (Setup_fdre_C_D)        0.075     9.439    datapath/video_inst/inst_dvid/shift_red_reg[4]
  -------------------------------------------------------------------
                         required time                          9.439    
                         arrival time                          -4.253    
  -------------------------------------------------------------------
                         slack                                  5.185    





Min Delay Paths
--------------------------------------------------------------------------------------
Slack (MET) :             0.135ns  (arrival time - required time)
  Source:                 datapath/video_inst/inst_dvid/latched_blue_reg[4]/C
                            (rising edge-triggered cell FDRE clocked by clk_out1_clk_wiz_0  {rise@0.000ns fall@20.000ns period=40.000ns})
  Destination:            datapath/video_inst/inst_dvid/shift_blue_reg[6]/D
                            (rising edge-triggered cell FDRE clocked by clk_out2_clk_wiz_0  {rise@0.000ns fall@4.000ns period=8.000ns})
  Path Group:             clk_out2_clk_wiz_0
  Path Type:              Hold (Min at Fast Process Corner)
  Requirement:            0.000ns  (clk_out2_clk_wiz_0 rise@0.000ns - clk_out1_clk_wiz_0 rise@0.000ns)
  Data Path Delay:        0.809ns  (logic 0.186ns (22.996%)  route 0.623ns (77.004%))
  Logic Levels:           1  (LUT3=1)
  Clock Path Skew:        0.352ns (DCD - SCD - CPR)
    Destination Clock Delay (DCD):    0.916ns
    Source Clock Delay      (SCD):    0.644ns
    Clock Pessimism Removal (CPR):    -0.080ns
  Clock Uncertainty:      0.215ns  ((TSJ^2 + DJ^2)^1/2) / 2 + PE
    Total System Jitter     (TSJ):    0.071ns
    Discrete Jitter          (DJ):    0.175ns
    Phase Error              (PE):    0.120ns

    Location             Delay type                Incr(ns)  Path(ns)    Netlist Resource(s)
  -------------------------------------------------------------------    -------------------
                         (clock clk_out1_clk_wiz_0 rise edge)
                                                      0.000     0.000 r  
    BUFGCTRL_X0Y2        BUFG                         0.000     0.000 r  clk_IBUF_BUFG_inst/O
                         net (fo=297, routed)         0.745     0.745    datapath/video_inst/mmcm_adv_inst_display_clocks/inst/clk_in1
    MMCME2_ADV_X1Y0      MMCME2_ADV (Prop_mmcme2_adv_CLKIN1_CLKOUT0)
                                                     -1.683    -0.938 r  datapath/video_inst/mmcm_adv_inst_display_clocks/inst/mmcm_adv_inst/CLKOUT0
                         net (fo=1, routed)           0.912    -0.026    datapath/video_inst/mmcm_adv_inst_display_clocks/inst/clk_out1_clk_wiz_0
    BUFGCTRL_X0Y4        BUFG (Prop_bufg_I_O)         0.026    -0.000 r  datapath/video_inst/mmcm_adv_inst_display_clocks/inst/clkout1_buf/O
                         net (fo=63, routed)          0.644     0.644    datapath/video_inst/inst_dvid/CLK
    SLICE_X160Y134       FDRE                                         r  datapath/video_inst/inst_dvid/latched_blue_reg[4]/C
  -------------------------------------------------------------------    -------------------
    SLICE_X160Y134       FDRE (Prop_fdre_C_Q)         0.141     0.785 r  datapath/video_inst/inst_dvid/latched_blue_reg[4]/Q
                         net (fo=2, routed)           0.623     1.407    datapath/video_inst/inst_dvid/latched_blue[4]
    SLICE_X160Y136       LUT3 (Prop_lut3_I2_O)        0.045     1.452 r  datapath/video_inst/inst_dvid/shift_blue[6]_i_1/O
                         net (fo=1, routed)           0.000     1.452    datapath/video_inst/inst_dvid/shift_blue[6]
    SLICE_X160Y136       FDRE                                         r  datapath/video_inst/inst_dvid/shift_blue_reg[6]/D
  -------------------------------------------------------------------    -------------------

                         (clock clk_out2_clk_wiz_0 rise edge)
                                                      0.000     0.000 r  
    BUFGCTRL_X0Y2        BUFG                         0.000     0.000 r  clk_IBUF_BUFG_inst/O
                         net (fo=297, routed)         1.022     1.022    datapath/video_inst/mmcm_adv_inst_display_clocks/inst/clk_in1
    MMCME2_ADV_X1Y0      MMCME2_ADV (Prop_mmcme2_adv_CLKIN1_CLKOUT1)
                                                     -2.040    -1.018 r  datapath/video_inst/mmcm_adv_inst_display_clocks/inst/mmcm_adv_inst/CLKOUT1
                         net (fo=1, routed)           0.989    -0.029    datapath/video_inst/mmcm_adv_inst_display_clocks/inst/clk_out2_clk_wiz_0
    BUFGCTRL_X0Y0        BUFG (Prop_bufg_I_O)         0.029    -0.000 r  datapath/video_inst/mmcm_adv_inst_display_clocks/inst/clkout2_buf/O
                         net (fo=44, routed)          0.916     0.916    datapath/video_inst/inst_dvid/clk_out2
    SLICE_X160Y136       FDRE                                         r  datapath/video_inst/inst_dvid/shift_blue_reg[6]/C
                         clock pessimism              0.080     0.996    
                         clock uncertainty            0.215     1.210    
    SLICE_X160Y136       FDRE (Hold_fdre_C_D)         0.107     1.317    datapath/video_inst/inst_dvid/shift_blue_reg[6]
  -------------------------------------------------------------------
                         required time                         -1.317    
                         arrival time                           1.452    
  -------------------------------------------------------------------
                         slack                                  0.135    

Slack (MET) :             0.147ns  (arrival time - required time)
  Source:                 datapath/video_inst/inst_dvid/latched_blue_reg[1]/C
                            (rising edge-triggered cell FDRE clocked by clk_out1_clk_wiz_0  {rise@0.000ns fall@20.000ns period=40.000ns})
  Destination:            datapath/video_inst/inst_dvid/shift_blue_reg[7]/D
                            (rising edge-triggered cell FDRE clocked by clk_out2_clk_wiz_0  {rise@0.000ns fall@4.000ns period=8.000ns})
  Path Group:             clk_out2_clk_wiz_0
  Path Type:              Hold (Min at Fast Process Corner)
  Requirement:            0.000ns  (clk_out2_clk_wiz_0 rise@0.000ns - clk_out1_clk_wiz_0 rise@0.000ns)
  Data Path Delay:        0.821ns  (logic 0.185ns (22.529%)  route 0.636ns (77.471%))
  Logic Levels:           1  (LUT3=1)
  Clock Path Skew:        0.352ns (DCD - SCD - CPR)
    Destination Clock Delay (DCD):    0.916ns
    Source Clock Delay      (SCD):    0.644ns
    Clock Pessimism Removal (CPR):    -0.080ns
  Clock Uncertainty:      0.215ns  ((TSJ^2 + DJ^2)^1/2) / 2 + PE
    Total System Jitter     (TSJ):    0.071ns
    Discrete Jitter          (DJ):    0.175ns
    Phase Error              (PE):    0.120ns

    Location             Delay type                Incr(ns)  Path(ns)    Netlist Resource(s)
  -------------------------------------------------------------------    -------------------
                         (clock clk_out1_clk_wiz_0 rise edge)
                                                      0.000     0.000 r  
    BUFGCTRL_X0Y2        BUFG                         0.000     0.000 r  clk_IBUF_BUFG_inst/O
                         net (fo=297, routed)         0.745     0.745    datapath/video_inst/mmcm_adv_inst_display_clocks/inst/clk_in1
    MMCME2_ADV_X1Y0      MMCME2_ADV (Prop_mmcme2_adv_CLKIN1_CLKOUT0)
                                                     -1.683    -0.938 r  datapath/video_inst/mmcm_adv_inst_display_clocks/inst/mmcm_adv_inst/CLKOUT0
                         net (fo=1, routed)           0.912    -0.026    datapath/video_inst/mmcm_adv_inst_display_clocks/inst/clk_out1_clk_wiz_0
    BUFGCTRL_X0Y4        BUFG (Prop_bufg_I_O)         0.026    -0.000 r  datapath/video_inst/mmcm_adv_inst_display_clocks/inst/clkout1_buf/O
                         net (fo=63, routed)          0.644     0.644    datapath/video_inst/inst_dvid/CLK
    SLICE_X160Y134       FDRE                                         r  datapath/video_inst/inst_dvid/latched_blue_reg[1]/C
  -------------------------------------------------------------------    -------------------
    SLICE_X160Y134       FDRE (Prop_fdre_C_Q)         0.141     0.785 r  datapath/video_inst/inst_dvid/latched_blue_reg[1]/Q
                         net (fo=4, routed)           0.636     1.421    datapath/video_inst/inst_dvid/latched_blue[1]
    SLICE_X160Y136       LUT3 (Prop_lut3_I2_O)        0.044     1.465 r  datapath/video_inst/inst_dvid/shift_blue[7]_i_1/O
                         net (fo=1, routed)           0.000     1.465    datapath/video_inst/inst_dvid/shift_blue[7]
    SLICE_X160Y136       FDRE                                         r  datapath/video_inst/inst_dvid/shift_blue_reg[7]/D
  -------------------------------------------------------------------    -------------------

                         (clock clk_out2_clk_wiz_0 rise edge)
                                                      0.000     0.000 r  
    BUFGCTRL_X0Y2        BUFG                         0.000     0.000 r  clk_IBUF_BUFG_inst/O
                         net (fo=297, routed)         1.022     1.022    datapath/video_inst/mmcm_adv_inst_display_clocks/inst/clk_in1
    MMCME2_ADV_X1Y0      MMCME2_ADV (Prop_mmcme2_adv_CLKIN1_CLKOUT1)
                                                     -2.040    -1.018 r  datapath/video_inst/mmcm_adv_inst_display_clocks/inst/mmcm_adv_inst/CLKOUT1
                         net (fo=1, routed)           0.989    -0.029    datapath/video_inst/mmcm_adv_inst_display_clocks/inst/clk_out2_clk_wiz_0
    BUFGCTRL_X0Y0        BUFG (Prop_bufg_I_O)         0.029    -0.000 r  datapath/video_inst/mmcm_adv_inst_display_clocks/inst/clkout2_buf/O
                         net (fo=44, routed)          0.916     0.916    datapath/video_inst/inst_dvid/clk_out2
    SLICE_X160Y136       FDRE                                         r  datapath/video_inst/inst_dvid/shift_blue_reg[7]/C
                         clock pessimism              0.080     0.996    
                         clock uncertainty            0.215     1.210    
    SLICE_X160Y136       FDRE (Hold_fdre_C_D)         0.107     1.317    datapath/video_inst/inst_dvid/shift_blue_reg[7]
  -------------------------------------------------------------------
                         required time                         -1.317    
                         arrival time                           1.465    
  -------------------------------------------------------------------
                         slack                                  0.147    

Slack (MET) :             0.150ns  (arrival time - required time)
  Source:                 datapath/video_inst/inst_dvid/latched_blue_reg[4]/C
                            (rising edge-triggered cell FDRE clocked by clk_out1_clk_wiz_0  {rise@0.000ns fall@20.000ns period=40.000ns})
  Destination:            datapath/video_inst/inst_dvid/shift_blue_reg[4]/D
                            (rising edge-triggered cell FDRE clocked by clk_out2_clk_wiz_0  {rise@0.000ns fall@4.000ns period=8.000ns})
  Path Group:             clk_out2_clk_wiz_0
  Path Type:              Hold (Min at Fast Process Corner)
  Requirement:            0.000ns  (clk_out2_clk_wiz_0 rise@0.000ns - clk_out1_clk_wiz_0 rise@0.000ns)
  Data Path Delay:        0.809ns  (logic 0.186ns (22.996%)  route 0.623ns (77.004%))
  Logic Levels:           1  (LUT3=1)
  Clock Path Skew:        0.352ns (DCD - SCD - CPR)
    Destination Clock Delay (DCD):    0.916ns
    Source Clock Delay      (SCD):    0.644ns
    Clock Pessimism Removal (CPR):    -0.080ns
  Clock Uncertainty:      0.215ns  ((TSJ^2 + DJ^2)^1/2) / 2 + PE
    Total System Jitter     (TSJ):    0.071ns
    Discrete Jitter          (DJ):    0.175ns
    Phase Error              (PE):    0.120ns

    Location             Delay type                Incr(ns)  Path(ns)    Netlist Resource(s)
  -------------------------------------------------------------------    -------------------
                         (clock clk_out1_clk_wiz_0 rise edge)
                                                      0.000     0.000 r  
    BUFGCTRL_X0Y2        BUFG                         0.000     0.000 r  clk_IBUF_BUFG_inst/O
                         net (fo=297, routed)         0.745     0.745    datapath/video_inst/mmcm_adv_inst_display_clocks/inst/clk_in1
    MMCME2_ADV_X1Y0      MMCME2_ADV (Prop_mmcme2_adv_CLKIN1_CLKOUT0)
                                                     -1.683    -0.938 r  datapath/video_inst/mmcm_adv_inst_display_clocks/inst/mmcm_adv_inst/CLKOUT0
                         net (fo=1, routed)           0.912    -0.026    datapath/video_inst/mmcm_adv_inst_display_clocks/inst/clk_out1_clk_wiz_0
    BUFGCTRL_X0Y4        BUFG (Prop_bufg_I_O)         0.026    -0.000 r  datapath/video_inst/mmcm_adv_inst_display_clocks/inst/clkout1_buf/O
                         net (fo=63, routed)          0.644     0.644    datapath/video_inst/inst_dvid/CLK
    SLICE_X160Y134       FDRE                                         r  datapath/video_inst/inst_dvid/latched_blue_reg[4]/C
  -------------------------------------------------------------------    -------------------
    SLICE_X160Y134       FDRE (Prop_fdre_C_Q)         0.141     0.785 r  datapath/video_inst/inst_dvid/latched_blue_reg[4]/Q
                         net (fo=2, routed)           0.623     1.407    datapath/video_inst/inst_dvid/latched_blue[4]
    SLICE_X160Y136       LUT3 (Prop_lut3_I2_O)        0.045     1.452 r  datapath/video_inst/inst_dvid/shift_blue[4]_i_1/O
                         net (fo=1, routed)           0.000     1.452    datapath/video_inst/inst_dvid/shift_blue[4]
    SLICE_X160Y136       FDRE                                         r  datapath/video_inst/inst_dvid/shift_blue_reg[4]/D
  -------------------------------------------------------------------    -------------------

                         (clock clk_out2_clk_wiz_0 rise edge)
                                                      0.000     0.000 r  
    BUFGCTRL_X0Y2        BUFG                         0.000     0.000 r  clk_IBUF_BUFG_inst/O
                         net (fo=297, routed)         1.022     1.022    datapath/video_inst/mmcm_adv_inst_display_clocks/inst/clk_in1
    MMCME2_ADV_X1Y0      MMCME2_ADV (Prop_mmcme2_adv_CLKIN1_CLKOUT1)
                                                     -2.040    -1.018 r  datapath/video_inst/mmcm_adv_inst_display_clocks/inst/mmcm_adv_inst/CLKOUT1
                         net (fo=1, routed)           0.989    -0.029    datapath/video_inst/mmcm_adv_inst_display_clocks/inst/clk_out2_clk_wiz_0
    BUFGCTRL_X0Y0        BUFG (Prop_bufg_I_O)         0.029    -0.000 r  datapath/video_inst/mmcm_adv_inst_display_clocks/inst/clkout2_buf/O
                         net (fo=44, routed)          0.916     0.916    datapath/video_inst/inst_dvid/clk_out2
    SLICE_X160Y136       FDRE                                         r  datapath/video_inst/inst_dvid/shift_blue_reg[4]/C
                         clock pessimism              0.080     0.996    
                         clock uncertainty            0.215     1.210    
    SLICE_X160Y136       FDRE (Hold_fdre_C_D)         0.092     1.302    datapath/video_inst/inst_dvid/shift_blue_reg[4]
  -------------------------------------------------------------------
                         required time                         -1.302    
                         arrival time                           1.452    
  -------------------------------------------------------------------
                         slack                                  0.150    

Slack (MET) :             0.163ns  (arrival time - required time)
  Source:                 datapath/video_inst/inst_dvid/latched_blue_reg[1]/C
                            (rising edge-triggered cell FDRE clocked by clk_out1_clk_wiz_0  {rise@0.000ns fall@20.000ns period=40.000ns})
  Destination:            datapath/video_inst/inst_dvid/shift_blue_reg[5]/D
                            (rising edge-triggered cell FDRE clocked by clk_out2_clk_wiz_0  {rise@0.000ns fall@4.000ns period=8.000ns})
  Path Group:             clk_out2_clk_wiz_0
  Path Type:              Hold (Min at Fast Process Corner)
  Requirement:            0.000ns  (clk_out2_clk_wiz_0 rise@0.000ns - clk_out1_clk_wiz_0 rise@0.000ns)
  Data Path Delay:        0.822ns  (logic 0.186ns (22.624%)  route 0.636ns (77.376%))
  Logic Levels:           1  (LUT3=1)
  Clock Path Skew:        0.352ns (DCD - SCD - CPR)
    Destination Clock Delay (DCD):    0.916ns
    Source Clock Delay      (SCD):    0.644ns
    Clock Pessimism Removal (CPR):    -0.080ns
  Clock Uncertainty:      0.215ns  ((TSJ^2 + DJ^2)^1/2) / 2 + PE
    Total System Jitter     (TSJ):    0.071ns
    Discrete Jitter          (DJ):    0.175ns
    Phase Error              (PE):    0.120ns

    Location             Delay type                Incr(ns)  Path(ns)    Netlist Resource(s)
  -------------------------------------------------------------------    -------------------
                         (clock clk_out1_clk_wiz_0 rise edge)
                                                      0.000     0.000 r  
    BUFGCTRL_X0Y2        BUFG                         0.000     0.000 r  clk_IBUF_BUFG_inst/O
                         net (fo=297, routed)         0.745     0.745    datapath/video_inst/mmcm_adv_inst_display_clocks/inst/clk_in1
    MMCME2_ADV_X1Y0      MMCME2_ADV (Prop_mmcme2_adv_CLKIN1_CLKOUT0)
                                                     -1.683    -0.938 r  datapath/video_inst/mmcm_adv_inst_display_clocks/inst/mmcm_adv_inst/CLKOUT0
                         net (fo=1, routed)           0.912    -0.026    datapath/video_inst/mmcm_adv_inst_display_clocks/inst/clk_out1_clk_wiz_0
    BUFGCTRL_X0Y4        BUFG (Prop_bufg_I_O)         0.026    -0.000 r  datapath/video_inst/mmcm_adv_inst_display_clocks/inst/clkout1_buf/O
                         net (fo=63, routed)          0.644     0.644    datapath/video_inst/inst_dvid/CLK
    SLICE_X160Y134       FDRE                                         r  datapath/video_inst/inst_dvid/latched_blue_reg[1]/C
  -------------------------------------------------------------------    -------------------
    SLICE_X160Y134       FDRE (Prop_fdre_C_Q)         0.141     0.785 r  datapath/video_inst/inst_dvid/latched_blue_reg[1]/Q
                         net (fo=4, routed)           0.636     1.421    datapath/video_inst/inst_dvid/latched_blue[1]
    SLICE_X160Y136       LUT3 (Prop_lut3_I2_O)        0.045     1.466 r  datapath/video_inst/inst_dvid/shift_blue[5]_i_1/O
                         net (fo=1, routed)           0.000     1.466    datapath/video_inst/inst_dvid/shift_blue[5]
    SLICE_X160Y136       FDRE                                         r  datapath/video_inst/inst_dvid/shift_blue_reg[5]/D
  -------------------------------------------------------------------    -------------------

                         (clock clk_out2_clk_wiz_0 rise edge)
                                                      0.000     0.000 r  
    BUFGCTRL_X0Y2        BUFG                         0.000     0.000 r  clk_IBUF_BUFG_inst/O
                         net (fo=297, routed)         1.022     1.022    datapath/video_inst/mmcm_adv_inst_display_clocks/inst/clk_in1
    MMCME2_ADV_X1Y0      MMCME2_ADV (Prop_mmcme2_adv_CLKIN1_CLKOUT1)
                                                     -2.040    -1.018 r  datapath/video_inst/mmcm_adv_inst_display_clocks/inst/mmcm_adv_inst/CLKOUT1
                         net (fo=1, routed)           0.989    -0.029    datapath/video_inst/mmcm_adv_inst_display_clocks/inst/clk_out2_clk_wiz_0
    BUFGCTRL_X0Y0        BUFG (Prop_bufg_I_O)         0.029    -0.000 r  datapath/video_inst/mmcm_adv_inst_display_clocks/inst/clkout2_buf/O
                         net (fo=44, routed)          0.916     0.916    datapath/video_inst/inst_dvid/clk_out2
    SLICE_X160Y136       FDRE                                         r  datapath/video_inst/inst_dvid/shift_blue_reg[5]/C
                         clock pessimism              0.080     0.996    
                         clock uncertainty            0.215     1.210    
    SLICE_X160Y136       FDRE (Hold_fdre_C_D)         0.092     1.302    datapath/video_inst/inst_dvid/shift_blue_reg[5]
  -------------------------------------------------------------------
                         required time                         -1.302    
                         arrival time                           1.466    
  -------------------------------------------------------------------
                         slack                                  0.163    

Slack (MET) :             0.172ns  (arrival time - required time)
  Source:                 datapath/video_inst/inst_dvid/latched_red_reg[8]/C
                            (rising edge-triggered cell FDRE clocked by clk_out1_clk_wiz_0  {rise@0.000ns fall@20.000ns period=40.000ns})
  Destination:            datapath/video_inst/inst_dvid/shift_red_reg[8]/D
                            (rising edge-triggered cell FDRE clocked by clk_out2_clk_wiz_0  {rise@0.000ns fall@4.000ns period=8.000ns})
  Path Group:             clk_out2_clk_wiz_0
  Path Type:              Hold (Min at Fast Process Corner)
  Requirement:            0.000ns  (clk_out2_clk_wiz_0 rise@0.000ns - clk_out1_clk_wiz_0 rise@0.000ns)
  Data Path Delay:        0.809ns  (logic 0.164ns (20.279%)  route 0.645ns (79.721%))
  Logic Levels:           0  
  Clock Path Skew:        0.352ns (DCD - SCD - CPR)
    Destination Clock Delay (DCD):    0.915ns
    Source Clock Delay      (SCD):    0.643ns
    Clock Pessimism Removal (CPR):    -0.080ns
  Clock Uncertainty:      0.215ns  ((TSJ^2 + DJ^2)^1/2) / 2 + PE
    Total System Jitter     (TSJ):    0.071ns
    Discrete Jitter          (DJ):    0.175ns
    Phase Error              (PE):    0.120ns

    Location             Delay type                Incr(ns)  Path(ns)    Netlist Resource(s)
  -------------------------------------------------------------------    -------------------
                         (clock clk_out1_clk_wiz_0 rise edge)
                                                      0.000     0.000 r  
    BUFGCTRL_X0Y2        BUFG                         0.000     0.000 r  clk_IBUF_BUFG_inst/O
                         net (fo=297, routed)         0.745     0.745    datapath/video_inst/mmcm_adv_inst_display_clocks/inst/clk_in1
    MMCME2_ADV_X1Y0      MMCME2_ADV (Prop_mmcme2_adv_CLKIN1_CLKOUT0)
                                                     -1.683    -0.938 r  datapath/video_inst/mmcm_adv_inst_display_clocks/inst/mmcm_adv_inst/CLKOUT0
                         net (fo=1, routed)           0.912    -0.026    datapath/video_inst/mmcm_adv_inst_display_clocks/inst/clk_out1_clk_wiz_0
    BUFGCTRL_X0Y4        BUFG (Prop_bufg_I_O)         0.026    -0.000 r  datapath/video_inst/mmcm_adv_inst_display_clocks/inst/clkout1_buf/O
                         net (fo=63, routed)          0.643     0.643    datapath/video_inst/inst_dvid/CLK
    SLICE_X162Y133       FDRE                                         r  datapath/video_inst/inst_dvid/latched_red_reg[8]/C
  -------------------------------------------------------------------    -------------------
    SLICE_X162Y133       FDRE (Prop_fdre_C_Q)         0.164     0.807 r  datapath/video_inst/inst_dvid/latched_red_reg[8]/Q
                         net (fo=1, routed)           0.645     1.451    datapath/video_inst/inst_dvid/latched_red[8]
    SLICE_X163Y134       FDRE                                         r  datapath/video_inst/inst_dvid/shift_red_reg[8]/D
  -------------------------------------------------------------------    -------------------

                         (clock clk_out2_clk_wiz_0 rise edge)
                                                      0.000     0.000 r  
    BUFGCTRL_X0Y2        BUFG                         0.000     0.000 r  clk_IBUF_BUFG_inst/O
                         net (fo=297, routed)         1.022     1.022    datapath/video_inst/mmcm_adv_inst_display_clocks/inst/clk_in1
    MMCME2_ADV_X1Y0      MMCME2_ADV (Prop_mmcme2_adv_CLKIN1_CLKOUT1)
                                                     -2.040    -1.018 r  datapath/video_inst/mmcm_adv_inst_display_clocks/inst/mmcm_adv_inst/CLKOUT1
                         net (fo=1, routed)           0.989    -0.029    datapath/video_inst/mmcm_adv_inst_display_clocks/inst/clk_out2_clk_wiz_0
    BUFGCTRL_X0Y0        BUFG (Prop_bufg_I_O)         0.029    -0.000 r  datapath/video_inst/mmcm_adv_inst_display_clocks/inst/clkout2_buf/O
                         net (fo=44, routed)          0.915     0.915    datapath/video_inst/inst_dvid/clk_out2
    SLICE_X163Y134       FDRE                                         r  datapath/video_inst/inst_dvid/shift_red_reg[8]/C
                         clock pessimism              0.080     0.995    
                         clock uncertainty            0.215     1.209    
    SLICE_X163Y134       FDRE (Hold_fdre_C_D)         0.070     1.279    datapath/video_inst/inst_dvid/shift_red_reg[8]
  -------------------------------------------------------------------
                         required time                         -1.279    
                         arrival time                           1.451    
  -------------------------------------------------------------------
                         slack                                  0.172    

Slack (MET) :             0.184ns  (arrival time - required time)
  Source:                 datapath/video_inst/inst_dvid/latched_green_reg[0]/C
                            (rising edge-triggered cell FDRE clocked by clk_out1_clk_wiz_0  {rise@0.000ns fall@20.000ns period=40.000ns})
  Destination:            datapath/video_inst/inst_dvid/shift_green_reg[1]/D
                            (rising edge-triggered cell FDRE clocked by clk_out2_clk_wiz_0  {rise@0.000ns fall@4.000ns period=8.000ns})
  Path Group:             clk_out2_clk_wiz_0
  Path Type:              Hold (Min at Fast Process Corner)
  Requirement:            0.000ns  (clk_out2_clk_wiz_0 rise@0.000ns - clk_out1_clk_wiz_0 rise@0.000ns)
  Data Path Delay:        0.858ns  (logic 0.243ns (28.305%)  route 0.615ns (71.695%))
  Logic Levels:           1  (LUT3=1)
  Clock Path Skew:        0.353ns (DCD - SCD - CPR)
    Destination Clock Delay (DCD):    0.916ns
    Source Clock Delay      (SCD):    0.643ns
    Clock Pessimism Removal (CPR):    -0.080ns
  Clock Uncertainty:      0.215ns  ((TSJ^2 + DJ^2)^1/2) / 2 + PE
    Total System Jitter     (TSJ):    0.071ns
    Discrete Jitter          (DJ):    0.175ns
    Phase Error              (PE):    0.120ns

    Location             Delay type                Incr(ns)  Path(ns)    Netlist Resource(s)
  -------------------------------------------------------------------    -------------------
                         (clock clk_out1_clk_wiz_0 rise edge)
                                                      0.000     0.000 r  
    BUFGCTRL_X0Y2        BUFG                         0.000     0.000 r  clk_IBUF_BUFG_inst/O
                         net (fo=297, routed)         0.745     0.745    datapath/video_inst/mmcm_adv_inst_display_clocks/inst/clk_in1
    MMCME2_ADV_X1Y0      MMCME2_ADV (Prop_mmcme2_adv_CLKIN1_CLKOUT0)
                                                     -1.683    -0.938 r  datapath/video_inst/mmcm_adv_inst_display_clocks/inst/mmcm_adv_inst/CLKOUT0
                         net (fo=1, routed)           0.912    -0.026    datapath/video_inst/mmcm_adv_inst_display_clocks/inst/clk_out1_clk_wiz_0
    BUFGCTRL_X0Y4        BUFG (Prop_bufg_I_O)         0.026    -0.000 r  datapath/video_inst/mmcm_adv_inst_display_clocks/inst/clkout1_buf/O
                         net (fo=63, routed)          0.643     0.643    datapath/video_inst/inst_dvid/CLK
    SLICE_X158Y135       FDRE                                         r  datapath/video_inst/inst_dvid/latched_green_reg[0]/C
  -------------------------------------------------------------------    -------------------
    SLICE_X158Y135       FDRE (Prop_fdre_C_Q)         0.148     0.791 r  datapath/video_inst/inst_dvid/latched_green_reg[0]/Q
                         net (fo=5, routed)           0.615     1.406    datapath/video_inst/inst_dvid/latched_green[0]
    SLICE_X160Y135       LUT3 (Prop_lut3_I2_O)        0.095     1.501 r  datapath/video_inst/inst_dvid/shift_green[1]_i_1/O
                         net (fo=1, routed)           0.000     1.501    datapath/video_inst/inst_dvid/shift_green[1]
    SLICE_X160Y135       FDRE                                         r  datapath/video_inst/inst_dvid/shift_green_reg[1]/D
  -------------------------------------------------------------------    -------------------

                         (clock clk_out2_clk_wiz_0 rise edge)
                                                      0.000     0.000 r  
    BUFGCTRL_X0Y2        BUFG                         0.000     0.000 r  clk_IBUF_BUFG_inst/O
                         net (fo=297, routed)         1.022     1.022    datapath/video_inst/mmcm_adv_inst_display_clocks/inst/clk_in1
    MMCME2_ADV_X1Y0      MMCME2_ADV (Prop_mmcme2_adv_CLKIN1_CLKOUT1)
                                                     -2.040    -1.018 r  datapath/video_inst/mmcm_adv_inst_display_clocks/inst/mmcm_adv_inst/CLKOUT1
                         net (fo=1, routed)           0.989    -0.029    datapath/video_inst/mmcm_adv_inst_display_clocks/inst/clk_out2_clk_wiz_0
    BUFGCTRL_X0Y0        BUFG (Prop_bufg_I_O)         0.029    -0.000 r  datapath/video_inst/mmcm_adv_inst_display_clocks/inst/clkout2_buf/O
                         net (fo=44, routed)          0.916     0.916    datapath/video_inst/inst_dvid/clk_out2
    SLICE_X160Y135       FDRE                                         r  datapath/video_inst/inst_dvid/shift_green_reg[1]/C
                         clock pessimism              0.080     0.996    
                         clock uncertainty            0.215     1.210    
    SLICE_X160Y135       FDRE (Hold_fdre_C_D)         0.107     1.317    datapath/video_inst/inst_dvid/shift_green_reg[1]
  -------------------------------------------------------------------
                         required time                         -1.317    
                         arrival time                           1.501    
  -------------------------------------------------------------------
                         slack                                  0.184    

Slack (MET) :             0.184ns  (arrival time - required time)
  Source:                 datapath/video_inst/inst_dvid/latched_blue_reg[0]/C
                            (rising edge-triggered cell FDRE clocked by clk_out1_clk_wiz_0  {rise@0.000ns fall@20.000ns period=40.000ns})
  Destination:            datapath/video_inst/inst_dvid/shift_blue_reg[0]/D
                            (rising edge-triggered cell FDRE clocked by clk_out2_clk_wiz_0  {rise@0.000ns fall@4.000ns period=8.000ns})
  Path Group:             clk_out2_clk_wiz_0
  Path Type:              Hold (Min at Fast Process Corner)
  Requirement:            0.000ns  (clk_out2_clk_wiz_0 rise@0.000ns - clk_out1_clk_wiz_0 rise@0.000ns)
  Data Path Delay:        0.843ns  (logic 0.246ns (29.172%)  route 0.597ns (70.828%))
  Logic Levels:           1  (LUT3=1)
  Clock Path Skew:        0.353ns (DCD - SCD - CPR)
    Destination Clock Delay (DCD):    0.916ns
    Source Clock Delay      (SCD):    0.643ns
    Clock Pessimism Removal (CPR):    -0.080ns
  Clock Uncertainty:      0.215ns  ((TSJ^2 + DJ^2)^1/2) / 2 + PE
    Total System Jitter     (TSJ):    0.071ns
    Discrete Jitter          (DJ):    0.175ns
    Phase Error              (PE):    0.120ns

    Location             Delay type                Incr(ns)  Path(ns)    Netlist Resource(s)
  -------------------------------------------------------------------    -------------------
                         (clock clk_out1_clk_wiz_0 rise edge)
                                                      0.000     0.000 r  
    BUFGCTRL_X0Y2        BUFG                         0.000     0.000 r  clk_IBUF_BUFG_inst/O
                         net (fo=297, routed)         0.745     0.745    datapath/video_inst/mmcm_adv_inst_display_clocks/inst/clk_in1
    MMCME2_ADV_X1Y0      MMCME2_ADV (Prop_mmcme2_adv_CLKIN1_CLKOUT0)
                                                     -1.683    -0.938 r  datapath/video_inst/mmcm_adv_inst_display_clocks/inst/mmcm_adv_inst/CLKOUT0
                         net (fo=1, routed)           0.912    -0.026    datapath/video_inst/mmcm_adv_inst_display_clocks/inst/clk_out1_clk_wiz_0
    BUFGCTRL_X0Y4        BUFG (Prop_bufg_I_O)         0.026    -0.000 r  datapath/video_inst/mmcm_adv_inst_display_clocks/inst/clkout1_buf/O
                         net (fo=63, routed)          0.643     0.643    datapath/video_inst/inst_dvid/CLK
    SLICE_X158Y135       FDRE                                         r  datapath/video_inst/inst_dvid/latched_blue_reg[0]/C
  -------------------------------------------------------------------    -------------------
    SLICE_X158Y135       FDRE (Prop_fdre_C_Q)         0.148     0.791 r  datapath/video_inst/inst_dvid/latched_blue_reg[0]/Q
                         net (fo=1, routed)           0.597     1.388    datapath/video_inst/inst_dvid/latched_blue[0]
    SLICE_X160Y136       LUT3 (Prop_lut3_I2_O)        0.098     1.486 r  datapath/video_inst/inst_dvid/shift_blue[0]_i_1/O
                         net (fo=1, routed)           0.000     1.486    datapath/video_inst/inst_dvid/shift_blue[0]
    SLICE_X160Y136       FDRE                                         r  datapath/video_inst/inst_dvid/shift_blue_reg[0]/D
  -------------------------------------------------------------------    -------------------

                         (clock clk_out2_clk_wiz_0 rise edge)
                                                      0.000     0.000 r  
    BUFGCTRL_X0Y2        BUFG                         0.000     0.000 r  clk_IBUF_BUFG_inst/O
                         net (fo=297, routed)         1.022     1.022    datapath/video_inst/mmcm_adv_inst_display_clocks/inst/clk_in1
    MMCME2_ADV_X1Y0      MMCME2_ADV (Prop_mmcme2_adv_CLKIN1_CLKOUT1)
                                                     -2.040    -1.018 r  datapath/video_inst/mmcm_adv_inst_display_clocks/inst/mmcm_adv_inst/CLKOUT1
                         net (fo=1, routed)           0.989    -0.029    datapath/video_inst/mmcm_adv_inst_display_clocks/inst/clk_out2_clk_wiz_0
    BUFGCTRL_X0Y0        BUFG (Prop_bufg_I_O)         0.029    -0.000 r  datapath/video_inst/mmcm_adv_inst_display_clocks/inst/clkout2_buf/O
                         net (fo=44, routed)          0.916     0.916    datapath/video_inst/inst_dvid/clk_out2
    SLICE_X160Y136       FDRE                                         r  datapath/video_inst/inst_dvid/shift_blue_reg[0]/C
                         clock pessimism              0.080     0.996    
                         clock uncertainty            0.215     1.210    
    SLICE_X160Y136       FDRE (Hold_fdre_C_D)         0.091     1.301    datapath/video_inst/inst_dvid/shift_blue_reg[0]
  -------------------------------------------------------------------
                         required time                         -1.301    
                         arrival time                           1.486    
  -------------------------------------------------------------------
                         slack                                  0.184    

Slack (MET) :             0.203ns  (arrival time - required time)
  Source:                 datapath/video_inst/inst_dvid/latched_green_reg[0]/C
                            (rising edge-triggered cell FDRE clocked by clk_out1_clk_wiz_0  {rise@0.000ns fall@20.000ns period=40.000ns})
  Destination:            datapath/video_inst/inst_dvid/shift_green_reg[0]/D
                            (rising edge-triggered cell FDRE clocked by clk_out2_clk_wiz_0  {rise@0.000ns fall@4.000ns period=8.000ns})
  Path Group:             clk_out2_clk_wiz_0
  Path Type:              Hold (Min at Fast Process Corner)
  Requirement:            0.000ns  (clk_out2_clk_wiz_0 rise@0.000ns - clk_out1_clk_wiz_0 rise@0.000ns)
  Data Path Delay:        0.861ns  (logic 0.246ns (28.555%)  route 0.615ns (71.445%))
  Logic Levels:           1  (LUT3=1)
  Clock Path Skew:        0.353ns (DCD - SCD - CPR)
    Destination Clock Delay (DCD):    0.916ns
    Source Clock Delay      (SCD):    0.643ns
    Clock Pessimism Removal (CPR):    -0.080ns
  Clock Uncertainty:      0.215ns  ((TSJ^2 + DJ^2)^1/2) / 2 + PE
    Total System Jitter     (TSJ):    0.071ns
    Discrete Jitter          (DJ):    0.175ns
    Phase Error              (PE):    0.120ns

    Location             Delay type                Incr(ns)  Path(ns)    Netlist Resource(s)
  -------------------------------------------------------------------    -------------------
                         (clock clk_out1_clk_wiz_0 rise edge)
                                                      0.000     0.000 r  
    BUFGCTRL_X0Y2        BUFG                         0.000     0.000 r  clk_IBUF_BUFG_inst/O
                         net (fo=297, routed)         0.745     0.745    datapath/video_inst/mmcm_adv_inst_display_clocks/inst/clk_in1
    MMCME2_ADV_X1Y0      MMCME2_ADV (Prop_mmcme2_adv_CLKIN1_CLKOUT0)
                                                     -1.683    -0.938 r  datapath/video_inst/mmcm_adv_inst_display_clocks/inst/mmcm_adv_inst/CLKOUT0
                         net (fo=1, routed)           0.912    -0.026    datapath/video_inst/mmcm_adv_inst_display_clocks/inst/clk_out1_clk_wiz_0
    BUFGCTRL_X0Y4        BUFG (Prop_bufg_I_O)         0.026    -0.000 r  datapath/video_inst/mmcm_adv_inst_display_clocks/inst/clkout1_buf/O
                         net (fo=63, routed)          0.643     0.643    datapath/video_inst/inst_dvid/CLK
    SLICE_X158Y135       FDRE                                         r  datapath/video_inst/inst_dvid/latched_green_reg[0]/C
  -------------------------------------------------------------------    -------------------
    SLICE_X158Y135       FDRE (Prop_fdre_C_Q)         0.148     0.791 r  datapath/video_inst/inst_dvid/latched_green_reg[0]/Q
                         net (fo=5, routed)           0.615     1.406    datapath/video_inst/inst_dvid/latched_green[0]
    SLICE_X160Y135       LUT3 (Prop_lut3_I2_O)        0.098     1.504 r  datapath/video_inst/inst_dvid/shift_green[0]_i_1/O
                         net (fo=1, routed)           0.000     1.504    datapath/video_inst/inst_dvid/shift_green[0]
    SLICE_X160Y135       FDRE                                         r  datapath/video_inst/inst_dvid/shift_green_reg[0]/D
  -------------------------------------------------------------------    -------------------

                         (clock clk_out2_clk_wiz_0 rise edge)
                                                      0.000     0.000 r  
    BUFGCTRL_X0Y2        BUFG                         0.000     0.000 r  clk_IBUF_BUFG_inst/O
                         net (fo=297, routed)         1.022     1.022    datapath/video_inst/mmcm_adv_inst_display_clocks/inst/clk_in1
    MMCME2_ADV_X1Y0      MMCME2_ADV (Prop_mmcme2_adv_CLKIN1_CLKOUT1)
                                                     -2.040    -1.018 r  datapath/video_inst/mmcm_adv_inst_display_clocks/inst/mmcm_adv_inst/CLKOUT1
                         net (fo=1, routed)           0.989    -0.029    datapath/video_inst/mmcm_adv_inst_display_clocks/inst/clk_out2_clk_wiz_0
    BUFGCTRL_X0Y0        BUFG (Prop_bufg_I_O)         0.029    -0.000 r  datapath/video_inst/mmcm_adv_inst_display_clocks/inst/clkout2_buf/O
                         net (fo=44, routed)          0.916     0.916    datapath/video_inst/inst_dvid/clk_out2
    SLICE_X160Y135       FDRE                                         r  datapath/video_inst/inst_dvid/shift_green_reg[0]/C
                         clock pessimism              0.080     0.996    
                         clock uncertainty            0.215     1.210    
    SLICE_X160Y135       FDRE (Hold_fdre_C_D)         0.091     1.301    datapath/video_inst/inst_dvid/shift_green_reg[0]
  -------------------------------------------------------------------
                         required time                         -1.301    
                         arrival time                           1.504    
  -------------------------------------------------------------------
                         slack                                  0.203    

Slack (MET) :             0.206ns  (arrival time - required time)
  Source:                 datapath/video_inst/inst_dvid/latched_blue_reg[1]/C
                            (rising edge-triggered cell FDRE clocked by clk_out1_clk_wiz_0  {rise@0.000ns fall@20.000ns period=40.000ns})
  Destination:            datapath/video_inst/inst_dvid/shift_blue_reg[3]/D
                            (rising edge-triggered cell FDRE clocked by clk_out2_clk_wiz_0  {rise@0.000ns fall@4.000ns period=8.000ns})
  Path Group:             clk_out2_clk_wiz_0
  Path Type:              Hold (Min at Fast Process Corner)
  Requirement:            0.000ns  (clk_out2_clk_wiz_0 rise@0.000ns - clk_out1_clk_wiz_0 rise@0.000ns)
  Data Path Delay:        0.880ns  (logic 0.184ns (20.901%)  route 0.696ns (79.099%))
  Logic Levels:           1  (LUT3=1)
  Clock Path Skew:        0.352ns (DCD - SCD - CPR)
    Destination Clock Delay (DCD):    0.916ns
    Source Clock Delay      (SCD):    0.644ns
    Clock Pessimism Removal (CPR):    -0.080ns
  Clock Uncertainty:      0.215ns  ((TSJ^2 + DJ^2)^1/2) / 2 + PE
    Total System Jitter     (TSJ):    0.071ns
    Discrete Jitter          (DJ):    0.175ns
    Phase Error              (PE):    0.120ns

    Location             Delay type                Incr(ns)  Path(ns)    Netlist Resource(s)
  -------------------------------------------------------------------    -------------------
                         (clock clk_out1_clk_wiz_0 rise edge)
                                                      0.000     0.000 r  
    BUFGCTRL_X0Y2        BUFG                         0.000     0.000 r  clk_IBUF_BUFG_inst/O
                         net (fo=297, routed)         0.745     0.745    datapath/video_inst/mmcm_adv_inst_display_clocks/inst/clk_in1
    MMCME2_ADV_X1Y0      MMCME2_ADV (Prop_mmcme2_adv_CLKIN1_CLKOUT0)
                                                     -1.683    -0.938 r  datapath/video_inst/mmcm_adv_inst_display_clocks/inst/mmcm_adv_inst/CLKOUT0
                         net (fo=1, routed)           0.912    -0.026    datapath/video_inst/mmcm_adv_inst_display_clocks/inst/clk_out1_clk_wiz_0
    BUFGCTRL_X0Y4        BUFG (Prop_bufg_I_O)         0.026    -0.000 r  datapath/video_inst/mmcm_adv_inst_display_clocks/inst/clkout1_buf/O
                         net (fo=63, routed)          0.644     0.644    datapath/video_inst/inst_dvid/CLK
    SLICE_X160Y134       FDRE                                         r  datapath/video_inst/inst_dvid/latched_blue_reg[1]/C
  -------------------------------------------------------------------    -------------------
    SLICE_X160Y134       FDRE (Prop_fdre_C_Q)         0.141     0.785 r  datapath/video_inst/inst_dvid/latched_blue_reg[1]/Q
                         net (fo=4, routed)           0.696     1.481    datapath/video_inst/inst_dvid/latched_blue[1]
    SLICE_X160Y136       LUT3 (Prop_lut3_I2_O)        0.043     1.524 r  datapath/video_inst/inst_dvid/shift_blue[3]_i_1/O
                         net (fo=1, routed)           0.000     1.524    datapath/video_inst/inst_dvid/shift_blue[3]
    SLICE_X160Y136       FDRE                                         r  datapath/video_inst/inst_dvid/shift_blue_reg[3]/D
  -------------------------------------------------------------------    -------------------

                         (clock clk_out2_clk_wiz_0 rise edge)
                                                      0.000     0.000 r  
    BUFGCTRL_X0Y2        BUFG                         0.000     0.000 r  clk_IBUF_BUFG_inst/O
                         net (fo=297, routed)         1.022     1.022    datapath/video_inst/mmcm_adv_inst_display_clocks/inst/clk_in1
    MMCME2_ADV_X1Y0      MMCME2_ADV (Prop_mmcme2_adv_CLKIN1_CLKOUT1)
                                                     -2.040    -1.018 r  datapath/video_inst/mmcm_adv_inst_display_clocks/inst/mmcm_adv_inst/CLKOUT1
                         net (fo=1, routed)           0.989    -0.029    datapath/video_inst/mmcm_adv_inst_display_clocks/inst/clk_out2_clk_wiz_0
    BUFGCTRL_X0Y0        BUFG (Prop_bufg_I_O)         0.029    -0.000 r  datapath/video_inst/mmcm_adv_inst_display_clocks/inst/clkout2_buf/O
                         net (fo=44, routed)          0.916     0.916    datapath/video_inst/inst_dvid/clk_out2
    SLICE_X160Y136       FDRE                                         r  datapath/video_inst/inst_dvid/shift_blue_reg[3]/C
                         clock pessimism              0.080     0.996    
                         clock uncertainty            0.215     1.210    
    SLICE_X160Y136       FDRE (Hold_fdre_C_D)         0.107     1.317    datapath/video_inst/inst_dvid/shift_blue_reg[3]
  -------------------------------------------------------------------
                         required time                         -1.317    
                         arrival time                           1.524    
  -------------------------------------------------------------------
                         slack                                  0.206    

Slack (MET) :             0.212ns  (arrival time - required time)
  Source:                 datapath/video_inst/inst_dvid/latched_green_reg[2]/C
                            (rising edge-triggered cell FDRE clocked by clk_out1_clk_wiz_0  {rise@0.000ns fall@20.000ns period=40.000ns})
  Destination:            datapath/video_inst/inst_dvid/shift_green_reg[4]/D
                            (rising edge-triggered cell FDRE clocked by clk_out2_clk_wiz_0  {rise@0.000ns fall@4.000ns period=8.000ns})
  Path Group:             clk_out2_clk_wiz_0
  Path Type:              Hold (Min at Fast Process Corner)
  Requirement:            0.000ns  (clk_out2_clk_wiz_0 rise@0.000ns - clk_out1_clk_wiz_0 rise@0.000ns)
  Data Path Delay:        0.887ns  (logic 0.209ns (23.570%)  route 0.678ns (76.430%))
  Logic Levels:           1  (LUT3=1)
  Clock Path Skew:        0.353ns (DCD - SCD - CPR)
    Destination Clock Delay (DCD):    0.916ns
    Source Clock Delay      (SCD):    0.643ns
    Clock Pessimism Removal (CPR):    -0.080ns
  Clock Uncertainty:      0.215ns  ((TSJ^2 + DJ^2)^1/2) / 2 + PE
    Total System Jitter     (TSJ):    0.071ns
    Discrete Jitter          (DJ):    0.175ns
    Phase Error              (PE):    0.120ns

    Location             Delay type                Incr(ns)  Path(ns)    Netlist Resource(s)
  -------------------------------------------------------------------    -------------------
                         (clock clk_out1_clk_wiz_0 rise edge)
                                                      0.000     0.000 r  
    BUFGCTRL_X0Y2        BUFG                         0.000     0.000 r  clk_IBUF_BUFG_inst/O
                         net (fo=297, routed)         0.745     0.745    datapath/video_inst/mmcm_adv_inst_display_clocks/inst/clk_in1
    MMCME2_ADV_X1Y0      MMCME2_ADV (Prop_mmcme2_adv_CLKIN1_CLKOUT0)
                                                     -1.683    -0.938 r  datapath/video_inst/mmcm_adv_inst_display_clocks/inst/mmcm_adv_inst/CLKOUT0
                         net (fo=1, routed)           0.912    -0.026    datapath/video_inst/mmcm_adv_inst_display_clocks/inst/clk_out1_clk_wiz_0
    BUFGCTRL_X0Y4        BUFG (Prop_bufg_I_O)         0.026    -0.000 r  datapath/video_inst/mmcm_adv_inst_display_clocks/inst/clkout1_buf/O
                         net (fo=63, routed)          0.643     0.643    datapath/video_inst/inst_dvid/CLK
    SLICE_X158Y135       FDRE                                         r  datapath/video_inst/inst_dvid/latched_green_reg[2]/C
  -------------------------------------------------------------------    -------------------
    SLICE_X158Y135       FDRE (Prop_fdre_C_Q)         0.164     0.807 r  datapath/video_inst/inst_dvid/latched_green_reg[2]/Q
                         net (fo=3, routed)           0.678     1.484    datapath/video_inst/inst_dvid/latched_green[2]
    SLICE_X160Y135       LUT3 (Prop_lut3_I2_O)        0.045     1.529 r  datapath/video_inst/inst_dvid/shift_green[4]_i_1/O
                         net (fo=1, routed)           0.000     1.529    datapath/video_inst/inst_dvid/shift_green[4]
    SLICE_X160Y135       FDRE                                         r  datapath/video_inst/inst_dvid/shift_green_reg[4]/D
  -------------------------------------------------------------------    -------------------

                         (clock clk_out2_clk_wiz_0 rise edge)
                                                      0.000     0.000 r  
    BUFGCTRL_X0Y2        BUFG                         0.000     0.000 r  clk_IBUF_BUFG_inst/O
                         net (fo=297, routed)         1.022     1.022    datapath/video_inst/mmcm_adv_inst_display_clocks/inst/clk_in1
    MMCME2_ADV_X1Y0      MMCME2_ADV (Prop_mmcme2_adv_CLKIN1_CLKOUT1)
                                                     -2.040    -1.018 r  datapath/video_inst/mmcm_adv_inst_display_clocks/inst/mmcm_adv_inst/CLKOUT1
                         net (fo=1, routed)           0.989    -0.029    datapath/video_inst/mmcm_adv_inst_display_clocks/inst/clk_out2_clk_wiz_0
    BUFGCTRL_X0Y0        BUFG (Prop_bufg_I_O)         0.029    -0.000 r  datapath/video_inst/mmcm_adv_inst_display_clocks/inst/clkout2_buf/O
                         net (fo=44, routed)          0.916     0.916    datapath/video_inst/inst_dvid/clk_out2
    SLICE_X160Y135       FDRE                                         r  datapath/video_inst/inst_dvid/shift_green_reg[4]/C
                         clock pessimism              0.080     0.996    
                         clock uncertainty            0.215     1.210    
    SLICE_X160Y135       FDRE (Hold_fdre_C_D)         0.107     1.317    datapath/video_inst/inst_dvid/shift_green_reg[4]
  -------------------------------------------------------------------
                         required time                         -1.317    
                         arrival time                           1.529    
  -------------------------------------------------------------------
                         slack                                  0.212    





--------------------------------------------------------------------------------------
Path Group:  (none)
From Clock:  
  To Clock:  

Max Delay           873 Endpoints
Min Delay           873 Endpoints
--------------------------------------------------------------------------------------


Max Delay Paths
--------------------------------------------------------------------------------------
Slack:                    inf
  Source:                 switch[2]
                            (input port)
  Destination:            datapath/rightChannelMemory/sdp_bl.ramb18_dp_bl.ram18_bl/ADDRBWRADDR[5]
  Path Group:             (none)
  Path Type:              Max at Slow Process Corner
  Data Path Delay:        11.296ns  (logic 1.222ns (10.817%)  route 10.074ns (89.183%))
  Logic Levels:           2  (IBUF=1 LUT2=1)

    Location             Delay type                Incr(ns)  Path(ns)    Netlist Resource(s)
  -------------------------------------------------------------------    -------------------
    G21                                               0.000     0.000 f  switch[2] (IN)
                         net (fo=0)                   0.000     0.000    switch[2]
    G21                  IBUF (Prop_ibuf_I_O)         1.069     1.069 f  switch_IBUF[2]_inst/O
                         net (fo=43, routed)          8.899     9.968    datapath/audio_counter/switch_IBUF[0]
    SLICE_X154Y118       LUT2 (Prop_lut2_I1_O)        0.153    10.121 r  datapath/audio_counter/sdp_bl.ramb18_dp_bl.ram18_bl_i_10__0/O
                         net (fo=2, routed)           1.175    11.296    datapath/rightChannelMemory/ADDRBWRADDR[1]
    RAMB18_X8Y47         RAMB18E1                                     r  datapath/rightChannelMemory/sdp_bl.ramb18_dp_bl.ram18_bl/ADDRBWRADDR[5]
  -------------------------------------------------------------------    -------------------

Slack:                    inf
  Source:                 switch[2]
                            (input port)
  Destination:            datapath/leftChannelMemory/sdp_bl.ramb18_dp_bl.ram18_bl/ADDRBWRADDR[10]
  Path Group:             (none)
  Path Type:              Max at Slow Process Corner
  Data Path Delay:        11.268ns  (logic 1.193ns (10.586%)  route 10.075ns (89.414%))
  Logic Levels:           2  (IBUF=1 LUT6=1)

    Location             Delay type                Incr(ns)  Path(ns)    Netlist Resource(s)
  -------------------------------------------------------------------    -------------------
    G21                                               0.000     0.000 f  switch[2] (IN)
                         net (fo=0)                   0.000     0.000    switch[2]
    G21                  IBUF (Prop_ibuf_I_O)         1.069     1.069 f  switch_IBUF[2]_inst/O
                         net (fo=43, routed)          9.241    10.310    datapath/audio_counter/switch_IBUF[0]
    SLICE_X154Y117       LUT6 (Prop_lut6_I5_O)        0.124    10.434 r  datapath/audio_counter/sdp_bl.ramb18_dp_bl.ram18_bl_i_5/O
                         net (fo=2, routed)           0.835    11.268    datapath/leftChannelMemory/ADDRBWRADDR[6]
    RAMB18_X8Y49         RAMB18E1                                     r  datapath/leftChannelMemory/sdp_bl.ramb18_dp_bl.ram18_bl/ADDRBWRADDR[10]
  -------------------------------------------------------------------    -------------------

Slack:                    inf
  Source:                 switch[2]
                            (input port)
  Destination:            datapath/leftChannelMemory/sdp_bl.ramb18_dp_bl.ram18_bl/ADDRBWRADDR[8]
  Path Group:             (none)
  Path Type:              Max at Slow Process Corner
  Data Path Delay:        11.099ns  (logic 1.219ns (10.982%)  route 9.880ns (89.018%))
  Logic Levels:           2  (IBUF=1 LUT4=1)

    Location             Delay type                Incr(ns)  Path(ns)    Netlist Resource(s)
  -------------------------------------------------------------------    -------------------
    G21                                               0.000     0.000 f  switch[2] (IN)
                         net (fo=0)                   0.000     0.000    switch[2]
    G21                  IBUF (Prop_ibuf_I_O)         1.069     1.069 f  switch_IBUF[2]_inst/O
                         net (fo=43, routed)          8.915     9.984    datapath/audio_counter/switch_IBUF[0]
    SLICE_X154Y117       LUT4 (Prop_lut4_I0_O)        0.150    10.134 r  datapath/audio_counter/sdp_bl.ramb18_dp_bl.ram18_bl_i_7/O
                         net (fo=2, routed)           0.965    11.099    datapath/leftChannelMemory/ADDRBWRADDR[4]
    RAMB18_X8Y49         RAMB18E1                                     r  datapath/leftChannelMemory/sdp_bl.ramb18_dp_bl.ram18_bl/ADDRBWRADDR[8]
  -------------------------------------------------------------------    -------------------

Slack:                    inf
  Source:                 switch[2]
                            (input port)
  Destination:            datapath/rightChannelMemory/sdp_bl.ramb18_dp_bl.ram18_bl/ADDRBWRADDR[4]
  Path Group:             (none)
  Path Type:              Max at Slow Process Corner
  Data Path Delay:        11.068ns  (logic 1.193ns (10.778%)  route 9.875ns (89.222%))
  Logic Levels:           2  (IBUF=1 LUT2=1)

    Location             Delay type                Incr(ns)  Path(ns)    Netlist Resource(s)
  -------------------------------------------------------------------    -------------------
    G21                                               0.000     0.000 f  switch[2] (IN)
                         net (fo=0)                   0.000     0.000    switch[2]
    G21                  IBUF (Prop_ibuf_I_O)         1.069     1.069 f  switch_IBUF[2]_inst/O
                         net (fo=43, routed)          8.562     9.631    datapath/audio_counter/switch_IBUF[0]
    SLICE_X154Y119       LUT2 (Prop_lut2_I1_O)        0.124     9.755 r  datapath/audio_counter/sdp_bl.ramb18_dp_bl.ram18_bl_i_11__0/O
                         net (fo=2, routed)           1.313    11.068    datapath/rightChannelMemory/ADDRBWRADDR[0]
    RAMB18_X8Y47         RAMB18E1                                     r  datapath/rightChannelMemory/sdp_bl.ramb18_dp_bl.ram18_bl/ADDRBWRADDR[4]
  -------------------------------------------------------------------    -------------------

Slack:                    inf
  Source:                 switch[2]
                            (input port)
  Destination:            datapath/leftChannelMemory/sdp_bl.ramb18_dp_bl.ram18_bl/ADDRBWRADDR[9]
  Path Group:             (none)
  Path Type:              Max at Slow Process Corner
  Data Path Delay:        11.064ns  (logic 1.217ns (10.998%)  route 9.847ns (89.002%))
  Logic Levels:           2  (IBUF=1 LUT5=1)

    Location             Delay type                Incr(ns)  Path(ns)    Netlist Resource(s)
  -------------------------------------------------------------------    -------------------
    G21                                               0.000     0.000 f  switch[2] (IN)
                         net (fo=0)                   0.000     0.000    switch[2]
    G21                  IBUF (Prop_ibuf_I_O)         1.069     1.069 f  switch_IBUF[2]_inst/O
                         net (fo=43, routed)          8.917     9.986    datapath/audio_counter/switch_IBUF[0]
    SLICE_X154Y117       LUT5 (Prop_lut5_I4_O)        0.148    10.134 r  datapath/audio_counter/sdp_bl.ramb18_dp_bl.ram18_bl_i_6/O
                         net (fo=2, routed)           0.930    11.064    datapath/leftChannelMemory/ADDRBWRADDR[5]
    RAMB18_X8Y49         RAMB18E1                                     r  datapath/leftChannelMemory/sdp_bl.ramb18_dp_bl.ram18_bl/ADDRBWRADDR[9]
  -------------------------------------------------------------------    -------------------

Slack:                    inf
  Source:                 switch[2]
                            (input port)
  Destination:            datapath/leftChannelMemory/sdp_bl.ramb18_dp_bl.ram18_bl/ADDRBWRADDR[11]
  Path Group:             (none)
  Path Type:              Max at Slow Process Corner
  Data Path Delay:        11.056ns  (logic 1.193ns (10.790%)  route 9.863ns (89.210%))
  Logic Levels:           2  (IBUF=1 LUT6=1)

    Location             Delay type                Incr(ns)  Path(ns)    Netlist Resource(s)
  -------------------------------------------------------------------    -------------------
    G21                                               0.000     0.000 f  switch[2] (IN)
                         net (fo=0)                   0.000     0.000    switch[2]
    G21                  IBUF (Prop_ibuf_I_O)         1.069     1.069 f  switch_IBUF[2]_inst/O
                         net (fo=43, routed)          8.791     9.860    datapath/audio_counter/switch_IBUF[0]
    SLICE_X152Y117       LUT6 (Prop_lut6_I5_O)        0.124     9.984 r  datapath/audio_counter/sdp_bl.ramb18_dp_bl.ram18_bl_i_4/O
                         net (fo=2, routed)           1.072    11.056    datapath/leftChannelMemory/ADDRBWRADDR[7]
    RAMB18_X8Y49         RAMB18E1                                     r  datapath/leftChannelMemory/sdp_bl.ramb18_dp_bl.ram18_bl/ADDRBWRADDR[11]
  -------------------------------------------------------------------    -------------------

Slack:                    inf
  Source:                 switch[2]
                            (input port)
  Destination:            datapath/rightChannelMemory/sdp_bl.ramb18_dp_bl.ram18_bl/ADDRBWRADDR[10]
  Path Group:             (none)
  Path Type:              Max at Slow Process Corner
  Data Path Delay:        11.020ns  (logic 1.193ns (10.825%)  route 9.827ns (89.175%))
  Logic Levels:           2  (IBUF=1 LUT6=1)

    Location             Delay type                Incr(ns)  Path(ns)    Netlist Resource(s)
  -------------------------------------------------------------------    -------------------
    G21                                               0.000     0.000 f  switch[2] (IN)
                         net (fo=0)                   0.000     0.000    switch[2]
    G21                  IBUF (Prop_ibuf_I_O)         1.069     1.069 f  switch_IBUF[2]_inst/O
                         net (fo=43, routed)          9.241    10.310    datapath/audio_counter/switch_IBUF[0]
    SLICE_X154Y117       LUT6 (Prop_lut6_I5_O)        0.124    10.434 r  datapath/audio_counter/sdp_bl.ramb18_dp_bl.ram18_bl_i_5/O
                         net (fo=2, routed)           0.586    11.020    datapath/rightChannelMemory/ADDRBWRADDR[6]
    RAMB18_X8Y47         RAMB18E1                                     r  datapath/rightChannelMemory/sdp_bl.ramb18_dp_bl.ram18_bl/ADDRBWRADDR[10]
  -------------------------------------------------------------------    -------------------

Slack:                    inf
  Source:                 switch[2]
                            (input port)
  Destination:            datapath/leftChannelMemory/sdp_bl.ramb18_dp_bl.ram18_bl/ADDRBWRADDR[5]
  Path Group:             (none)
  Path Type:              Max at Slow Process Corner
  Data Path Delay:        10.958ns  (logic 1.222ns (11.151%)  route 9.736ns (88.849%))
  Logic Levels:           2  (IBUF=1 LUT2=1)

    Location             Delay type                Incr(ns)  Path(ns)    Netlist Resource(s)
  -------------------------------------------------------------------    -------------------
    G21                                               0.000     0.000 f  switch[2] (IN)
                         net (fo=0)                   0.000     0.000    switch[2]
    G21                  IBUF (Prop_ibuf_I_O)         1.069     1.069 f  switch_IBUF[2]_inst/O
                         net (fo=43, routed)          8.899     9.968    datapath/audio_counter/switch_IBUF[0]
    SLICE_X154Y118       LUT2 (Prop_lut2_I1_O)        0.153    10.121 r  datapath/audio_counter/sdp_bl.ramb18_dp_bl.ram18_bl_i_10__0/O
                         net (fo=2, routed)           0.837    10.958    datapath/leftChannelMemory/ADDRBWRADDR[1]
    RAMB18_X8Y49         RAMB18E1                                     r  datapath/leftChannelMemory/sdp_bl.ramb18_dp_bl.ram18_bl/ADDRBWRADDR[5]
  -------------------------------------------------------------------    -------------------

Slack:                    inf
  Source:                 switch[2]
                            (input port)
  Destination:            datapath/leftChannelMemory/sdp_bl.ramb18_dp_bl.ram18_bl/ADDRBWRADDR[6]
  Path Group:             (none)
  Path Type:              Max at Slow Process Corner
  Data Path Delay:        10.890ns  (logic 1.193ns (10.954%)  route 9.697ns (89.046%))
  Logic Levels:           2  (IBUF=1 LUT2=1)

    Location             Delay type                Incr(ns)  Path(ns)    Netlist Resource(s)
  -------------------------------------------------------------------    -------------------
    G21                                               0.000     0.000 f  switch[2] (IN)
                         net (fo=0)                   0.000     0.000    switch[2]
    G21                  IBUF (Prop_ibuf_I_O)         1.069     1.069 f  switch_IBUF[2]_inst/O
                         net (fo=43, routed)          8.915     9.984    datapath/audio_counter/switch_IBUF[0]
    SLICE_X154Y117       LUT2 (Prop_lut2_I0_O)        0.124    10.108 r  datapath/audio_counter/sdp_bl.ramb18_dp_bl.ram18_bl_i_9__0/O
                         net (fo=2, routed)           0.782    10.890    datapath/leftChannelMemory/ADDRBWRADDR[2]
    RAMB18_X8Y49         RAMB18E1                                     r  datapath/leftChannelMemory/sdp_bl.ramb18_dp_bl.ram18_bl/ADDRBWRADDR[6]
  -------------------------------------------------------------------    -------------------

Slack:                    inf
  Source:                 switch[2]
                            (input port)
  Destination:            datapath/leftChannelMemory/sdp_bl.ramb18_dp_bl.ram18_bl/ADDRBWRADDR[7]
  Path Group:             (none)
  Path Type:              Max at Slow Process Corner
  Data Path Delay:        10.833ns  (logic 1.193ns (11.012%)  route 9.640ns (88.988%))
  Logic Levels:           2  (IBUF=1 LUT3=1)

    Location             Delay type                Incr(ns)  Path(ns)    Netlist Resource(s)
  -------------------------------------------------------------------    -------------------
    G21                                               0.000     0.000 f  switch[2] (IN)
                         net (fo=0)                   0.000     0.000    switch[2]
    G21                  IBUF (Prop_ibuf_I_O)         1.069     1.069 f  switch_IBUF[2]_inst/O
                         net (fo=43, routed)          8.713     9.782    datapath/audio_counter/switch_IBUF[0]
    SLICE_X154Y119       LUT3 (Prop_lut3_I2_O)        0.124     9.906 r  datapath/audio_counter/sdp_bl.ramb18_dp_bl.ram18_bl_i_8/O
                         net (fo=2, routed)           0.927    10.833    datapath/leftChannelMemory/ADDRBWRADDR[3]
    RAMB18_X8Y49         RAMB18E1                                     r  datapath/leftChannelMemory/sdp_bl.ramb18_dp_bl.ram18_bl/ADDRBWRADDR[7]
  -------------------------------------------------------------------    -------------------





Min Delay Paths
--------------------------------------------------------------------------------------
Slack:                    inf
  Source:                 datapath/Audio_Codec/audio_inout/Data_Out_int_reg[29]/C
                            (rising edge-triggered cell FDRE)
  Destination:            datapath/Audio_Codec/audio_inout/Data_Out_int_reg[30]/D
  Path Group:             (none)
  Path Type:              Min at Fast Process Corner
  Data Path Delay:        0.240ns  (logic 0.186ns (77.466%)  route 0.054ns (22.534%))
  Logic Levels:           2  (FDRE=1 LUT6=1)

    Location             Delay type                Incr(ns)  Path(ns)    Netlist Resource(s)
  -------------------------------------------------------------------    -------------------
    SLICE_X155Y124       FDRE                         0.000     0.000 r  datapath/Audio_Codec/audio_inout/Data_Out_int_reg[29]/C
    SLICE_X155Y124       FDRE (Prop_fdre_C_Q)         0.141     0.141 r  datapath/Audio_Codec/audio_inout/Data_Out_int_reg[29]/Q
                         net (fo=1, routed)           0.054     0.195    datapath/Audio_Codec/audio_inout/Data_Out_int_reg_n_0_[29]
    SLICE_X154Y124       LUT6 (Prop_lut6_I3_O)        0.045     0.240 r  datapath/Audio_Codec/audio_inout/Data_Out_int[30]_i_1/O
                         net (fo=1, routed)           0.000     0.240    datapath/Audio_Codec/audio_inout/Data_Out_int[30]_i_1_n_0
    SLICE_X154Y124       FDRE                                         r  datapath/Audio_Codec/audio_inout/Data_Out_int_reg[30]/D
  -------------------------------------------------------------------    -------------------

Slack:                    inf
  Source:                 datapath/Audio_Codec/audio_inout/Data_Out_int_reg[20]/C
                            (rising edge-triggered cell FDRE)
  Destination:            datapath/Audio_Codec/audio_inout/Data_Out_int_reg[21]/D
  Path Group:             (none)
  Path Type:              Min at Fast Process Corner
  Data Path Delay:        0.242ns  (logic 0.186ns (76.827%)  route 0.056ns (23.173%))
  Logic Levels:           2  (FDRE=1 LUT6=1)

    Location             Delay type                Incr(ns)  Path(ns)    Netlist Resource(s)
  -------------------------------------------------------------------    -------------------
    SLICE_X153Y122       FDRE                         0.000     0.000 r  datapath/Audio_Codec/audio_inout/Data_Out_int_reg[20]/C
    SLICE_X153Y122       FDRE (Prop_fdre_C_Q)         0.141     0.141 r  datapath/Audio_Codec/audio_inout/Data_Out_int_reg[20]/Q
                         net (fo=1, routed)           0.056     0.197    datapath/Audio_Codec/audio_inout/Data_Out_int_reg_n_0_[20]
    SLICE_X152Y122       LUT6 (Prop_lut6_I3_O)        0.045     0.242 r  datapath/Audio_Codec/audio_inout/Data_Out_int[21]_i_1/O
                         net (fo=1, routed)           0.000     0.242    datapath/Audio_Codec/audio_inout/Data_Out_int[21]_i_1_n_0
    SLICE_X152Y122       FDRE                                         r  datapath/Audio_Codec/audio_inout/Data_Out_int_reg[21]/D
  -------------------------------------------------------------------    -------------------

Slack:                    inf
  Source:                 datapath/Audio_Codec/audio_inout/Data_In_int_reg[27]/C
                            (rising edge-triggered cell FDRE)
  Destination:            datapath/Audio_Codec/audio_inout/D_R_O_int_reg[19]/D
  Path Group:             (none)
  Path Type:              Min at Fast Process Corner
  Data Path Delay:        0.259ns  (logic 0.128ns (49.426%)  route 0.131ns (50.574%))
  Logic Levels:           1  (FDRE=1)

    Location             Delay type                Incr(ns)  Path(ns)    Netlist Resource(s)
  -------------------------------------------------------------------    -------------------
    SLICE_X153Y120       FDRE                         0.000     0.000 r  datapath/Audio_Codec/audio_inout/Data_In_int_reg[27]/C
    SLICE_X153Y120       FDRE (Prop_fdre_C_Q)         0.128     0.128 r  datapath/Audio_Codec/audio_inout/Data_In_int_reg[27]/Q
                         net (fo=3, routed)           0.131     0.259    datapath/Audio_Codec/audio_inout/Data_In_int[27]
    SLICE_X155Y120       FDRE                                         r  datapath/Audio_Codec/audio_inout/D_R_O_int_reg[19]/D
  -------------------------------------------------------------------    -------------------

Slack:                    inf
  Source:                 datapath/Audio_Codec/audio_inout/Data_In_int_reg[17]/C
                            (rising edge-triggered cell FDRE)
  Destination:            datapath/Audio_Codec/audio_inout/Data_In_int_reg[18]/D
  Path Group:             (none)
  Path Type:              Min at Fast Process Corner
  Data Path Delay:        0.265ns  (logic 0.141ns (53.167%)  route 0.124ns (46.833%))
  Logic Levels:           1  (FDRE=1)

    Location             Delay type                Incr(ns)  Path(ns)    Netlist Resource(s)
  -------------------------------------------------------------------    -------------------
    SLICE_X153Y120       FDRE                         0.000     0.000 r  datapath/Audio_Codec/audio_inout/Data_In_int_reg[17]/C
    SLICE_X153Y120       FDRE (Prop_fdre_C_Q)         0.141     0.141 r  datapath/Audio_Codec/audio_inout/Data_In_int_reg[17]/Q
                         net (fo=3, routed)           0.124     0.265    datapath/Audio_Codec/audio_inout/Data_In_int[17]
    SLICE_X152Y121       FDRE                                         r  datapath/Audio_Codec/audio_inout/Data_In_int_reg[18]/D
  -------------------------------------------------------------------    -------------------

Slack:                    inf
  Source:                 datapath/Audio_Codec/audio_inout/Data_In_int_reg[19]/C
                            (rising edge-triggered cell FDRE)
  Destination:            datapath/Audio_Codec/audio_inout/D_R_O_int_reg[11]/D
  Path Group:             (none)
  Path Type:              Min at Fast Process Corner
  Data Path Delay:        0.266ns  (logic 0.141ns (52.977%)  route 0.125ns (47.023%))
  Logic Levels:           1  (FDRE=1)

    Location             Delay type                Incr(ns)  Path(ns)    Netlist Resource(s)
  -------------------------------------------------------------------    -------------------
    SLICE_X153Y120       FDRE                         0.000     0.000 r  datapath/Audio_Codec/audio_inout/Data_In_int_reg[19]/C
    SLICE_X153Y120       FDRE (Prop_fdre_C_Q)         0.141     0.141 r  datapath/Audio_Codec/audio_inout/Data_In_int_reg[19]/Q
                         net (fo=3, routed)           0.125     0.266    datapath/Audio_Codec/audio_inout/Data_In_int[19]
    SLICE_X155Y120       FDRE                                         r  datapath/Audio_Codec/audio_inout/D_R_O_int_reg[11]/D
  -------------------------------------------------------------------    -------------------

Slack:                    inf
  Source:                 datapath/Audio_Codec/audio_inout/Data_In_int_reg[21]/C
                            (rising edge-triggered cell FDRE)
  Destination:            datapath/Audio_Codec/audio_inout/Data_In_int_reg[22]/D
  Path Group:             (none)
  Path Type:              Min at Fast Process Corner
  Data Path Delay:        0.269ns  (logic 0.141ns (52.411%)  route 0.128ns (47.589%))
  Logic Levels:           1  (FDRE=1)

    Location             Delay type                Incr(ns)  Path(ns)    Netlist Resource(s)
  -------------------------------------------------------------------    -------------------
    SLICE_X153Y120       FDRE                         0.000     0.000 r  datapath/Audio_Codec/audio_inout/Data_In_int_reg[21]/C
    SLICE_X153Y120       FDRE (Prop_fdre_C_Q)         0.141     0.141 r  datapath/Audio_Codec/audio_inout/Data_In_int_reg[21]/Q
                         net (fo=3, routed)           0.128     0.269    datapath/Audio_Codec/audio_inout/Data_In_int[21]
    SLICE_X152Y121       FDRE                                         r  datapath/Audio_Codec/audio_inout/Data_In_int_reg[22]/D
  -------------------------------------------------------------------    -------------------

Slack:                    inf
  Source:                 datapath/Audio_Codec/audio_inout/Data_In_int_reg[4]/C
                            (rising edge-triggered cell FDRE)
  Destination:            datapath/Audio_Codec/audio_inout/Data_In_int_reg[5]/D
  Path Group:             (none)
  Path Type:              Min at Fast Process Corner
  Data Path Delay:        0.274ns  (logic 0.164ns (59.853%)  route 0.110ns (40.147%))
  Logic Levels:           1  (FDRE=1)

    Location             Delay type                Incr(ns)  Path(ns)    Netlist Resource(s)
  -------------------------------------------------------------------    -------------------
    SLICE_X148Y122       FDRE                         0.000     0.000 r  datapath/Audio_Codec/audio_inout/Data_In_int_reg[4]/C
    SLICE_X148Y122       FDRE (Prop_fdre_C_Q)         0.164     0.164 r  datapath/Audio_Codec/audio_inout/Data_In_int_reg[4]/Q
                         net (fo=1, routed)           0.110     0.274    datapath/Audio_Codec/audio_inout/Data_In_int[4]
    SLICE_X148Y121       FDRE                                         r  datapath/Audio_Codec/audio_inout/Data_In_int_reg[5]/D
  -------------------------------------------------------------------    -------------------

Slack:                    inf
  Source:                 datapath/Audio_Codec/audio_inout/Data_In_int_reg[8]/C
                            (rising edge-triggered cell FDRE)
  Destination:            datapath/Audio_Codec/audio_inout/Data_In_int_reg[9]/D
  Path Group:             (none)
  Path Type:              Min at Fast Process Corner
  Data Path Delay:        0.274ns  (logic 0.164ns (59.853%)  route 0.110ns (40.147%))
  Logic Levels:           1  (FDRE=1)

    Location             Delay type                Incr(ns)  Path(ns)    Netlist Resource(s)
  -------------------------------------------------------------------    -------------------
    SLICE_X148Y122       FDRE                         0.000     0.000 r  datapath/Audio_Codec/audio_inout/Data_In_int_reg[8]/C
    SLICE_X148Y122       FDRE (Prop_fdre_C_Q)         0.164     0.164 r  datapath/Audio_Codec/audio_inout/Data_In_int_reg[8]/Q
                         net (fo=1, routed)           0.110     0.274    datapath/Audio_Codec/audio_inout/Data_In_int[8]
    SLICE_X148Y121       FDRE                                         r  datapath/Audio_Codec/audio_inout/Data_In_int_reg[9]/D
  -------------------------------------------------------------------    -------------------

Slack:                    inf
  Source:                 datapath/Audio_Codec/audio_inout/Data_In_int_reg[26]/C
                            (rising edge-triggered cell FDRE)
  Destination:            datapath/Audio_Codec/audio_inout/D_L_O_int_reg[18]/D
  Path Group:             (none)
  Path Type:              Min at Fast Process Corner
  Data Path Delay:        0.275ns  (logic 0.128ns (46.629%)  route 0.147ns (53.371%))
  Logic Levels:           1  (FDRE=1)

    Location             Delay type                Incr(ns)  Path(ns)    Netlist Resource(s)
  -------------------------------------------------------------------    -------------------
    SLICE_X153Y120       FDRE                         0.000     0.000 r  datapath/Audio_Codec/audio_inout/Data_In_int_reg[26]/C
    SLICE_X153Y120       FDRE (Prop_fdre_C_Q)         0.128     0.128 r  datapath/Audio_Codec/audio_inout/Data_In_int_reg[26]/Q
                         net (fo=3, routed)           0.147     0.275    datapath/Audio_Codec/audio_inout/Data_In_int[26]
    SLICE_X152Y120       FDRE                                         r  datapath/Audio_Codec/audio_inout/D_L_O_int_reg[18]/D
  -------------------------------------------------------------------    -------------------

Slack:                    inf
  Source:                 datapath/Audio_Codec/audio_inout/Data_In_int_reg[26]/C
                            (rising edge-triggered cell FDRE)
  Destination:            datapath/Audio_Codec/audio_inout/Data_In_int_reg[27]/D
  Path Group:             (none)
  Path Type:              Min at Fast Process Corner
  Data Path Delay:        0.275ns  (logic 0.128ns (46.629%)  route 0.147ns (53.371%))
  Logic Levels:           1  (FDRE=1)

    Location             Delay type                Incr(ns)  Path(ns)    Netlist Resource(s)
  -------------------------------------------------------------------    -------------------
    SLICE_X153Y120       FDRE                         0.000     0.000 r  datapath/Audio_Codec/audio_inout/Data_In_int_reg[26]/C
    SLICE_X153Y120       FDRE (Prop_fdre_C_Q)         0.128     0.128 r  datapath/Audio_Codec/audio_inout/Data_In_int_reg[26]/Q
                         net (fo=3, routed)           0.147     0.275    datapath/Audio_Codec/audio_inout/Data_In_int[26]
    SLICE_X153Y120       FDRE                                         r  datapath/Audio_Codec/audio_inout/Data_In_int_reg[27]/D
  -------------------------------------------------------------------    -------------------





--------------------------------------------------------------------------------------
Path Group:  (none)
From Clock:  clk_out1_clk_wiz_0
  To Clock:  

Max Delay            20 Endpoints
Min Delay            20 Endpoints
--------------------------------------------------------------------------------------


Max Delay Paths
--------------------------------------------------------------------------------------
Slack:                    inf
  Source:                 datapath/video_inst/Inst_vga/sig_gen/horizontal_counter/processQ_reg[9]/C
                            (rising edge-triggered cell FDRE clocked by clk_out1_clk_wiz_0  {rise@0.000ns fall@20.000ns period=40.000ns})
  Destination:            datapath/rightChannelMemory/sdp_bl.ramb18_dp_bl.ram18_bl/ADDRARDADDR[13]
  Path Group:             (none)
  Path Type:              Max at Slow Process Corner
  Data Path Delay:        3.196ns  (logic 0.419ns (13.112%)  route 2.777ns (86.888%))
  Logic Levels:           0  
  Clock Uncertainty:      0.190ns  ((TSJ^2 + DJ^2)^1/2) / 2 + PE
    Total System Jitter     (TSJ):    0.050ns
    Discrete Jitter          (DJ):    0.175ns
    Phase Error              (PE):    0.099ns

    Location             Delay type                Incr(ns)  Path(ns)    Netlist Resource(s)
  -------------------------------------------------------------------    -------------------
                         (clock clk_out1_clk_wiz_0 rise edge)
                                                      0.000     0.000 r  
    BUFGCTRL_X0Y2        BUFG                         0.000     0.000 r  clk_IBUF_BUFG_inst/O
                         net (fo=297, routed)         2.106     2.106    datapath/video_inst/mmcm_adv_inst_display_clocks/inst/clk_in1
    MMCME2_ADV_X1Y0      MMCME2_ADV (Prop_mmcme2_adv_CLKIN1_CLKOUT0)
                                                     -4.900    -2.793 r  datapath/video_inst/mmcm_adv_inst_display_clocks/inst/mmcm_adv_inst/CLKOUT0
                         net (fo=1, routed)           2.697    -0.096    datapath/video_inst/mmcm_adv_inst_display_clocks/inst/clk_out1_clk_wiz_0
    BUFGCTRL_X0Y4        BUFG (Prop_bufg_I_O)         0.096    -0.000 r  datapath/video_inst/mmcm_adv_inst_display_clocks/inst/clkout1_buf/O
                         net (fo=63, routed)          1.747     1.747    datapath/video_inst/Inst_vga/sig_gen/horizontal_counter/CLK
    SLICE_X151Y132       FDRE                                         r  datapath/video_inst/Inst_vga/sig_gen/horizontal_counter/processQ_reg[9]/C
  -------------------------------------------------------------------    -------------------
    SLICE_X151Y132       FDRE (Prop_fdre_C_Q)         0.419     2.166 r  datapath/video_inst/Inst_vga/sig_gen/horizontal_counter/processQ_reg[9]/Q
                         net (fo=23, routed)          2.777     4.943    datapath/rightChannelMemory/Q[9]
    RAMB18_X8Y47         RAMB18E1                                     r  datapath/rightChannelMemory/sdp_bl.ramb18_dp_bl.ram18_bl/ADDRARDADDR[13]
  -------------------------------------------------------------------    -------------------

Slack:                    inf
  Source:                 datapath/video_inst/Inst_vga/sig_gen/horizontal_counter/processQ_reg[9]/C
                            (rising edge-triggered cell FDRE clocked by clk_out1_clk_wiz_0  {rise@0.000ns fall@20.000ns period=40.000ns})
  Destination:            datapath/leftChannelMemory/sdp_bl.ramb18_dp_bl.ram18_bl/ADDRARDADDR[13]
  Path Group:             (none)
  Path Type:              Max at Slow Process Corner
  Data Path Delay:        2.858ns  (logic 0.419ns (14.663%)  route 2.439ns (85.337%))
  Logic Levels:           0  
  Clock Uncertainty:      0.190ns  ((TSJ^2 + DJ^2)^1/2) / 2 + PE
    Total System Jitter     (TSJ):    0.050ns
    Discrete Jitter          (DJ):    0.175ns
    Phase Error              (PE):    0.099ns

    Location             Delay type                Incr(ns)  Path(ns)    Netlist Resource(s)
  -------------------------------------------------------------------    -------------------
                         (clock clk_out1_clk_wiz_0 rise edge)
                                                      0.000     0.000 r  
    BUFGCTRL_X0Y2        BUFG                         0.000     0.000 r  clk_IBUF_BUFG_inst/O
                         net (fo=297, routed)         2.106     2.106    datapath/video_inst/mmcm_adv_inst_display_clocks/inst/clk_in1
    MMCME2_ADV_X1Y0      MMCME2_ADV (Prop_mmcme2_adv_CLKIN1_CLKOUT0)
                                                     -4.900    -2.793 r  datapath/video_inst/mmcm_adv_inst_display_clocks/inst/mmcm_adv_inst/CLKOUT0
                         net (fo=1, routed)           2.697    -0.096    datapath/video_inst/mmcm_adv_inst_display_clocks/inst/clk_out1_clk_wiz_0
    BUFGCTRL_X0Y4        BUFG (Prop_bufg_I_O)         0.096    -0.000 r  datapath/video_inst/mmcm_adv_inst_display_clocks/inst/clkout1_buf/O
                         net (fo=63, routed)          1.747     1.747    datapath/video_inst/Inst_vga/sig_gen/horizontal_counter/CLK
    SLICE_X151Y132       FDRE                                         r  datapath/video_inst/Inst_vga/sig_gen/horizontal_counter/processQ_reg[9]/C
  -------------------------------------------------------------------    -------------------
    SLICE_X151Y132       FDRE (Prop_fdre_C_Q)         0.419     2.166 r  datapath/video_inst/Inst_vga/sig_gen/horizontal_counter/processQ_reg[9]/Q
                         net (fo=23, routed)          2.439     4.605    datapath/leftChannelMemory/Q[9]
    RAMB18_X8Y49         RAMB18E1                                     r  datapath/leftChannelMemory/sdp_bl.ramb18_dp_bl.ram18_bl/ADDRARDADDR[13]
  -------------------------------------------------------------------    -------------------

Slack:                    inf
  Source:                 datapath/video_inst/Inst_vga/sig_gen/horizontal_counter/processQ_reg[3]/C
                            (rising edge-triggered cell FDRE clocked by clk_out1_clk_wiz_0  {rise@0.000ns fall@20.000ns period=40.000ns})
  Destination:            datapath/rightChannelMemory/sdp_bl.ramb18_dp_bl.ram18_bl/ADDRARDADDR[7]
  Path Group:             (none)
  Path Type:              Max at Slow Process Corner
  Data Path Delay:        2.608ns  (logic 0.518ns (19.858%)  route 2.090ns (80.142%))
  Logic Levels:           0  
  Clock Uncertainty:      0.190ns  ((TSJ^2 + DJ^2)^1/2) / 2 + PE
    Total System Jitter     (TSJ):    0.050ns
    Discrete Jitter          (DJ):    0.175ns
    Phase Error              (PE):    0.099ns

    Location             Delay type                Incr(ns)  Path(ns)    Netlist Resource(s)
  -------------------------------------------------------------------    -------------------
                         (clock clk_out1_clk_wiz_0 rise edge)
                                                      0.000     0.000 r  
    BUFGCTRL_X0Y2        BUFG                         0.000     0.000 r  clk_IBUF_BUFG_inst/O
                         net (fo=297, routed)         2.106     2.106    datapath/video_inst/mmcm_adv_inst_display_clocks/inst/clk_in1
    MMCME2_ADV_X1Y0      MMCME2_ADV (Prop_mmcme2_adv_CLKIN1_CLKOUT0)
                                                     -4.900    -2.793 r  datapath/video_inst/mmcm_adv_inst_display_clocks/inst/mmcm_adv_inst/CLKOUT0
                         net (fo=1, routed)           2.697    -0.096    datapath/video_inst/mmcm_adv_inst_display_clocks/inst/clk_out1_clk_wiz_0
    BUFGCTRL_X0Y4        BUFG (Prop_bufg_I_O)         0.096    -0.000 r  datapath/video_inst/mmcm_adv_inst_display_clocks/inst/clkout1_buf/O
                         net (fo=63, routed)          1.747     1.747    datapath/video_inst/Inst_vga/sig_gen/horizontal_counter/CLK
    SLICE_X152Y132       FDRE                                         r  datapath/video_inst/Inst_vga/sig_gen/horizontal_counter/processQ_reg[3]/C
  -------------------------------------------------------------------    -------------------
    SLICE_X152Y132       FDRE (Prop_fdre_C_Q)         0.518     2.265 r  datapath/video_inst/Inst_vga/sig_gen/horizontal_counter/processQ_reg[3]/Q
                         net (fo=57, routed)          2.090     4.356    datapath/rightChannelMemory/Q[3]
    RAMB18_X8Y47         RAMB18E1                                     r  datapath/rightChannelMemory/sdp_bl.ramb18_dp_bl.ram18_bl/ADDRARDADDR[7]
  -------------------------------------------------------------------    -------------------

Slack:                    inf
  Source:                 datapath/video_inst/Inst_vga/sig_gen/horizontal_counter/processQ_reg[6]/C
                            (rising edge-triggered cell FDRE clocked by clk_out1_clk_wiz_0  {rise@0.000ns fall@20.000ns period=40.000ns})
  Destination:            datapath/rightChannelMemory/sdp_bl.ramb18_dp_bl.ram18_bl/ADDRARDADDR[10]
  Path Group:             (none)
  Path Type:              Max at Slow Process Corner
  Data Path Delay:        2.517ns  (logic 0.456ns (18.118%)  route 2.061ns (81.882%))
  Logic Levels:           0  
  Clock Uncertainty:      0.190ns  ((TSJ^2 + DJ^2)^1/2) / 2 + PE
    Total System Jitter     (TSJ):    0.050ns
    Discrete Jitter          (DJ):    0.175ns
    Phase Error              (PE):    0.099ns

    Location             Delay type                Incr(ns)  Path(ns)    Netlist Resource(s)
  -------------------------------------------------------------------    -------------------
                         (clock clk_out1_clk_wiz_0 rise edge)
                                                      0.000     0.000 r  
    BUFGCTRL_X0Y2        BUFG                         0.000     0.000 r  clk_IBUF_BUFG_inst/O
                         net (fo=297, routed)         2.106     2.106    datapath/video_inst/mmcm_adv_inst_display_clocks/inst/clk_in1
    MMCME2_ADV_X1Y0      MMCME2_ADV (Prop_mmcme2_adv_CLKIN1_CLKOUT0)
                                                     -4.900    -2.793 r  datapath/video_inst/mmcm_adv_inst_display_clocks/inst/mmcm_adv_inst/CLKOUT0
                         net (fo=1, routed)           2.697    -0.096    datapath/video_inst/mmcm_adv_inst_display_clocks/inst/clk_out1_clk_wiz_0
    BUFGCTRL_X0Y4        BUFG (Prop_bufg_I_O)         0.096    -0.000 r  datapath/video_inst/mmcm_adv_inst_display_clocks/inst/clkout1_buf/O
                         net (fo=63, routed)          1.745     1.745    datapath/video_inst/Inst_vga/sig_gen/horizontal_counter/CLK
    SLICE_X153Y131       FDRE                                         r  datapath/video_inst/Inst_vga/sig_gen/horizontal_counter/processQ_reg[6]/C
  -------------------------------------------------------------------    -------------------
    SLICE_X153Y131       FDRE (Prop_fdre_C_Q)         0.456     2.201 r  datapath/video_inst/Inst_vga/sig_gen/horizontal_counter/processQ_reg[6]/Q
                         net (fo=30, routed)          2.061     4.262    datapath/rightChannelMemory/Q[6]
    RAMB18_X8Y47         RAMB18E1                                     r  datapath/rightChannelMemory/sdp_bl.ramb18_dp_bl.ram18_bl/ADDRARDADDR[10]
  -------------------------------------------------------------------    -------------------

Slack:                    inf
  Source:                 datapath/video_inst/Inst_vga/sig_gen/horizontal_counter/processQ_reg[7]/C
                            (rising edge-triggered cell FDRE clocked by clk_out1_clk_wiz_0  {rise@0.000ns fall@20.000ns period=40.000ns})
  Destination:            datapath/rightChannelMemory/sdp_bl.ramb18_dp_bl.ram18_bl/ADDRARDADDR[11]
  Path Group:             (none)
  Path Type:              Max at Slow Process Corner
  Data Path Delay:        2.480ns  (logic 0.456ns (18.389%)  route 2.024ns (81.611%))
  Logic Levels:           0  
  Clock Uncertainty:      0.190ns  ((TSJ^2 + DJ^2)^1/2) / 2 + PE
    Total System Jitter     (TSJ):    0.050ns
    Discrete Jitter          (DJ):    0.175ns
    Phase Error              (PE):    0.099ns

    Location             Delay type                Incr(ns)  Path(ns)    Netlist Resource(s)
  -------------------------------------------------------------------    -------------------
                         (clock clk_out1_clk_wiz_0 rise edge)
                                                      0.000     0.000 r  
    BUFGCTRL_X0Y2        BUFG                         0.000     0.000 r  clk_IBUF_BUFG_inst/O
                         net (fo=297, routed)         2.106     2.106    datapath/video_inst/mmcm_adv_inst_display_clocks/inst/clk_in1
    MMCME2_ADV_X1Y0      MMCME2_ADV (Prop_mmcme2_adv_CLKIN1_CLKOUT0)
                                                     -4.900    -2.793 r  datapath/video_inst/mmcm_adv_inst_display_clocks/inst/mmcm_adv_inst/CLKOUT0
                         net (fo=1, routed)           2.697    -0.096    datapath/video_inst/mmcm_adv_inst_display_clocks/inst/clk_out1_clk_wiz_0
    BUFGCTRL_X0Y4        BUFG (Prop_bufg_I_O)         0.096    -0.000 r  datapath/video_inst/mmcm_adv_inst_display_clocks/inst/clkout1_buf/O
                         net (fo=63, routed)          1.747     1.747    datapath/video_inst/Inst_vga/sig_gen/horizontal_counter/CLK
    SLICE_X151Y132       FDRE                                         r  datapath/video_inst/Inst_vga/sig_gen/horizontal_counter/processQ_reg[7]/C
  -------------------------------------------------------------------    -------------------
    SLICE_X151Y132       FDRE (Prop_fdre_C_Q)         0.456     2.203 r  datapath/video_inst/Inst_vga/sig_gen/horizontal_counter/processQ_reg[7]/Q
                         net (fo=26, routed)          2.024     4.227    datapath/rightChannelMemory/Q[7]
    RAMB18_X8Y47         RAMB18E1                                     r  datapath/rightChannelMemory/sdp_bl.ramb18_dp_bl.ram18_bl/ADDRARDADDR[11]
  -------------------------------------------------------------------    -------------------

Slack:                    inf
  Source:                 datapath/video_inst/Inst_vga/sig_gen/horizontal_counter/processQ_reg[8]/C
                            (rising edge-triggered cell FDRE clocked by clk_out1_clk_wiz_0  {rise@0.000ns fall@20.000ns period=40.000ns})
  Destination:            datapath/rightChannelMemory/sdp_bl.ramb18_dp_bl.ram18_bl/ADDRARDADDR[12]
  Path Group:             (none)
  Path Type:              Max at Slow Process Corner
  Data Path Delay:        2.352ns  (logic 0.456ns (19.386%)  route 1.896ns (80.614%))
  Logic Levels:           0  
  Clock Uncertainty:      0.190ns  ((TSJ^2 + DJ^2)^1/2) / 2 + PE
    Total System Jitter     (TSJ):    0.050ns
    Discrete Jitter          (DJ):    0.175ns
    Phase Error              (PE):    0.099ns

    Location             Delay type                Incr(ns)  Path(ns)    Netlist Resource(s)
  -------------------------------------------------------------------    -------------------
                         (clock clk_out1_clk_wiz_0 rise edge)
                                                      0.000     0.000 r  
    BUFGCTRL_X0Y2        BUFG                         0.000     0.000 r  clk_IBUF_BUFG_inst/O
                         net (fo=297, routed)         2.106     2.106    datapath/video_inst/mmcm_adv_inst_display_clocks/inst/clk_in1
    MMCME2_ADV_X1Y0      MMCME2_ADV (Prop_mmcme2_adv_CLKIN1_CLKOUT0)
                                                     -4.900    -2.793 r  datapath/video_inst/mmcm_adv_inst_display_clocks/inst/mmcm_adv_inst/CLKOUT0
                         net (fo=1, routed)           2.697    -0.096    datapath/video_inst/mmcm_adv_inst_display_clocks/inst/clk_out1_clk_wiz_0
    BUFGCTRL_X0Y4        BUFG (Prop_bufg_I_O)         0.096    -0.000 r  datapath/video_inst/mmcm_adv_inst_display_clocks/inst/clkout1_buf/O
                         net (fo=63, routed)          1.747     1.747    datapath/video_inst/Inst_vga/sig_gen/horizontal_counter/CLK
    SLICE_X151Y132       FDRE                                         r  datapath/video_inst/Inst_vga/sig_gen/horizontal_counter/processQ_reg[8]/C
  -------------------------------------------------------------------    -------------------
    SLICE_X151Y132       FDRE (Prop_fdre_C_Q)         0.456     2.203 r  datapath/video_inst/Inst_vga/sig_gen/horizontal_counter/processQ_reg[8]/Q
                         net (fo=26, routed)          1.896     4.100    datapath/rightChannelMemory/Q[8]
    RAMB18_X8Y47         RAMB18E1                                     r  datapath/rightChannelMemory/sdp_bl.ramb18_dp_bl.ram18_bl/ADDRARDADDR[12]
  -------------------------------------------------------------------    -------------------

Slack:                    inf
  Source:                 datapath/video_inst/Inst_vga/sig_gen/horizontal_counter/processQ_reg[4]/C
                            (rising edge-triggered cell FDRE clocked by clk_out1_clk_wiz_0  {rise@0.000ns fall@20.000ns period=40.000ns})
  Destination:            datapath/rightChannelMemory/sdp_bl.ramb18_dp_bl.ram18_bl/ADDRARDADDR[8]
  Path Group:             (none)
  Path Type:              Max at Slow Process Corner
  Data Path Delay:        2.301ns  (logic 0.456ns (19.816%)  route 1.845ns (80.184%))
  Logic Levels:           0  
  Clock Uncertainty:      0.190ns  ((TSJ^2 + DJ^2)^1/2) / 2 + PE
    Total System Jitter     (TSJ):    0.050ns
    Discrete Jitter          (DJ):    0.175ns
    Phase Error              (PE):    0.099ns

    Location             Delay type                Incr(ns)  Path(ns)    Netlist Resource(s)
  -------------------------------------------------------------------    -------------------
                         (clock clk_out1_clk_wiz_0 rise edge)
                                                      0.000     0.000 r  
    BUFGCTRL_X0Y2        BUFG                         0.000     0.000 r  clk_IBUF_BUFG_inst/O
                         net (fo=297, routed)         2.106     2.106    datapath/video_inst/mmcm_adv_inst_display_clocks/inst/clk_in1
    MMCME2_ADV_X1Y0      MMCME2_ADV (Prop_mmcme2_adv_CLKIN1_CLKOUT0)
                                                     -4.900    -2.793 r  datapath/video_inst/mmcm_adv_inst_display_clocks/inst/mmcm_adv_inst/CLKOUT0
                         net (fo=1, routed)           2.697    -0.096    datapath/video_inst/mmcm_adv_inst_display_clocks/inst/clk_out1_clk_wiz_0
    BUFGCTRL_X0Y4        BUFG (Prop_bufg_I_O)         0.096    -0.000 r  datapath/video_inst/mmcm_adv_inst_display_clocks/inst/clkout1_buf/O
                         net (fo=63, routed)          1.745     1.745    datapath/video_inst/Inst_vga/sig_gen/horizontal_counter/CLK
    SLICE_X151Y131       FDRE                                         r  datapath/video_inst/Inst_vga/sig_gen/horizontal_counter/processQ_reg[4]/C
  -------------------------------------------------------------------    -------------------
    SLICE_X151Y131       FDRE (Prop_fdre_C_Q)         0.456     2.201 r  datapath/video_inst/Inst_vga/sig_gen/horizontal_counter/processQ_reg[4]/Q
                         net (fo=44, routed)          1.845     4.047    datapath/rightChannelMemory/Q[4]
    RAMB18_X8Y47         RAMB18E1                                     r  datapath/rightChannelMemory/sdp_bl.ramb18_dp_bl.ram18_bl/ADDRARDADDR[8]
  -------------------------------------------------------------------    -------------------

Slack:                    inf
  Source:                 datapath/video_inst/Inst_vga/sig_gen/horizontal_counter/processQ_reg[3]/C
                            (rising edge-triggered cell FDRE clocked by clk_out1_clk_wiz_0  {rise@0.000ns fall@20.000ns period=40.000ns})
  Destination:            datapath/leftChannelMemory/sdp_bl.ramb18_dp_bl.ram18_bl/ADDRARDADDR[7]
  Path Group:             (none)
  Path Type:              Max at Slow Process Corner
  Data Path Delay:        2.270ns  (logic 0.518ns (22.815%)  route 1.752ns (77.185%))
  Logic Levels:           0  
  Clock Uncertainty:      0.190ns  ((TSJ^2 + DJ^2)^1/2) / 2 + PE
    Total System Jitter     (TSJ):    0.050ns
    Discrete Jitter          (DJ):    0.175ns
    Phase Error              (PE):    0.099ns

    Location             Delay type                Incr(ns)  Path(ns)    Netlist Resource(s)
  -------------------------------------------------------------------    -------------------
                         (clock clk_out1_clk_wiz_0 rise edge)
                                                      0.000     0.000 r  
    BUFGCTRL_X0Y2        BUFG                         0.000     0.000 r  clk_IBUF_BUFG_inst/O
                         net (fo=297, routed)         2.106     2.106    datapath/video_inst/mmcm_adv_inst_display_clocks/inst/clk_in1
    MMCME2_ADV_X1Y0      MMCME2_ADV (Prop_mmcme2_adv_CLKIN1_CLKOUT0)
                                                     -4.900    -2.793 r  datapath/video_inst/mmcm_adv_inst_display_clocks/inst/mmcm_adv_inst/CLKOUT0
                         net (fo=1, routed)           2.697    -0.096    datapath/video_inst/mmcm_adv_inst_display_clocks/inst/clk_out1_clk_wiz_0
    BUFGCTRL_X0Y4        BUFG (Prop_bufg_I_O)         0.096    -0.000 r  datapath/video_inst/mmcm_adv_inst_display_clocks/inst/clkout1_buf/O
                         net (fo=63, routed)          1.747     1.747    datapath/video_inst/Inst_vga/sig_gen/horizontal_counter/CLK
    SLICE_X152Y132       FDRE                                         r  datapath/video_inst/Inst_vga/sig_gen/horizontal_counter/processQ_reg[3]/C
  -------------------------------------------------------------------    -------------------
    SLICE_X152Y132       FDRE (Prop_fdre_C_Q)         0.518     2.265 r  datapath/video_inst/Inst_vga/sig_gen/horizontal_counter/processQ_reg[3]/Q
                         net (fo=57, routed)          1.752     4.018    datapath/leftChannelMemory/Q[3]
    RAMB18_X8Y49         RAMB18E1                                     r  datapath/leftChannelMemory/sdp_bl.ramb18_dp_bl.ram18_bl/ADDRARDADDR[7]
  -------------------------------------------------------------------    -------------------

Slack:                    inf
  Source:                 datapath/video_inst/Inst_vga/sig_gen/horizontal_counter/processQ_reg[6]/C
                            (rising edge-triggered cell FDRE clocked by clk_out1_clk_wiz_0  {rise@0.000ns fall@20.000ns period=40.000ns})
  Destination:            datapath/leftChannelMemory/sdp_bl.ramb18_dp_bl.ram18_bl/ADDRARDADDR[10]
  Path Group:             (none)
  Path Type:              Max at Slow Process Corner
  Data Path Delay:        2.179ns  (logic 0.456ns (20.929%)  route 1.723ns (79.071%))
  Logic Levels:           0  
  Clock Uncertainty:      0.190ns  ((TSJ^2 + DJ^2)^1/2) / 2 + PE
    Total System Jitter     (TSJ):    0.050ns
    Discrete Jitter          (DJ):    0.175ns
    Phase Error              (PE):    0.099ns

    Location             Delay type                Incr(ns)  Path(ns)    Netlist Resource(s)
  -------------------------------------------------------------------    -------------------
                         (clock clk_out1_clk_wiz_0 rise edge)
                                                      0.000     0.000 r  
    BUFGCTRL_X0Y2        BUFG                         0.000     0.000 r  clk_IBUF_BUFG_inst/O
                         net (fo=297, routed)         2.106     2.106    datapath/video_inst/mmcm_adv_inst_display_clocks/inst/clk_in1
    MMCME2_ADV_X1Y0      MMCME2_ADV (Prop_mmcme2_adv_CLKIN1_CLKOUT0)
                                                     -4.900    -2.793 r  datapath/video_inst/mmcm_adv_inst_display_clocks/inst/mmcm_adv_inst/CLKOUT0
                         net (fo=1, routed)           2.697    -0.096    datapath/video_inst/mmcm_adv_inst_display_clocks/inst/clk_out1_clk_wiz_0
    BUFGCTRL_X0Y4        BUFG (Prop_bufg_I_O)         0.096    -0.000 r  datapath/video_inst/mmcm_adv_inst_display_clocks/inst/clkout1_buf/O
                         net (fo=63, routed)          1.745     1.745    datapath/video_inst/Inst_vga/sig_gen/horizontal_counter/CLK
    SLICE_X153Y131       FDRE                                         r  datapath/video_inst/Inst_vga/sig_gen/horizontal_counter/processQ_reg[6]/C
  -------------------------------------------------------------------    -------------------
    SLICE_X153Y131       FDRE (Prop_fdre_C_Q)         0.456     2.201 r  datapath/video_inst/Inst_vga/sig_gen/horizontal_counter/processQ_reg[6]/Q
                         net (fo=30, routed)          1.723     3.924    datapath/leftChannelMemory/Q[6]
    RAMB18_X8Y49         RAMB18E1                                     r  datapath/leftChannelMemory/sdp_bl.ramb18_dp_bl.ram18_bl/ADDRARDADDR[10]
  -------------------------------------------------------------------    -------------------

Slack:                    inf
  Source:                 datapath/video_inst/Inst_vga/sig_gen/horizontal_counter/processQ_reg[7]/C
                            (rising edge-triggered cell FDRE clocked by clk_out1_clk_wiz_0  {rise@0.000ns fall@20.000ns period=40.000ns})
  Destination:            datapath/leftChannelMemory/sdp_bl.ramb18_dp_bl.ram18_bl/ADDRARDADDR[11]
  Path Group:             (none)
  Path Type:              Max at Slow Process Corner
  Data Path Delay:        2.142ns  (logic 0.456ns (21.292%)  route 1.686ns (78.708%))
  Logic Levels:           0  
  Clock Uncertainty:      0.190ns  ((TSJ^2 + DJ^2)^1/2) / 2 + PE
    Total System Jitter     (TSJ):    0.050ns
    Discrete Jitter          (DJ):    0.175ns
    Phase Error              (PE):    0.099ns

    Location             Delay type                Incr(ns)  Path(ns)    Netlist Resource(s)
  -------------------------------------------------------------------    -------------------
                         (clock clk_out1_clk_wiz_0 rise edge)
                                                      0.000     0.000 r  
    BUFGCTRL_X0Y2        BUFG                         0.000     0.000 r  clk_IBUF_BUFG_inst/O
                         net (fo=297, routed)         2.106     2.106    datapath/video_inst/mmcm_adv_inst_display_clocks/inst/clk_in1
    MMCME2_ADV_X1Y0      MMCME2_ADV (Prop_mmcme2_adv_CLKIN1_CLKOUT0)
                                                     -4.900    -2.793 r  datapath/video_inst/mmcm_adv_inst_display_clocks/inst/mmcm_adv_inst/CLKOUT0
                         net (fo=1, routed)           2.697    -0.096    datapath/video_inst/mmcm_adv_inst_display_clocks/inst/clk_out1_clk_wiz_0
    BUFGCTRL_X0Y4        BUFG (Prop_bufg_I_O)         0.096    -0.000 r  datapath/video_inst/mmcm_adv_inst_display_clocks/inst/clkout1_buf/O
                         net (fo=63, routed)          1.747     1.747    datapath/video_inst/Inst_vga/sig_gen/horizontal_counter/CLK
    SLICE_X151Y132       FDRE                                         r  datapath/video_inst/Inst_vga/sig_gen/horizontal_counter/processQ_reg[7]/C
  -------------------------------------------------------------------    -------------------
    SLICE_X151Y132       FDRE (Prop_fdre_C_Q)         0.456     2.203 r  datapath/video_inst/Inst_vga/sig_gen/horizontal_counter/processQ_reg[7]/Q
                         net (fo=26, routed)          1.686     3.889    datapath/leftChannelMemory/Q[7]
    RAMB18_X8Y49         RAMB18E1                                     r  datapath/leftChannelMemory/sdp_bl.ramb18_dp_bl.ram18_bl/ADDRARDADDR[11]
  -------------------------------------------------------------------    -------------------





Min Delay Paths
--------------------------------------------------------------------------------------
Slack:                    inf
  Source:                 datapath/video_inst/Inst_vga/sig_gen/horizontal_counter/processQ_reg[0]/C
                            (rising edge-triggered cell FDRE clocked by clk_out1_clk_wiz_0  {rise@0.000ns fall@20.000ns period=40.000ns})
  Destination:            datapath/leftChannelMemory/sdp_bl.ramb18_dp_bl.ram18_bl/ADDRARDADDR[4]
  Path Group:             (none)
  Path Type:              Min at Fast Process Corner
  Data Path Delay:        0.549ns  (logic 0.141ns (25.661%)  route 0.408ns (74.339%))
  Logic Levels:           0  
  Clock Uncertainty:      0.190ns  ((TSJ^2 + DJ^2)^1/2) / 2 + PE
    Total System Jitter     (TSJ):    0.050ns
    Discrete Jitter          (DJ):    0.175ns
    Phase Error              (PE):    0.099ns

    Location             Delay type                Incr(ns)  Path(ns)    Netlist Resource(s)
  -------------------------------------------------------------------    -------------------
                         (clock clk_out1_clk_wiz_0 rise edge)
                                                      0.000     0.000 r  
    BUFGCTRL_X0Y2        BUFG                         0.000     0.000 r  clk_IBUF_BUFG_inst/O
                         net (fo=297, routed)         0.745     0.745    datapath/video_inst/mmcm_adv_inst_display_clocks/inst/clk_in1
    MMCME2_ADV_X1Y0      MMCME2_ADV (Prop_mmcme2_adv_CLKIN1_CLKOUT0)
                                                     -1.683    -0.938 r  datapath/video_inst/mmcm_adv_inst_display_clocks/inst/mmcm_adv_inst/CLKOUT0
                         net (fo=1, routed)           0.912    -0.026    datapath/video_inst/mmcm_adv_inst_display_clocks/inst/clk_out1_clk_wiz_0
    BUFGCTRL_X0Y4        BUFG (Prop_bufg_I_O)         0.026    -0.000 r  datapath/video_inst/mmcm_adv_inst_display_clocks/inst/clkout1_buf/O
                         net (fo=63, routed)          0.614     0.614    datapath/video_inst/Inst_vga/sig_gen/horizontal_counter/CLK
    SLICE_X153Y131       FDRE                                         r  datapath/video_inst/Inst_vga/sig_gen/horizontal_counter/processQ_reg[0]/C
  -------------------------------------------------------------------    -------------------
    SLICE_X153Y131       FDRE (Prop_fdre_C_Q)         0.141     0.755 r  datapath/video_inst/Inst_vga/sig_gen/horizontal_counter/processQ_reg[0]/Q
                         net (fo=26, routed)          0.408     1.163    datapath/leftChannelMemory/Q[0]
    RAMB18_X8Y49         RAMB18E1                                     r  datapath/leftChannelMemory/sdp_bl.ramb18_dp_bl.ram18_bl/ADDRARDADDR[4]
  -------------------------------------------------------------------    -------------------

Slack:                    inf
  Source:                 datapath/video_inst/Inst_vga/sig_gen/horizontal_counter/processQ_reg[5]/C
                            (rising edge-triggered cell FDRE clocked by clk_out1_clk_wiz_0  {rise@0.000ns fall@20.000ns period=40.000ns})
  Destination:            datapath/leftChannelMemory/sdp_bl.ramb18_dp_bl.ram18_bl/ADDRARDADDR[9]
  Path Group:             (none)
  Path Type:              Min at Fast Process Corner
  Data Path Delay:        0.557ns  (logic 0.141ns (25.312%)  route 0.416ns (74.688%))
  Logic Levels:           0  
  Clock Uncertainty:      0.190ns  ((TSJ^2 + DJ^2)^1/2) / 2 + PE
    Total System Jitter     (TSJ):    0.050ns
    Discrete Jitter          (DJ):    0.175ns
    Phase Error              (PE):    0.099ns

    Location             Delay type                Incr(ns)  Path(ns)    Netlist Resource(s)
  -------------------------------------------------------------------    -------------------
                         (clock clk_out1_clk_wiz_0 rise edge)
                                                      0.000     0.000 r  
    BUFGCTRL_X0Y2        BUFG                         0.000     0.000 r  clk_IBUF_BUFG_inst/O
                         net (fo=297, routed)         0.745     0.745    datapath/video_inst/mmcm_adv_inst_display_clocks/inst/clk_in1
    MMCME2_ADV_X1Y0      MMCME2_ADV (Prop_mmcme2_adv_CLKIN1_CLKOUT0)
                                                     -1.683    -0.938 r  datapath/video_inst/mmcm_adv_inst_display_clocks/inst/mmcm_adv_inst/CLKOUT0
                         net (fo=1, routed)           0.912    -0.026    datapath/video_inst/mmcm_adv_inst_display_clocks/inst/clk_out1_clk_wiz_0
    BUFGCTRL_X0Y4        BUFG (Prop_bufg_I_O)         0.026    -0.000 r  datapath/video_inst/mmcm_adv_inst_display_clocks/inst/clkout1_buf/O
                         net (fo=63, routed)          0.614     0.614    datapath/video_inst/Inst_vga/sig_gen/horizontal_counter/CLK
    SLICE_X153Y131       FDRE                                         r  datapath/video_inst/Inst_vga/sig_gen/horizontal_counter/processQ_reg[5]/C
  -------------------------------------------------------------------    -------------------
    SLICE_X153Y131       FDRE (Prop_fdre_C_Q)         0.141     0.755 r  datapath/video_inst/Inst_vga/sig_gen/horizontal_counter/processQ_reg[5]/Q
                         net (fo=40, routed)          0.416     1.171    datapath/leftChannelMemory/Q[5]
    RAMB18_X8Y49         RAMB18E1                                     r  datapath/leftChannelMemory/sdp_bl.ramb18_dp_bl.ram18_bl/ADDRARDADDR[9]
  -------------------------------------------------------------------    -------------------

Slack:                    inf
  Source:                 datapath/video_inst/Inst_vga/sig_gen/horizontal_counter/processQ_reg[2]/C
                            (rising edge-triggered cell FDRE clocked by clk_out1_clk_wiz_0  {rise@0.000ns fall@20.000ns period=40.000ns})
  Destination:            datapath/leftChannelMemory/sdp_bl.ramb18_dp_bl.ram18_bl/ADDRARDADDR[6]
  Path Group:             (none)
  Path Type:              Min at Fast Process Corner
  Data Path Delay:        0.626ns  (logic 0.141ns (22.536%)  route 0.485ns (77.464%))
  Logic Levels:           0  
  Clock Uncertainty:      0.190ns  ((TSJ^2 + DJ^2)^1/2) / 2 + PE
    Total System Jitter     (TSJ):    0.050ns
    Discrete Jitter          (DJ):    0.175ns
    Phase Error              (PE):    0.099ns

    Location             Delay type                Incr(ns)  Path(ns)    Netlist Resource(s)
  -------------------------------------------------------------------    -------------------
                         (clock clk_out1_clk_wiz_0 rise edge)
                                                      0.000     0.000 r  
    BUFGCTRL_X0Y2        BUFG                         0.000     0.000 r  clk_IBUF_BUFG_inst/O
                         net (fo=297, routed)         0.745     0.745    datapath/video_inst/mmcm_adv_inst_display_clocks/inst/clk_in1
    MMCME2_ADV_X1Y0      MMCME2_ADV (Prop_mmcme2_adv_CLKIN1_CLKOUT0)
                                                     -1.683    -0.938 r  datapath/video_inst/mmcm_adv_inst_display_clocks/inst/mmcm_adv_inst/CLKOUT0
                         net (fo=1, routed)           0.912    -0.026    datapath/video_inst/mmcm_adv_inst_display_clocks/inst/clk_out1_clk_wiz_0
    BUFGCTRL_X0Y4        BUFG (Prop_bufg_I_O)         0.026    -0.000 r  datapath/video_inst/mmcm_adv_inst_display_clocks/inst/clkout1_buf/O
                         net (fo=63, routed)          0.615     0.615    datapath/video_inst/Inst_vga/sig_gen/horizontal_counter/CLK
    SLICE_X153Y132       FDRE                                         r  datapath/video_inst/Inst_vga/sig_gen/horizontal_counter/processQ_reg[2]/C
  -------------------------------------------------------------------    -------------------
    SLICE_X153Y132       FDRE (Prop_fdre_C_Q)         0.141     0.756 r  datapath/video_inst/Inst_vga/sig_gen/horizontal_counter/processQ_reg[2]/Q
                         net (fo=60, routed)          0.485     1.240    datapath/leftChannelMemory/Q[2]
    RAMB18_X8Y49         RAMB18E1                                     r  datapath/leftChannelMemory/sdp_bl.ramb18_dp_bl.ram18_bl/ADDRARDADDR[6]
  -------------------------------------------------------------------    -------------------

Slack:                    inf
  Source:                 datapath/video_inst/Inst_vga/sig_gen/horizontal_counter/processQ_reg[0]/C
                            (rising edge-triggered cell FDRE clocked by clk_out1_clk_wiz_0  {rise@0.000ns fall@20.000ns period=40.000ns})
  Destination:            datapath/rightChannelMemory/sdp_bl.ramb18_dp_bl.ram18_bl/ADDRARDADDR[4]
  Path Group:             (none)
  Path Type:              Min at Fast Process Corner
  Data Path Delay:        0.655ns  (logic 0.141ns (21.511%)  route 0.514ns (78.489%))
  Logic Levels:           0  
  Clock Uncertainty:      0.190ns  ((TSJ^2 + DJ^2)^1/2) / 2 + PE
    Total System Jitter     (TSJ):    0.050ns
    Discrete Jitter          (DJ):    0.175ns
    Phase Error              (PE):    0.099ns

    Location             Delay type                Incr(ns)  Path(ns)    Netlist Resource(s)
  -------------------------------------------------------------------    -------------------
                         (clock clk_out1_clk_wiz_0 rise edge)
                                                      0.000     0.000 r  
    BUFGCTRL_X0Y2        BUFG                         0.000     0.000 r  clk_IBUF_BUFG_inst/O
                         net (fo=297, routed)         0.745     0.745    datapath/video_inst/mmcm_adv_inst_display_clocks/inst/clk_in1
    MMCME2_ADV_X1Y0      MMCME2_ADV (Prop_mmcme2_adv_CLKIN1_CLKOUT0)
                                                     -1.683    -0.938 r  datapath/video_inst/mmcm_adv_inst_display_clocks/inst/mmcm_adv_inst/CLKOUT0
                         net (fo=1, routed)           0.912    -0.026    datapath/video_inst/mmcm_adv_inst_display_clocks/inst/clk_out1_clk_wiz_0
    BUFGCTRL_X0Y4        BUFG (Prop_bufg_I_O)         0.026    -0.000 r  datapath/video_inst/mmcm_adv_inst_display_clocks/inst/clkout1_buf/O
                         net (fo=63, routed)          0.614     0.614    datapath/video_inst/Inst_vga/sig_gen/horizontal_counter/CLK
    SLICE_X153Y131       FDRE                                         r  datapath/video_inst/Inst_vga/sig_gen/horizontal_counter/processQ_reg[0]/C
  -------------------------------------------------------------------    -------------------
    SLICE_X153Y131       FDRE (Prop_fdre_C_Q)         0.141     0.755 r  datapath/video_inst/Inst_vga/sig_gen/horizontal_counter/processQ_reg[0]/Q
                         net (fo=26, routed)          0.514     1.269    datapath/rightChannelMemory/Q[0]
    RAMB18_X8Y47         RAMB18E1                                     r  datapath/rightChannelMemory/sdp_bl.ramb18_dp_bl.ram18_bl/ADDRARDADDR[4]
  -------------------------------------------------------------------    -------------------

Slack:                    inf
  Source:                 datapath/video_inst/Inst_vga/sig_gen/horizontal_counter/processQ_reg[5]/C
                            (rising edge-triggered cell FDRE clocked by clk_out1_clk_wiz_0  {rise@0.000ns fall@20.000ns period=40.000ns})
  Destination:            datapath/rightChannelMemory/sdp_bl.ramb18_dp_bl.ram18_bl/ADDRARDADDR[9]
  Path Group:             (none)
  Path Type:              Min at Fast Process Corner
  Data Path Delay:        0.663ns  (logic 0.141ns (21.266%)  route 0.522ns (78.734%))
  Logic Levels:           0  
  Clock Uncertainty:      0.190ns  ((TSJ^2 + DJ^2)^1/2) / 2 + PE
    Total System Jitter     (TSJ):    0.050ns
    Discrete Jitter          (DJ):    0.175ns
    Phase Error              (PE):    0.099ns

    Location             Delay type                Incr(ns)  Path(ns)    Netlist Resource(s)
  -------------------------------------------------------------------    -------------------
                         (clock clk_out1_clk_wiz_0 rise edge)
                                                      0.000     0.000 r  
    BUFGCTRL_X0Y2        BUFG                         0.000     0.000 r  clk_IBUF_BUFG_inst/O
                         net (fo=297, routed)         0.745     0.745    datapath/video_inst/mmcm_adv_inst_display_clocks/inst/clk_in1
    MMCME2_ADV_X1Y0      MMCME2_ADV (Prop_mmcme2_adv_CLKIN1_CLKOUT0)
                                                     -1.683    -0.938 r  datapath/video_inst/mmcm_adv_inst_display_clocks/inst/mmcm_adv_inst/CLKOUT0
                         net (fo=1, routed)           0.912    -0.026    datapath/video_inst/mmcm_adv_inst_display_clocks/inst/clk_out1_clk_wiz_0
    BUFGCTRL_X0Y4        BUFG (Prop_bufg_I_O)         0.026    -0.000 r  datapath/video_inst/mmcm_adv_inst_display_clocks/inst/clkout1_buf/O
                         net (fo=63, routed)          0.614     0.614    datapath/video_inst/Inst_vga/sig_gen/horizontal_counter/CLK
    SLICE_X153Y131       FDRE                                         r  datapath/video_inst/Inst_vga/sig_gen/horizontal_counter/processQ_reg[5]/C
  -------------------------------------------------------------------    -------------------
    SLICE_X153Y131       FDRE (Prop_fdre_C_Q)         0.141     0.755 r  datapath/video_inst/Inst_vga/sig_gen/horizontal_counter/processQ_reg[5]/Q
                         net (fo=40, routed)          0.522     1.277    datapath/rightChannelMemory/Q[5]
    RAMB18_X8Y47         RAMB18E1                                     r  datapath/rightChannelMemory/sdp_bl.ramb18_dp_bl.ram18_bl/ADDRARDADDR[9]
  -------------------------------------------------------------------    -------------------

Slack:                    inf
  Source:                 datapath/video_inst/Inst_vga/sig_gen/horizontal_counter/processQ_reg[1]/C
                            (rising edge-triggered cell FDRE clocked by clk_out1_clk_wiz_0  {rise@0.000ns fall@20.000ns period=40.000ns})
  Destination:            datapath/leftChannelMemory/sdp_bl.ramb18_dp_bl.ram18_bl/ADDRARDADDR[5]
  Path Group:             (none)
  Path Type:              Min at Fast Process Corner
  Data Path Delay:        0.697ns  (logic 0.164ns (23.531%)  route 0.533ns (76.469%))
  Logic Levels:           0  
  Clock Uncertainty:      0.190ns  ((TSJ^2 + DJ^2)^1/2) / 2 + PE
    Total System Jitter     (TSJ):    0.050ns
    Discrete Jitter          (DJ):    0.175ns
    Phase Error              (PE):    0.099ns

    Location             Delay type                Incr(ns)  Path(ns)    Netlist Resource(s)
  -------------------------------------------------------------------    -------------------
                         (clock clk_out1_clk_wiz_0 rise edge)
                                                      0.000     0.000 r  
    BUFGCTRL_X0Y2        BUFG                         0.000     0.000 r  clk_IBUF_BUFG_inst/O
                         net (fo=297, routed)         0.745     0.745    datapath/video_inst/mmcm_adv_inst_display_clocks/inst/clk_in1
    MMCME2_ADV_X1Y0      MMCME2_ADV (Prop_mmcme2_adv_CLKIN1_CLKOUT0)
                                                     -1.683    -0.938 r  datapath/video_inst/mmcm_adv_inst_display_clocks/inst/mmcm_adv_inst/CLKOUT0
                         net (fo=1, routed)           0.912    -0.026    datapath/video_inst/mmcm_adv_inst_display_clocks/inst/clk_out1_clk_wiz_0
    BUFGCTRL_X0Y4        BUFG (Prop_bufg_I_O)         0.026    -0.000 r  datapath/video_inst/mmcm_adv_inst_display_clocks/inst/clkout1_buf/O
                         net (fo=63, routed)          0.615     0.615    datapath/video_inst/Inst_vga/sig_gen/horizontal_counter/CLK
    SLICE_X152Y132       FDRE                                         r  datapath/video_inst/Inst_vga/sig_gen/horizontal_counter/processQ_reg[1]/C
  -------------------------------------------------------------------    -------------------
    SLICE_X152Y132       FDRE (Prop_fdre_C_Q)         0.164     0.779 r  datapath/video_inst/Inst_vga/sig_gen/horizontal_counter/processQ_reg[1]/Q
                         net (fo=30, routed)          0.533     1.312    datapath/leftChannelMemory/Q[1]
    RAMB18_X8Y49         RAMB18E1                                     r  datapath/leftChannelMemory/sdp_bl.ramb18_dp_bl.ram18_bl/ADDRARDADDR[5]
  -------------------------------------------------------------------    -------------------

Slack:                    inf
  Source:                 datapath/video_inst/Inst_vga/sig_gen/horizontal_counter/processQ_reg[2]/C
                            (rising edge-triggered cell FDRE clocked by clk_out1_clk_wiz_0  {rise@0.000ns fall@20.000ns period=40.000ns})
  Destination:            datapath/rightChannelMemory/sdp_bl.ramb18_dp_bl.ram18_bl/ADDRARDADDR[6]
  Path Group:             (none)
  Path Type:              Min at Fast Process Corner
  Data Path Delay:        0.732ns  (logic 0.141ns (19.271%)  route 0.591ns (80.729%))
  Logic Levels:           0  
  Clock Uncertainty:      0.190ns  ((TSJ^2 + DJ^2)^1/2) / 2 + PE
    Total System Jitter     (TSJ):    0.050ns
    Discrete Jitter          (DJ):    0.175ns
    Phase Error              (PE):    0.099ns

    Location             Delay type                Incr(ns)  Path(ns)    Netlist Resource(s)
  -------------------------------------------------------------------    -------------------
                         (clock clk_out1_clk_wiz_0 rise edge)
                                                      0.000     0.000 r  
    BUFGCTRL_X0Y2        BUFG                         0.000     0.000 r  clk_IBUF_BUFG_inst/O
                         net (fo=297, routed)         0.745     0.745    datapath/video_inst/mmcm_adv_inst_display_clocks/inst/clk_in1
    MMCME2_ADV_X1Y0      MMCME2_ADV (Prop_mmcme2_adv_CLKIN1_CLKOUT0)
                                                     -1.683    -0.938 r  datapath/video_inst/mmcm_adv_inst_display_clocks/inst/mmcm_adv_inst/CLKOUT0
                         net (fo=1, routed)           0.912    -0.026    datapath/video_inst/mmcm_adv_inst_display_clocks/inst/clk_out1_clk_wiz_0
    BUFGCTRL_X0Y4        BUFG (Prop_bufg_I_O)         0.026    -0.000 r  datapath/video_inst/mmcm_adv_inst_display_clocks/inst/clkout1_buf/O
                         net (fo=63, routed)          0.615     0.615    datapath/video_inst/Inst_vga/sig_gen/horizontal_counter/CLK
    SLICE_X153Y132       FDRE                                         r  datapath/video_inst/Inst_vga/sig_gen/horizontal_counter/processQ_reg[2]/C
  -------------------------------------------------------------------    -------------------
    SLICE_X153Y132       FDRE (Prop_fdre_C_Q)         0.141     0.756 r  datapath/video_inst/Inst_vga/sig_gen/horizontal_counter/processQ_reg[2]/Q
                         net (fo=60, routed)          0.591     1.346    datapath/rightChannelMemory/Q[2]
    RAMB18_X8Y47         RAMB18E1                                     r  datapath/rightChannelMemory/sdp_bl.ramb18_dp_bl.ram18_bl/ADDRARDADDR[6]
  -------------------------------------------------------------------    -------------------

Slack:                    inf
  Source:                 datapath/video_inst/Inst_vga/sig_gen/horizontal_counter/processQ_reg[4]/C
                            (rising edge-triggered cell FDRE clocked by clk_out1_clk_wiz_0  {rise@0.000ns fall@20.000ns period=40.000ns})
  Destination:            datapath/leftChannelMemory/sdp_bl.ramb18_dp_bl.ram18_bl/ADDRARDADDR[8]
  Path Group:             (none)
  Path Type:              Min at Fast Process Corner
  Data Path Delay:        0.764ns  (logic 0.141ns (18.452%)  route 0.623ns (81.548%))
  Logic Levels:           0  
  Clock Uncertainty:      0.190ns  ((TSJ^2 + DJ^2)^1/2) / 2 + PE
    Total System Jitter     (TSJ):    0.050ns
    Discrete Jitter          (DJ):    0.175ns
    Phase Error              (PE):    0.099ns

    Location             Delay type                Incr(ns)  Path(ns)    Netlist Resource(s)
  -------------------------------------------------------------------    -------------------
                         (clock clk_out1_clk_wiz_0 rise edge)
                                                      0.000     0.000 r  
    BUFGCTRL_X0Y2        BUFG                         0.000     0.000 r  clk_IBUF_BUFG_inst/O
                         net (fo=297, routed)         0.745     0.745    datapath/video_inst/mmcm_adv_inst_display_clocks/inst/clk_in1
    MMCME2_ADV_X1Y0      MMCME2_ADV (Prop_mmcme2_adv_CLKIN1_CLKOUT0)
                                                     -1.683    -0.938 r  datapath/video_inst/mmcm_adv_inst_display_clocks/inst/mmcm_adv_inst/CLKOUT0
                         net (fo=1, routed)           0.912    -0.026    datapath/video_inst/mmcm_adv_inst_display_clocks/inst/clk_out1_clk_wiz_0
    BUFGCTRL_X0Y4        BUFG (Prop_bufg_I_O)         0.026    -0.000 r  datapath/video_inst/mmcm_adv_inst_display_clocks/inst/clkout1_buf/O
                         net (fo=63, routed)          0.613     0.613    datapath/video_inst/Inst_vga/sig_gen/horizontal_counter/CLK
    SLICE_X151Y131       FDRE                                         r  datapath/video_inst/Inst_vga/sig_gen/horizontal_counter/processQ_reg[4]/C
  -------------------------------------------------------------------    -------------------
    SLICE_X151Y131       FDRE (Prop_fdre_C_Q)         0.141     0.754 r  datapath/video_inst/Inst_vga/sig_gen/horizontal_counter/processQ_reg[4]/Q
                         net (fo=44, routed)          0.623     1.377    datapath/leftChannelMemory/Q[4]
    RAMB18_X8Y49         RAMB18E1                                     r  datapath/leftChannelMemory/sdp_bl.ramb18_dp_bl.ram18_bl/ADDRARDADDR[8]
  -------------------------------------------------------------------    -------------------

Slack:                    inf
  Source:                 datapath/video_inst/Inst_vga/sig_gen/horizontal_counter/processQ_reg[8]/C
                            (rising edge-triggered cell FDRE clocked by clk_out1_clk_wiz_0  {rise@0.000ns fall@20.000ns period=40.000ns})
  Destination:            datapath/leftChannelMemory/sdp_bl.ramb18_dp_bl.ram18_bl/ADDRARDADDR[12]
  Path Group:             (none)
  Path Type:              Min at Fast Process Corner
  Data Path Delay:        0.784ns  (logic 0.141ns (17.981%)  route 0.643ns (82.019%))
  Logic Levels:           0  
  Clock Uncertainty:      0.190ns  ((TSJ^2 + DJ^2)^1/2) / 2 + PE
    Total System Jitter     (TSJ):    0.050ns
    Discrete Jitter          (DJ):    0.175ns
    Phase Error              (PE):    0.099ns

    Location             Delay type                Incr(ns)  Path(ns)    Netlist Resource(s)
  -------------------------------------------------------------------    -------------------
                         (clock clk_out1_clk_wiz_0 rise edge)
                                                      0.000     0.000 r  
    BUFGCTRL_X0Y2        BUFG                         0.000     0.000 r  clk_IBUF_BUFG_inst/O
                         net (fo=297, routed)         0.745     0.745    datapath/video_inst/mmcm_adv_inst_display_clocks/inst/clk_in1
    MMCME2_ADV_X1Y0      MMCME2_ADV (Prop_mmcme2_adv_CLKIN1_CLKOUT0)
                                                     -1.683    -0.938 r  datapath/video_inst/mmcm_adv_inst_display_clocks/inst/mmcm_adv_inst/CLKOUT0
                         net (fo=1, routed)           0.912    -0.026    datapath/video_inst/mmcm_adv_inst_display_clocks/inst/clk_out1_clk_wiz_0
    BUFGCTRL_X0Y4        BUFG (Prop_bufg_I_O)         0.026    -0.000 r  datapath/video_inst/mmcm_adv_inst_display_clocks/inst/clkout1_buf/O
                         net (fo=63, routed)          0.614     0.614    datapath/video_inst/Inst_vga/sig_gen/horizontal_counter/CLK
    SLICE_X151Y132       FDRE                                         r  datapath/video_inst/Inst_vga/sig_gen/horizontal_counter/processQ_reg[8]/C
  -------------------------------------------------------------------    -------------------
    SLICE_X151Y132       FDRE (Prop_fdre_C_Q)         0.141     0.755 r  datapath/video_inst/Inst_vga/sig_gen/horizontal_counter/processQ_reg[8]/Q
                         net (fo=26, routed)          0.643     1.398    datapath/leftChannelMemory/Q[8]
    RAMB18_X8Y49         RAMB18E1                                     r  datapath/leftChannelMemory/sdp_bl.ramb18_dp_bl.ram18_bl/ADDRARDADDR[12]
  -------------------------------------------------------------------    -------------------

Slack:                    inf
  Source:                 datapath/video_inst/Inst_vga/sig_gen/horizontal_counter/processQ_reg[1]/C
                            (rising edge-triggered cell FDRE clocked by clk_out1_clk_wiz_0  {rise@0.000ns fall@20.000ns period=40.000ns})
  Destination:            datapath/rightChannelMemory/sdp_bl.ramb18_dp_bl.ram18_bl/ADDRARDADDR[5]
  Path Group:             (none)
  Path Type:              Min at Fast Process Corner
  Data Path Delay:        0.803ns  (logic 0.164ns (20.424%)  route 0.639ns (79.576%))
  Logic Levels:           0  
  Clock Uncertainty:      0.190ns  ((TSJ^2 + DJ^2)^1/2) / 2 + PE
    Total System Jitter     (TSJ):    0.050ns
    Discrete Jitter          (DJ):    0.175ns
    Phase Error              (PE):    0.099ns

    Location             Delay type                Incr(ns)  Path(ns)    Netlist Resource(s)
  -------------------------------------------------------------------    -------------------
                         (clock clk_out1_clk_wiz_0 rise edge)
                                                      0.000     0.000 r  
    BUFGCTRL_X0Y2        BUFG                         0.000     0.000 r  clk_IBUF_BUFG_inst/O
                         net (fo=297, routed)         0.745     0.745    datapath/video_inst/mmcm_adv_inst_display_clocks/inst/clk_in1
    MMCME2_ADV_X1Y0      MMCME2_ADV (Prop_mmcme2_adv_CLKIN1_CLKOUT0)
                                                     -1.683    -0.938 r  datapath/video_inst/mmcm_adv_inst_display_clocks/inst/mmcm_adv_inst/CLKOUT0
                         net (fo=1, routed)           0.912    -0.026    datapath/video_inst/mmcm_adv_inst_display_clocks/inst/clk_out1_clk_wiz_0
    BUFGCTRL_X0Y4        BUFG (Prop_bufg_I_O)         0.026    -0.000 r  datapath/video_inst/mmcm_adv_inst_display_clocks/inst/clkout1_buf/O
                         net (fo=63, routed)          0.615     0.615    datapath/video_inst/Inst_vga/sig_gen/horizontal_counter/CLK
    SLICE_X152Y132       FDRE                                         r  datapath/video_inst/Inst_vga/sig_gen/horizontal_counter/processQ_reg[1]/C
  -------------------------------------------------------------------    -------------------
    SLICE_X152Y132       FDRE (Prop_fdre_C_Q)         0.164     0.779 r  datapath/video_inst/Inst_vga/sig_gen/horizontal_counter/processQ_reg[1]/Q
                         net (fo=30, routed)          0.639     1.418    datapath/rightChannelMemory/Q[1]
    RAMB18_X8Y47         RAMB18E1                                     r  datapath/rightChannelMemory/sdp_bl.ramb18_dp_bl.ram18_bl/ADDRARDADDR[5]
  -------------------------------------------------------------------    -------------------





--------------------------------------------------------------------------------------
Path Group:  (none)
From Clock:  clk_out1_clk_wiz_1
  To Clock:  

Max Delay             1 Endpoint
Min Delay             1 Endpoint
--------------------------------------------------------------------------------------


Max Delay Paths
--------------------------------------------------------------------------------------
Slack:                    inf
  Source:                 datapath/Audio_Codec/audiocodec_master_clock/inst/mmcm_adv_inst/CLKOUT0
                            (clock source 'clk_out1_clk_wiz_1'  {rise@0.000ns fall@40.688ns period=81.375ns})
  Destination:            ac_mclk
                            (output port)
  Path Group:             (none)
  Path Type:              Max at Slow Process Corner
  Data Path Delay:        8.601ns  (logic 3.632ns (42.233%)  route 4.969ns (57.767%))
  Logic Levels:           2  (BUFG=1 OBUF=1)
  Clock Uncertainty:      0.202ns  ((TSJ^2 + DJ^2)^1/2) / 2 + PE
    Total System Jitter     (TSJ):    0.050ns
    Discrete Jitter          (DJ):    0.201ns
    Phase Error              (PE):    0.099ns

    Location             Delay type                Incr(ns)  Path(ns)    Netlist Resource(s)
  -------------------------------------------------------------------    -------------------
                         (clock clk_out1_clk_wiz_1 fall edge)
                                                     40.688    40.688 f  
    BUFGCTRL_X0Y2        BUFG                         0.000    40.688 f  clk_IBUF_BUFG_inst/O
                         net (fo=297, routed)         1.761    42.449    datapath/Audio_Codec/audiocodec_master_clock/inst/clk_in1
  -------------------------------------------------------------------    -------------------
    MMCME2_ADV_X0Y2      MMCME2_ADV (Prop_mmcme2_adv_CLKIN1_CLKOUT0)
                                                     -3.701    38.748 f  datapath/Audio_Codec/audiocodec_master_clock/inst/mmcm_adv_inst/CLKOUT0
                         net (fo=1, routed)           1.843    40.591    datapath/Audio_Codec/audiocodec_master_clock/inst/clk_out1_clk_wiz_1
    BUFGCTRL_X0Y1        BUFG (Prop_bufg_I_O)         0.096    40.687 f  datapath/Audio_Codec/audiocodec_master_clock/inst/clkout1_buf/O
                         net (fo=1, routed)           3.125    43.813    ac_mclk_OBUF
    U6                   OBUF (Prop_obuf_I_O)         3.536    47.349 f  ac_mclk_OBUF_inst/O
                         net (fo=0)                   0.000    47.349    ac_mclk
    U6                                                                f  ac_mclk (OUT)
  -------------------------------------------------------------------    -------------------





Min Delay Paths
--------------------------------------------------------------------------------------
Slack:                    inf
  Source:                 datapath/Audio_Codec/audiocodec_master_clock/inst/mmcm_adv_inst/CLKOUT0
                            (clock source 'clk_out1_clk_wiz_1'  {rise@0.000ns fall@40.688ns period=81.375ns})
  Destination:            ac_mclk
                            (output port)
  Path Group:             (none)
  Path Type:              Min at Fast Process Corner
  Data Path Delay:        2.605ns  (logic 1.263ns (48.503%)  route 1.341ns (51.497%))
  Logic Levels:           2  (BUFG=1 OBUF=1)
  Clock Uncertainty:      0.202ns  ((TSJ^2 + DJ^2)^1/2) / 2 + PE
    Total System Jitter     (TSJ):    0.050ns
    Discrete Jitter          (DJ):    0.201ns
    Phase Error              (PE):    0.099ns

    Location             Delay type                Incr(ns)  Path(ns)    Netlist Resource(s)
  -------------------------------------------------------------------    -------------------
                         (clock clk_out1_clk_wiz_1 rise edge)
                                                      0.000     0.000 r  
    BUFGCTRL_X0Y2        BUFG                         0.000     0.000 r  clk_IBUF_BUFG_inst/O
                         net (fo=297, routed)         0.610     0.610    datapath/Audio_Codec/audiocodec_master_clock/inst/clk_in1
  -------------------------------------------------------------------    -------------------
    MMCME2_ADV_X0Y2      MMCME2_ADV (Prop_mmcme2_adv_CLKIN1_CLKOUT0)
                                                     -1.180    -0.571 r  datapath/Audio_Codec/audiocodec_master_clock/inst/mmcm_adv_inst/CLKOUT0
                         net (fo=1, routed)           0.545    -0.026    datapath/Audio_Codec/audiocodec_master_clock/inst/clk_out1_clk_wiz_1
    BUFGCTRL_X0Y1        BUFG (Prop_bufg_I_O)         0.026     0.000 r  datapath/Audio_Codec/audiocodec_master_clock/inst/clkout1_buf/O
                         net (fo=1, routed)           0.796     0.796    ac_mclk_OBUF
    U6                   OBUF (Prop_obuf_I_O)         1.237     2.034 r  ac_mclk_OBUF_inst/O
                         net (fo=0)                   0.000     2.034    ac_mclk
    U6                                                                r  ac_mclk (OUT)
  -------------------------------------------------------------------    -------------------





--------------------------------------------------------------------------------------
Path Group:  (none)
From Clock:  clk_out2_clk_wiz_0
  To Clock:  

Max Delay             8 Endpoints
Min Delay             8 Endpoints
--------------------------------------------------------------------------------------


Max Delay Paths
--------------------------------------------------------------------------------------
Slack:                    inf
  Source:                 datapath/video_inst/inst_dvid/ODDR2_red/C
                            (falling edge-triggered cell ODDR clocked by clk_out2_clk_wiz_0  {rise@0.000ns fall@4.000ns period=8.000ns})
  Destination:            tmdsb[2]
                            (output port)
  Path Group:             (none)
  Path Type:              Max at Slow Process Corner
  Data Path Delay:        2.370ns  (logic 2.369ns (99.958%)  route 0.001ns (0.042%))
  Logic Levels:           1  (OBUFDS=1)
  Clock Uncertainty:      0.166ns  ((TSJ^2 + DJ^2)^1/2) / 2 + PE
    Total System Jitter     (TSJ):    0.050ns
    Discrete Jitter          (DJ):    0.125ns
    Phase Error              (PE):    0.099ns

    Location             Delay type                Incr(ns)  Path(ns)    Netlist Resource(s)
  -------------------------------------------------------------------    -------------------
                         (clock clk_out2_clk_wiz_0 fall edge)
                                                      4.000     4.000 f  
    BUFGCTRL_X0Y2        BUFG                         0.000     4.000 f  clk_IBUF_BUFG_inst/O
                         net (fo=297, routed)         2.106     6.106    datapath/video_inst/mmcm_adv_inst_display_clocks/inst/clk_in1
    MMCME2_ADV_X1Y0      MMCME2_ADV (Prop_mmcme2_adv_CLKIN1_CLKOUT1)
                                                     -4.900     1.207 f  datapath/video_inst/mmcm_adv_inst_display_clocks/inst/mmcm_adv_inst/CLKOUT1
                         net (fo=1, routed)           2.697     3.904    datapath/video_inst/mmcm_adv_inst_display_clocks/inst/clk_out2_clk_wiz_0
    BUFGCTRL_X0Y0        BUFG (Prop_bufg_I_O)         0.096     4.000 f  datapath/video_inst/mmcm_adv_inst_display_clocks/inst/clkout2_buf/O
                         net (fo=44, routed)          1.831     5.831    datapath/video_inst/inst_dvid/clk_out2
    OLOGIC_X1Y134        ODDR                                         f  datapath/video_inst/inst_dvid/ODDR2_red/C
  -------------------------------------------------------------------    -------------------
    OLOGIC_X1Y134        ODDR (Prop_oddr_C_Q)         0.472     6.303 r  datapath/video_inst/inst_dvid/ODDR2_red/Q
                         net (fo=1, routed)           0.001     6.304    datapath/video_inst/red_s
    AB3                  OBUFDS (Prop_obufds_I_OB)    1.897     8.201 r  datapath/video_inst/OBUFDS_green/OB
                         net (fo=0)                   0.000     8.201    tmdsb[2]
    AB2                                                               r  tmdsb[2] (OUT)
  -------------------------------------------------------------------    -------------------

Slack:                    inf
  Source:                 datapath/video_inst/inst_dvid/ODDR2_green/C
                            (falling edge-triggered cell ODDR clocked by clk_out2_clk_wiz_0  {rise@0.000ns fall@4.000ns period=8.000ns})
  Destination:            tmdsb[1]
                            (output port)
  Path Group:             (none)
  Path Type:              Max at Slow Process Corner
  Data Path Delay:        2.369ns  (logic 2.368ns (99.958%)  route 0.001ns (0.042%))
  Logic Levels:           1  (OBUFDS=1)
  Clock Uncertainty:      0.166ns  ((TSJ^2 + DJ^2)^1/2) / 2 + PE
    Total System Jitter     (TSJ):    0.050ns
    Discrete Jitter          (DJ):    0.125ns
    Phase Error              (PE):    0.099ns

    Location             Delay type                Incr(ns)  Path(ns)    Netlist Resource(s)
  -------------------------------------------------------------------    -------------------
                         (clock clk_out2_clk_wiz_0 fall edge)
                                                      4.000     4.000 f  
    BUFGCTRL_X0Y2        BUFG                         0.000     4.000 f  clk_IBUF_BUFG_inst/O
                         net (fo=297, routed)         2.106     6.106    datapath/video_inst/mmcm_adv_inst_display_clocks/inst/clk_in1
    MMCME2_ADV_X1Y0      MMCME2_ADV (Prop_mmcme2_adv_CLKIN1_CLKOUT1)
                                                     -4.900     1.207 f  datapath/video_inst/mmcm_adv_inst_display_clocks/inst/mmcm_adv_inst/CLKOUT1
                         net (fo=1, routed)           2.697     3.904    datapath/video_inst/mmcm_adv_inst_display_clocks/inst/clk_out2_clk_wiz_0
    BUFGCTRL_X0Y0        BUFG (Prop_bufg_I_O)         0.096     4.000 f  datapath/video_inst/mmcm_adv_inst_display_clocks/inst/clkout2_buf/O
                         net (fo=44, routed)          1.832     5.832    datapath/video_inst/inst_dvid/clk_out2
    OLOGIC_X1Y136        ODDR                                         f  datapath/video_inst/inst_dvid/ODDR2_green/C
  -------------------------------------------------------------------    -------------------
    OLOGIC_X1Y136        ODDR (Prop_oddr_C_Q)         0.472     6.304 r  datapath/video_inst/inst_dvid/ODDR2_green/Q
                         net (fo=1, routed)           0.001     6.305    datapath/video_inst/green_s
    AA1                  OBUFDS (Prop_obufds_I_OB)    1.896     8.201 r  datapath/video_inst/OBUFDS_red/OB
                         net (fo=0)                   0.000     8.201    tmdsb[1]
    AB1                                                               r  tmdsb[1] (OUT)
  -------------------------------------------------------------------    -------------------

Slack:                    inf
  Source:                 datapath/video_inst/inst_dvid/ODDR2_red/C
                            (falling edge-triggered cell ODDR clocked by clk_out2_clk_wiz_0  {rise@0.000ns fall@4.000ns period=8.000ns})
  Destination:            tmds[2]
                            (output port)
  Path Group:             (none)
  Path Type:              Max at Slow Process Corner
  Data Path Delay:        2.369ns  (logic 2.368ns (99.958%)  route 0.001ns (0.042%))
  Logic Levels:           1  (OBUFDS=1)
  Clock Uncertainty:      0.166ns  ((TSJ^2 + DJ^2)^1/2) / 2 + PE
    Total System Jitter     (TSJ):    0.050ns
    Discrete Jitter          (DJ):    0.125ns
    Phase Error              (PE):    0.099ns

    Location             Delay type                Incr(ns)  Path(ns)    Netlist Resource(s)
  -------------------------------------------------------------------    -------------------
                         (clock clk_out2_clk_wiz_0 fall edge)
                                                      4.000     4.000 f  
    BUFGCTRL_X0Y2        BUFG                         0.000     4.000 f  clk_IBUF_BUFG_inst/O
                         net (fo=297, routed)         2.106     6.106    datapath/video_inst/mmcm_adv_inst_display_clocks/inst/clk_in1
    MMCME2_ADV_X1Y0      MMCME2_ADV (Prop_mmcme2_adv_CLKIN1_CLKOUT1)
                                                     -4.900     1.207 f  datapath/video_inst/mmcm_adv_inst_display_clocks/inst/mmcm_adv_inst/CLKOUT1
                         net (fo=1, routed)           2.697     3.904    datapath/video_inst/mmcm_adv_inst_display_clocks/inst/clk_out2_clk_wiz_0
    BUFGCTRL_X0Y0        BUFG (Prop_bufg_I_O)         0.096     4.000 f  datapath/video_inst/mmcm_adv_inst_display_clocks/inst/clkout2_buf/O
                         net (fo=44, routed)          1.831     5.831    datapath/video_inst/inst_dvid/clk_out2
    OLOGIC_X1Y134        ODDR                                         f  datapath/video_inst/inst_dvid/ODDR2_red/C
  -------------------------------------------------------------------    -------------------
    OLOGIC_X1Y134        ODDR (Prop_oddr_C_Q)         0.472     6.303 r  datapath/video_inst/inst_dvid/ODDR2_red/Q
                         net (fo=1, routed)           0.001     6.304    datapath/video_inst/red_s
    AB3                  OBUFDS (Prop_obufds_I_O)     1.896     8.200 r  datapath/video_inst/OBUFDS_green/O
                         net (fo=0)                   0.000     8.200    tmds[2]
    AB3                                                               r  tmds[2] (OUT)
  -------------------------------------------------------------------    -------------------

Slack:                    inf
  Source:                 datapath/video_inst/inst_dvid/ODDR2_green/C
                            (falling edge-triggered cell ODDR clocked by clk_out2_clk_wiz_0  {rise@0.000ns fall@4.000ns period=8.000ns})
  Destination:            tmds[1]
                            (output port)
  Path Group:             (none)
  Path Type:              Max at Slow Process Corner
  Data Path Delay:        2.368ns  (logic 2.367ns (99.958%)  route 0.001ns (0.042%))
  Logic Levels:           1  (OBUFDS=1)
  Clock Uncertainty:      0.166ns  ((TSJ^2 + DJ^2)^1/2) / 2 + PE
    Total System Jitter     (TSJ):    0.050ns
    Discrete Jitter          (DJ):    0.125ns
    Phase Error              (PE):    0.099ns

    Location             Delay type                Incr(ns)  Path(ns)    Netlist Resource(s)
  -------------------------------------------------------------------    -------------------
                         (clock clk_out2_clk_wiz_0 fall edge)
                                                      4.000     4.000 f  
    BUFGCTRL_X0Y2        BUFG                         0.000     4.000 f  clk_IBUF_BUFG_inst/O
                         net (fo=297, routed)         2.106     6.106    datapath/video_inst/mmcm_adv_inst_display_clocks/inst/clk_in1
    MMCME2_ADV_X1Y0      MMCME2_ADV (Prop_mmcme2_adv_CLKIN1_CLKOUT1)
                                                     -4.900     1.207 f  datapath/video_inst/mmcm_adv_inst_display_clocks/inst/mmcm_adv_inst/CLKOUT1
                         net (fo=1, routed)           2.697     3.904    datapath/video_inst/mmcm_adv_inst_display_clocks/inst/clk_out2_clk_wiz_0
    BUFGCTRL_X0Y0        BUFG (Prop_bufg_I_O)         0.096     4.000 f  datapath/video_inst/mmcm_adv_inst_display_clocks/inst/clkout2_buf/O
                         net (fo=44, routed)          1.832     5.832    datapath/video_inst/inst_dvid/clk_out2
    OLOGIC_X1Y136        ODDR                                         f  datapath/video_inst/inst_dvid/ODDR2_green/C
  -------------------------------------------------------------------    -------------------
    OLOGIC_X1Y136        ODDR (Prop_oddr_C_Q)         0.472     6.304 r  datapath/video_inst/inst_dvid/ODDR2_green/Q
                         net (fo=1, routed)           0.001     6.305    datapath/video_inst/green_s
    AA1                  OBUFDS (Prop_obufds_I_O)     1.895     8.200 r  datapath/video_inst/OBUFDS_red/O
                         net (fo=0)                   0.000     8.200    tmds[1]
    AA1                                                               r  tmds[1] (OUT)
  -------------------------------------------------------------------    -------------------

Slack:                    inf
  Source:                 datapath/video_inst/inst_dvid/ODDR2_blue/C
                            (falling edge-triggered cell ODDR clocked by clk_out2_clk_wiz_0  {rise@0.000ns fall@4.000ns period=8.000ns})
  Destination:            tmdsb[0]
                            (output port)
  Path Group:             (none)
  Path Type:              Max at Slow Process Corner
  Data Path Delay:        2.358ns  (logic 2.357ns (99.958%)  route 0.001ns (0.042%))
  Logic Levels:           1  (OBUFDS=1)
  Clock Uncertainty:      0.166ns  ((TSJ^2 + DJ^2)^1/2) / 2 + PE
    Total System Jitter     (TSJ):    0.050ns
    Discrete Jitter          (DJ):    0.125ns
    Phase Error              (PE):    0.099ns

    Location             Delay type                Incr(ns)  Path(ns)    Netlist Resource(s)
  -------------------------------------------------------------------    -------------------
                         (clock clk_out2_clk_wiz_0 fall edge)
                                                      4.000     4.000 f  
    BUFGCTRL_X0Y2        BUFG                         0.000     4.000 f  clk_IBUF_BUFG_inst/O
                         net (fo=297, routed)         2.106     6.106    datapath/video_inst/mmcm_adv_inst_display_clocks/inst/clk_in1
    MMCME2_ADV_X1Y0      MMCME2_ADV (Prop_mmcme2_adv_CLKIN1_CLKOUT1)
                                                     -4.900     1.207 f  datapath/video_inst/mmcm_adv_inst_display_clocks/inst/mmcm_adv_inst/CLKOUT1
                         net (fo=1, routed)           2.697     3.904    datapath/video_inst/mmcm_adv_inst_display_clocks/inst/clk_out2_clk_wiz_0
    BUFGCTRL_X0Y0        BUFG (Prop_bufg_I_O)         0.096     4.000 f  datapath/video_inst/mmcm_adv_inst_display_clocks/inst/clkout2_buf/O
                         net (fo=44, routed)          1.835     5.835    datapath/video_inst/inst_dvid/clk_out2
    OLOGIC_X1Y140        ODDR                                         f  datapath/video_inst/inst_dvid/ODDR2_blue/C
  -------------------------------------------------------------------    -------------------
    OLOGIC_X1Y140        ODDR (Prop_oddr_C_Q)         0.472     6.307 r  datapath/video_inst/inst_dvid/ODDR2_blue/Q
                         net (fo=1, routed)           0.001     6.308    datapath/video_inst/blue_s
    W1                   OBUFDS (Prop_obufds_I_OB)    1.885     8.193 r  datapath/video_inst/OBUFDS_blue/OB
                         net (fo=0)                   0.000     8.193    tmdsb[0]
    Y1                                                                r  tmdsb[0] (OUT)
  -------------------------------------------------------------------    -------------------

Slack:                    inf
  Source:                 datapath/video_inst/inst_dvid/ODDR2_blue/C
                            (falling edge-triggered cell ODDR clocked by clk_out2_clk_wiz_0  {rise@0.000ns fall@4.000ns period=8.000ns})
  Destination:            tmds[0]
                            (output port)
  Path Group:             (none)
  Path Type:              Max at Slow Process Corner
  Data Path Delay:        2.357ns  (logic 2.356ns (99.958%)  route 0.001ns (0.042%))
  Logic Levels:           1  (OBUFDS=1)
  Clock Uncertainty:      0.166ns  ((TSJ^2 + DJ^2)^1/2) / 2 + PE
    Total System Jitter     (TSJ):    0.050ns
    Discrete Jitter          (DJ):    0.125ns
    Phase Error              (PE):    0.099ns

    Location             Delay type                Incr(ns)  Path(ns)    Netlist Resource(s)
  -------------------------------------------------------------------    -------------------
                         (clock clk_out2_clk_wiz_0 fall edge)
                                                      4.000     4.000 f  
    BUFGCTRL_X0Y2        BUFG                         0.000     4.000 f  clk_IBUF_BUFG_inst/O
                         net (fo=297, routed)         2.106     6.106    datapath/video_inst/mmcm_adv_inst_display_clocks/inst/clk_in1
    MMCME2_ADV_X1Y0      MMCME2_ADV (Prop_mmcme2_adv_CLKIN1_CLKOUT1)
                                                     -4.900     1.207 f  datapath/video_inst/mmcm_adv_inst_display_clocks/inst/mmcm_adv_inst/CLKOUT1
                         net (fo=1, routed)           2.697     3.904    datapath/video_inst/mmcm_adv_inst_display_clocks/inst/clk_out2_clk_wiz_0
    BUFGCTRL_X0Y0        BUFG (Prop_bufg_I_O)         0.096     4.000 f  datapath/video_inst/mmcm_adv_inst_display_clocks/inst/clkout2_buf/O
                         net (fo=44, routed)          1.835     5.835    datapath/video_inst/inst_dvid/clk_out2
    OLOGIC_X1Y140        ODDR                                         f  datapath/video_inst/inst_dvid/ODDR2_blue/C
  -------------------------------------------------------------------    -------------------
    OLOGIC_X1Y140        ODDR (Prop_oddr_C_Q)         0.472     6.307 r  datapath/video_inst/inst_dvid/ODDR2_blue/Q
                         net (fo=1, routed)           0.001     6.308    datapath/video_inst/blue_s
    W1                   OBUFDS (Prop_obufds_I_O)     1.884     8.192 r  datapath/video_inst/OBUFDS_blue/O
                         net (fo=0)                   0.000     8.192    tmds[0]
    W1                                                                r  tmds[0] (OUT)
  -------------------------------------------------------------------    -------------------

Slack:                    inf
  Source:                 datapath/video_inst/inst_dvid/ODDR2_clock/C
                            (falling edge-triggered cell ODDR clocked by clk_out2_clk_wiz_0  {rise@0.000ns fall@4.000ns period=8.000ns})
  Destination:            tmdsb[3]
                            (output port)
  Path Group:             (none)
  Path Type:              Max at Slow Process Corner
  Data Path Delay:        2.341ns  (logic 2.340ns (99.957%)  route 0.001ns (0.043%))
  Logic Levels:           1  (OBUFDS=1)
  Clock Uncertainty:      0.166ns  ((TSJ^2 + DJ^2)^1/2) / 2 + PE
    Total System Jitter     (TSJ):    0.050ns
    Discrete Jitter          (DJ):    0.125ns
    Phase Error              (PE):    0.099ns

    Location             Delay type                Incr(ns)  Path(ns)    Netlist Resource(s)
  -------------------------------------------------------------------    -------------------
                         (clock clk_out2_clk_wiz_0 fall edge)
                                                      4.000     4.000 f  
    BUFGCTRL_X0Y2        BUFG                         0.000     4.000 f  clk_IBUF_BUFG_inst/O
                         net (fo=297, routed)         2.106     6.106    datapath/video_inst/mmcm_adv_inst_display_clocks/inst/clk_in1
    MMCME2_ADV_X1Y0      MMCME2_ADV (Prop_mmcme2_adv_CLKIN1_CLKOUT1)
                                                     -4.900     1.207 f  datapath/video_inst/mmcm_adv_inst_display_clocks/inst/mmcm_adv_inst/CLKOUT1
                         net (fo=1, routed)           2.697     3.904    datapath/video_inst/mmcm_adv_inst_display_clocks/inst/clk_out2_clk_wiz_0
    BUFGCTRL_X0Y0        BUFG (Prop_bufg_I_O)         0.096     4.000 f  datapath/video_inst/mmcm_adv_inst_display_clocks/inst/clkout2_buf/O
                         net (fo=44, routed)          1.838     5.838    datapath/video_inst/inst_dvid/clk_out2
    OLOGIC_X1Y148        ODDR                                         f  datapath/video_inst/inst_dvid/ODDR2_clock/C
  -------------------------------------------------------------------    -------------------
    OLOGIC_X1Y148        ODDR (Prop_oddr_C_Q)         0.472     6.310 r  datapath/video_inst/inst_dvid/ODDR2_clock/Q
                         net (fo=1, routed)           0.001     6.311    datapath/video_inst/clock_s
    T1                   OBUFDS (Prop_obufds_I_OB)    1.868     8.179 r  datapath/video_inst/OBUFDS_clock/OB
                         net (fo=0)                   0.000     8.179    tmdsb[3]
    U1                                                                r  tmdsb[3] (OUT)
  -------------------------------------------------------------------    -------------------

Slack:                    inf
  Source:                 datapath/video_inst/inst_dvid/ODDR2_clock/C
                            (falling edge-triggered cell ODDR clocked by clk_out2_clk_wiz_0  {rise@0.000ns fall@4.000ns period=8.000ns})
  Destination:            tmds[3]
                            (output port)
  Path Group:             (none)
  Path Type:              Max at Slow Process Corner
  Data Path Delay:        2.340ns  (logic 2.339ns (99.957%)  route 0.001ns (0.043%))
  Logic Levels:           1  (OBUFDS=1)
  Clock Uncertainty:      0.166ns  ((TSJ^2 + DJ^2)^1/2) / 2 + PE
    Total System Jitter     (TSJ):    0.050ns
    Discrete Jitter          (DJ):    0.125ns
    Phase Error              (PE):    0.099ns

    Location             Delay type                Incr(ns)  Path(ns)    Netlist Resource(s)
  -------------------------------------------------------------------    -------------------
                         (clock clk_out2_clk_wiz_0 fall edge)
                                                      4.000     4.000 f  
    BUFGCTRL_X0Y2        BUFG                         0.000     4.000 f  clk_IBUF_BUFG_inst/O
                         net (fo=297, routed)         2.106     6.106    datapath/video_inst/mmcm_adv_inst_display_clocks/inst/clk_in1
    MMCME2_ADV_X1Y0      MMCME2_ADV (Prop_mmcme2_adv_CLKIN1_CLKOUT1)
                                                     -4.900     1.207 f  datapath/video_inst/mmcm_adv_inst_display_clocks/inst/mmcm_adv_inst/CLKOUT1
                         net (fo=1, routed)           2.697     3.904    datapath/video_inst/mmcm_adv_inst_display_clocks/inst/clk_out2_clk_wiz_0
    BUFGCTRL_X0Y0        BUFG (Prop_bufg_I_O)         0.096     4.000 f  datapath/video_inst/mmcm_adv_inst_display_clocks/inst/clkout2_buf/O
                         net (fo=44, routed)          1.838     5.838    datapath/video_inst/inst_dvid/clk_out2
    OLOGIC_X1Y148        ODDR                                         f  datapath/video_inst/inst_dvid/ODDR2_clock/C
  -------------------------------------------------------------------    -------------------
    OLOGIC_X1Y148        ODDR (Prop_oddr_C_Q)         0.472     6.310 r  datapath/video_inst/inst_dvid/ODDR2_clock/Q
                         net (fo=1, routed)           0.001     6.311    datapath/video_inst/clock_s
    T1                   OBUFDS (Prop_obufds_I_O)     1.867     8.178 r  datapath/video_inst/OBUFDS_clock/O
                         net (fo=0)                   0.000     8.178    tmds[3]
    T1                                                                r  tmds[3] (OUT)
  -------------------------------------------------------------------    -------------------





Min Delay Paths
--------------------------------------------------------------------------------------
Slack:                    inf
  Source:                 datapath/video_inst/inst_dvid/ODDR2_clock/C
                            (rising edge-triggered cell ODDR clocked by clk_out2_clk_wiz_0  {rise@0.000ns fall@4.000ns period=8.000ns})
  Destination:            tmds[3]
                            (output port)
  Path Group:             (none)
  Path Type:              Min at Fast Process Corner
  Data Path Delay:        0.994ns  (logic 0.993ns (99.899%)  route 0.001ns (0.101%))
  Logic Levels:           1  (OBUFDS=1)
  Clock Uncertainty:      0.166ns  ((TSJ^2 + DJ^2)^1/2) / 2 + PE
    Total System Jitter     (TSJ):    0.050ns
    Discrete Jitter          (DJ):    0.125ns
    Phase Error              (PE):    0.099ns

    Location             Delay type                Incr(ns)  Path(ns)    Netlist Resource(s)
  -------------------------------------------------------------------    -------------------
                         (clock clk_out2_clk_wiz_0 rise edge)
                                                      0.000     0.000 r  
    BUFGCTRL_X0Y2        BUFG                         0.000     0.000 r  clk_IBUF_BUFG_inst/O
                         net (fo=297, routed)         0.745     0.745    datapath/video_inst/mmcm_adv_inst_display_clocks/inst/clk_in1
    MMCME2_ADV_X1Y0      MMCME2_ADV (Prop_mmcme2_adv_CLKIN1_CLKOUT1)
                                                     -1.683    -0.938 r  datapath/video_inst/mmcm_adv_inst_display_clocks/inst/mmcm_adv_inst/CLKOUT1
                         net (fo=1, routed)           0.912    -0.026    datapath/video_inst/mmcm_adv_inst_display_clocks/inst/clk_out2_clk_wiz_0
    BUFGCTRL_X0Y0        BUFG (Prop_bufg_I_O)         0.026    -0.000 r  datapath/video_inst/mmcm_adv_inst_display_clocks/inst/clkout2_buf/O
                         net (fo=44, routed)          0.640     0.640    datapath/video_inst/inst_dvid/clk_out2
    OLOGIC_X1Y148        ODDR                                         r  datapath/video_inst/inst_dvid/ODDR2_clock/C
  -------------------------------------------------------------------    -------------------
    OLOGIC_X1Y148        ODDR (Prop_oddr_C_Q)         0.177     0.817 r  datapath/video_inst/inst_dvid/ODDR2_clock/Q
                         net (fo=1, routed)           0.001     0.818    datapath/video_inst/clock_s
    T1                   OBUFDS (Prop_obufds_I_O)     0.816     1.634 r  datapath/video_inst/OBUFDS_clock/O
                         net (fo=0)                   0.000     1.634    tmds[3]
    T1                                                                r  tmds[3] (OUT)
  -------------------------------------------------------------------    -------------------

Slack:                    inf
  Source:                 datapath/video_inst/inst_dvid/ODDR2_clock/C
                            (rising edge-triggered cell ODDR clocked by clk_out2_clk_wiz_0  {rise@0.000ns fall@4.000ns period=8.000ns})
  Destination:            tmdsb[3]
                            (output port)
  Path Group:             (none)
  Path Type:              Min at Fast Process Corner
  Data Path Delay:        0.995ns  (logic 0.994ns (99.899%)  route 0.001ns (0.101%))
  Logic Levels:           1  (OBUFDS=1)
  Clock Uncertainty:      0.166ns  ((TSJ^2 + DJ^2)^1/2) / 2 + PE
    Total System Jitter     (TSJ):    0.050ns
    Discrete Jitter          (DJ):    0.125ns
    Phase Error              (PE):    0.099ns

    Location             Delay type                Incr(ns)  Path(ns)    Netlist Resource(s)
  -------------------------------------------------------------------    -------------------
                         (clock clk_out2_clk_wiz_0 rise edge)
                                                      0.000     0.000 r  
    BUFGCTRL_X0Y2        BUFG                         0.000     0.000 r  clk_IBUF_BUFG_inst/O
                         net (fo=297, routed)         0.745     0.745    datapath/video_inst/mmcm_adv_inst_display_clocks/inst/clk_in1
    MMCME2_ADV_X1Y0      MMCME2_ADV (Prop_mmcme2_adv_CLKIN1_CLKOUT1)
                                                     -1.683    -0.938 r  datapath/video_inst/mmcm_adv_inst_display_clocks/inst/mmcm_adv_inst/CLKOUT1
                         net (fo=1, routed)           0.912    -0.026    datapath/video_inst/mmcm_adv_inst_display_clocks/inst/clk_out2_clk_wiz_0
    BUFGCTRL_X0Y0        BUFG (Prop_bufg_I_O)         0.026    -0.000 r  datapath/video_inst/mmcm_adv_inst_display_clocks/inst/clkout2_buf/O
                         net (fo=44, routed)          0.640     0.640    datapath/video_inst/inst_dvid/clk_out2
    OLOGIC_X1Y148        ODDR                                         r  datapath/video_inst/inst_dvid/ODDR2_clock/C
  -------------------------------------------------------------------    -------------------
    OLOGIC_X1Y148        ODDR (Prop_oddr_C_Q)         0.177     0.817 r  datapath/video_inst/inst_dvid/ODDR2_clock/Q
                         net (fo=1, routed)           0.001     0.818    datapath/video_inst/clock_s
    T1                   OBUFDS (Prop_obufds_I_OB)    0.817     1.635 r  datapath/video_inst/OBUFDS_clock/OB
                         net (fo=0)                   0.000     1.635    tmdsb[3]
    U1                                                                r  tmdsb[3] (OUT)
  -------------------------------------------------------------------    -------------------

Slack:                    inf
  Source:                 datapath/video_inst/inst_dvid/ODDR2_blue/C
                            (rising edge-triggered cell ODDR clocked by clk_out2_clk_wiz_0  {rise@0.000ns fall@4.000ns period=8.000ns})
  Destination:            tmds[0]
                            (output port)
  Path Group:             (none)
  Path Type:              Min at Fast Process Corner
  Data Path Delay:        1.010ns  (logic 1.009ns (99.901%)  route 0.001ns (0.099%))
  Logic Levels:           1  (OBUFDS=1)
  Clock Uncertainty:      0.166ns  ((TSJ^2 + DJ^2)^1/2) / 2 + PE
    Total System Jitter     (TSJ):    0.050ns
    Discrete Jitter          (DJ):    0.125ns
    Phase Error              (PE):    0.099ns

    Location             Delay type                Incr(ns)  Path(ns)    Netlist Resource(s)
  -------------------------------------------------------------------    -------------------
                         (clock clk_out2_clk_wiz_0 rise edge)
                                                      0.000     0.000 r  
    BUFGCTRL_X0Y2        BUFG                         0.000     0.000 r  clk_IBUF_BUFG_inst/O
                         net (fo=297, routed)         0.745     0.745    datapath/video_inst/mmcm_adv_inst_display_clocks/inst/clk_in1
    MMCME2_ADV_X1Y0      MMCME2_ADV (Prop_mmcme2_adv_CLKIN1_CLKOUT1)
                                                     -1.683    -0.938 r  datapath/video_inst/mmcm_adv_inst_display_clocks/inst/mmcm_adv_inst/CLKOUT1
                         net (fo=1, routed)           0.912    -0.026    datapath/video_inst/mmcm_adv_inst_display_clocks/inst/clk_out2_clk_wiz_0
    BUFGCTRL_X0Y0        BUFG (Prop_bufg_I_O)         0.026    -0.000 r  datapath/video_inst/mmcm_adv_inst_display_clocks/inst/clkout2_buf/O
                         net (fo=44, routed)          0.638     0.638    datapath/video_inst/inst_dvid/clk_out2
    OLOGIC_X1Y140        ODDR                                         r  datapath/video_inst/inst_dvid/ODDR2_blue/C
  -------------------------------------------------------------------    -------------------
    OLOGIC_X1Y140        ODDR (Prop_oddr_C_Q)         0.177     0.815 r  datapath/video_inst/inst_dvid/ODDR2_blue/Q
                         net (fo=1, routed)           0.001     0.816    datapath/video_inst/blue_s
    W1                   OBUFDS (Prop_obufds_I_O)     0.832     1.648 r  datapath/video_inst/OBUFDS_blue/O
                         net (fo=0)                   0.000     1.648    tmds[0]
    W1                                                                r  tmds[0] (OUT)
  -------------------------------------------------------------------    -------------------

Slack:                    inf
  Source:                 datapath/video_inst/inst_dvid/ODDR2_blue/C
                            (rising edge-triggered cell ODDR clocked by clk_out2_clk_wiz_0  {rise@0.000ns fall@4.000ns period=8.000ns})
  Destination:            tmdsb[0]
                            (output port)
  Path Group:             (none)
  Path Type:              Min at Fast Process Corner
  Data Path Delay:        1.011ns  (logic 1.010ns (99.901%)  route 0.001ns (0.099%))
  Logic Levels:           1  (OBUFDS=1)
  Clock Uncertainty:      0.166ns  ((TSJ^2 + DJ^2)^1/2) / 2 + PE
    Total System Jitter     (TSJ):    0.050ns
    Discrete Jitter          (DJ):    0.125ns
    Phase Error              (PE):    0.099ns

    Location             Delay type                Incr(ns)  Path(ns)    Netlist Resource(s)
  -------------------------------------------------------------------    -------------------
                         (clock clk_out2_clk_wiz_0 rise edge)
                                                      0.000     0.000 r  
    BUFGCTRL_X0Y2        BUFG                         0.000     0.000 r  clk_IBUF_BUFG_inst/O
                         net (fo=297, routed)         0.745     0.745    datapath/video_inst/mmcm_adv_inst_display_clocks/inst/clk_in1
    MMCME2_ADV_X1Y0      MMCME2_ADV (Prop_mmcme2_adv_CLKIN1_CLKOUT1)
                                                     -1.683    -0.938 r  datapath/video_inst/mmcm_adv_inst_display_clocks/inst/mmcm_adv_inst/CLKOUT1
                         net (fo=1, routed)           0.912    -0.026    datapath/video_inst/mmcm_adv_inst_display_clocks/inst/clk_out2_clk_wiz_0
    BUFGCTRL_X0Y0        BUFG (Prop_bufg_I_O)         0.026    -0.000 r  datapath/video_inst/mmcm_adv_inst_display_clocks/inst/clkout2_buf/O
                         net (fo=44, routed)          0.638     0.638    datapath/video_inst/inst_dvid/clk_out2
    OLOGIC_X1Y140        ODDR                                         r  datapath/video_inst/inst_dvid/ODDR2_blue/C
  -------------------------------------------------------------------    -------------------
    OLOGIC_X1Y140        ODDR (Prop_oddr_C_Q)         0.177     0.815 r  datapath/video_inst/inst_dvid/ODDR2_blue/Q
                         net (fo=1, routed)           0.001     0.816    datapath/video_inst/blue_s
    W1                   OBUFDS (Prop_obufds_I_OB)    0.833     1.649 r  datapath/video_inst/OBUFDS_blue/OB
                         net (fo=0)                   0.000     1.649    tmdsb[0]
    Y1                                                                r  tmdsb[0] (OUT)
  -------------------------------------------------------------------    -------------------

Slack:                    inf
  Source:                 datapath/video_inst/inst_dvid/ODDR2_green/C
                            (rising edge-triggered cell ODDR clocked by clk_out2_clk_wiz_0  {rise@0.000ns fall@4.000ns period=8.000ns})
  Destination:            tmds[1]
                            (output port)
  Path Group:             (none)
  Path Type:              Min at Fast Process Corner
  Data Path Delay:        1.022ns  (logic 1.021ns (99.902%)  route 0.001ns (0.098%))
  Logic Levels:           1  (OBUFDS=1)
  Clock Uncertainty:      0.166ns  ((TSJ^2 + DJ^2)^1/2) / 2 + PE
    Total System Jitter     (TSJ):    0.050ns
    Discrete Jitter          (DJ):    0.125ns
    Phase Error              (PE):    0.099ns

    Location             Delay type                Incr(ns)  Path(ns)    Netlist Resource(s)
  -------------------------------------------------------------------    -------------------
                         (clock clk_out2_clk_wiz_0 rise edge)
                                                      0.000     0.000 r  
    BUFGCTRL_X0Y2        BUFG                         0.000     0.000 r  clk_IBUF_BUFG_inst/O
                         net (fo=297, routed)         0.745     0.745    datapath/video_inst/mmcm_adv_inst_display_clocks/inst/clk_in1
    MMCME2_ADV_X1Y0      MMCME2_ADV (Prop_mmcme2_adv_CLKIN1_CLKOUT1)
                                                     -1.683    -0.938 r  datapath/video_inst/mmcm_adv_inst_display_clocks/inst/mmcm_adv_inst/CLKOUT1
                         net (fo=1, routed)           0.912    -0.026    datapath/video_inst/mmcm_adv_inst_display_clocks/inst/clk_out2_clk_wiz_0
    BUFGCTRL_X0Y0        BUFG (Prop_bufg_I_O)         0.026    -0.000 r  datapath/video_inst/mmcm_adv_inst_display_clocks/inst/clkout2_buf/O
                         net (fo=44, routed)          0.636     0.636    datapath/video_inst/inst_dvid/clk_out2
    OLOGIC_X1Y136        ODDR                                         r  datapath/video_inst/inst_dvid/ODDR2_green/C
  -------------------------------------------------------------------    -------------------
    OLOGIC_X1Y136        ODDR (Prop_oddr_C_Q)         0.177     0.813 r  datapath/video_inst/inst_dvid/ODDR2_green/Q
                         net (fo=1, routed)           0.001     0.814    datapath/video_inst/green_s
    AA1                  OBUFDS (Prop_obufds_I_O)     0.844     1.657 r  datapath/video_inst/OBUFDS_red/O
                         net (fo=0)                   0.000     1.657    tmds[1]
    AA1                                                               r  tmds[1] (OUT)
  -------------------------------------------------------------------    -------------------

Slack:                    inf
  Source:                 datapath/video_inst/inst_dvid/ODDR2_green/C
                            (rising edge-triggered cell ODDR clocked by clk_out2_clk_wiz_0  {rise@0.000ns fall@4.000ns period=8.000ns})
  Destination:            tmdsb[1]
                            (output port)
  Path Group:             (none)
  Path Type:              Min at Fast Process Corner
  Data Path Delay:        1.023ns  (logic 1.022ns (99.902%)  route 0.001ns (0.098%))
  Logic Levels:           1  (OBUFDS=1)
  Clock Uncertainty:      0.166ns  ((TSJ^2 + DJ^2)^1/2) / 2 + PE
    Total System Jitter     (TSJ):    0.050ns
    Discrete Jitter          (DJ):    0.125ns
    Phase Error              (PE):    0.099ns

    Location             Delay type                Incr(ns)  Path(ns)    Netlist Resource(s)
  -------------------------------------------------------------------    -------------------
                         (clock clk_out2_clk_wiz_0 rise edge)
                                                      0.000     0.000 r  
    BUFGCTRL_X0Y2        BUFG                         0.000     0.000 r  clk_IBUF_BUFG_inst/O
                         net (fo=297, routed)         0.745     0.745    datapath/video_inst/mmcm_adv_inst_display_clocks/inst/clk_in1
    MMCME2_ADV_X1Y0      MMCME2_ADV (Prop_mmcme2_adv_CLKIN1_CLKOUT1)
                                                     -1.683    -0.938 r  datapath/video_inst/mmcm_adv_inst_display_clocks/inst/mmcm_adv_inst/CLKOUT1
                         net (fo=1, routed)           0.912    -0.026    datapath/video_inst/mmcm_adv_inst_display_clocks/inst/clk_out2_clk_wiz_0
    BUFGCTRL_X0Y0        BUFG (Prop_bufg_I_O)         0.026    -0.000 r  datapath/video_inst/mmcm_adv_inst_display_clocks/inst/clkout2_buf/O
                         net (fo=44, routed)          0.636     0.636    datapath/video_inst/inst_dvid/clk_out2
    OLOGIC_X1Y136        ODDR                                         r  datapath/video_inst/inst_dvid/ODDR2_green/C
  -------------------------------------------------------------------    -------------------
    OLOGIC_X1Y136        ODDR (Prop_oddr_C_Q)         0.177     0.813 r  datapath/video_inst/inst_dvid/ODDR2_green/Q
                         net (fo=1, routed)           0.001     0.814    datapath/video_inst/green_s
    AA1                  OBUFDS (Prop_obufds_I_OB)    0.845     1.658 r  datapath/video_inst/OBUFDS_red/OB
                         net (fo=0)                   0.000     1.658    tmdsb[1]
    AB1                                                               r  tmdsb[1] (OUT)
  -------------------------------------------------------------------    -------------------

Slack:                    inf
  Source:                 datapath/video_inst/inst_dvid/ODDR2_red/C
                            (rising edge-triggered cell ODDR clocked by clk_out2_clk_wiz_0  {rise@0.000ns fall@4.000ns period=8.000ns})
  Destination:            tmds[2]
                            (output port)
  Path Group:             (none)
  Path Type:              Min at Fast Process Corner
  Data Path Delay:        1.023ns  (logic 1.022ns (99.902%)  route 0.001ns (0.098%))
  Logic Levels:           1  (OBUFDS=1)
  Clock Uncertainty:      0.166ns  ((TSJ^2 + DJ^2)^1/2) / 2 + PE
    Total System Jitter     (TSJ):    0.050ns
    Discrete Jitter          (DJ):    0.125ns
    Phase Error              (PE):    0.099ns

    Location             Delay type                Incr(ns)  Path(ns)    Netlist Resource(s)
  -------------------------------------------------------------------    -------------------
                         (clock clk_out2_clk_wiz_0 rise edge)
                                                      0.000     0.000 r  
    BUFGCTRL_X0Y2        BUFG                         0.000     0.000 r  clk_IBUF_BUFG_inst/O
                         net (fo=297, routed)         0.745     0.745    datapath/video_inst/mmcm_adv_inst_display_clocks/inst/clk_in1
    MMCME2_ADV_X1Y0      MMCME2_ADV (Prop_mmcme2_adv_CLKIN1_CLKOUT1)
                                                     -1.683    -0.938 r  datapath/video_inst/mmcm_adv_inst_display_clocks/inst/mmcm_adv_inst/CLKOUT1
                         net (fo=1, routed)           0.912    -0.026    datapath/video_inst/mmcm_adv_inst_display_clocks/inst/clk_out2_clk_wiz_0
    BUFGCTRL_X0Y0        BUFG (Prop_bufg_I_O)         0.026    -0.000 r  datapath/video_inst/mmcm_adv_inst_display_clocks/inst/clkout2_buf/O
                         net (fo=44, routed)          0.636     0.636    datapath/video_inst/inst_dvid/clk_out2
    OLOGIC_X1Y134        ODDR                                         r  datapath/video_inst/inst_dvid/ODDR2_red/C
  -------------------------------------------------------------------    -------------------
    OLOGIC_X1Y134        ODDR (Prop_oddr_C_Q)         0.177     0.813 r  datapath/video_inst/inst_dvid/ODDR2_red/Q
                         net (fo=1, routed)           0.001     0.814    datapath/video_inst/red_s
    AB3                  OBUFDS (Prop_obufds_I_O)     0.845     1.659 r  datapath/video_inst/OBUFDS_green/O
                         net (fo=0)                   0.000     1.659    tmds[2]
    AB3                                                               r  tmds[2] (OUT)
  -------------------------------------------------------------------    -------------------

Slack:                    inf
  Source:                 datapath/video_inst/inst_dvid/ODDR2_red/C
                            (rising edge-triggered cell ODDR clocked by clk_out2_clk_wiz_0  {rise@0.000ns fall@4.000ns period=8.000ns})
  Destination:            tmdsb[2]
                            (output port)
  Path Group:             (none)
  Path Type:              Min at Fast Process Corner
  Data Path Delay:        1.024ns  (logic 1.023ns (99.902%)  route 0.001ns (0.098%))
  Logic Levels:           1  (OBUFDS=1)
  Clock Uncertainty:      0.166ns  ((TSJ^2 + DJ^2)^1/2) / 2 + PE
    Total System Jitter     (TSJ):    0.050ns
    Discrete Jitter          (DJ):    0.125ns
    Phase Error              (PE):    0.099ns

    Location             Delay type                Incr(ns)  Path(ns)    Netlist Resource(s)
  -------------------------------------------------------------------    -------------------
                         (clock clk_out2_clk_wiz_0 rise edge)
                                                      0.000     0.000 r  
    BUFGCTRL_X0Y2        BUFG                         0.000     0.000 r  clk_IBUF_BUFG_inst/O
                         net (fo=297, routed)         0.745     0.745    datapath/video_inst/mmcm_adv_inst_display_clocks/inst/clk_in1
    MMCME2_ADV_X1Y0      MMCME2_ADV (Prop_mmcme2_adv_CLKIN1_CLKOUT1)
                                                     -1.683    -0.938 r  datapath/video_inst/mmcm_adv_inst_display_clocks/inst/mmcm_adv_inst/CLKOUT1
                         net (fo=1, routed)           0.912    -0.026    datapath/video_inst/mmcm_adv_inst_display_clocks/inst/clk_out2_clk_wiz_0
    BUFGCTRL_X0Y0        BUFG (Prop_bufg_I_O)         0.026    -0.000 r  datapath/video_inst/mmcm_adv_inst_display_clocks/inst/clkout2_buf/O
                         net (fo=44, routed)          0.636     0.636    datapath/video_inst/inst_dvid/clk_out2
    OLOGIC_X1Y134        ODDR                                         r  datapath/video_inst/inst_dvid/ODDR2_red/C
  -------------------------------------------------------------------    -------------------
    OLOGIC_X1Y134        ODDR (Prop_oddr_C_Q)         0.177     0.813 r  datapath/video_inst/inst_dvid/ODDR2_red/Q
                         net (fo=1, routed)           0.001     0.814    datapath/video_inst/red_s
    AB3                  OBUFDS (Prop_obufds_I_OB)    0.846     1.660 r  datapath/video_inst/OBUFDS_green/OB
                         net (fo=0)                   0.000     1.660    tmdsb[2]
    AB2                                                               r  tmdsb[2] (OUT)
  -------------------------------------------------------------------    -------------------





--------------------------------------------------------------------------------------
Path Group:  (none)
From Clock:  clk_out2_clk_wiz_1
  To Clock:  

Max Delay             2 Endpoints
Min Delay             2 Endpoints
--------------------------------------------------------------------------------------


Max Delay Paths
--------------------------------------------------------------------------------------
Slack:                    inf
  Source:                 datapath/Audio_Codec/initialize_audio/twi_controller/rSda_reg/C
                            (rising edge-triggered cell FDRE clocked by clk_out2_clk_wiz_1  {rise@0.000ns fall@10.000ns period=20.000ns})
  Destination:            sda
                            (output port)
  Path Group:             (none)
  Path Type:              Max at Slow Process Corner
  Data Path Delay:        5.779ns  (logic 4.004ns (69.279%)  route 1.775ns (30.721%))
  Logic Levels:           1  (OBUFT=1)
  Clock Uncertainty:      0.178ns  ((TSJ^2 + DJ^2)^1/2) / 2 + PE
    Total System Jitter     (TSJ):    0.050ns
    Discrete Jitter          (DJ):    0.152ns
    Phase Error              (PE):    0.099ns

    Location             Delay type                Incr(ns)  Path(ns)    Netlist Resource(s)
  -------------------------------------------------------------------    -------------------
                         (clock clk_out2_clk_wiz_1 rise edge)
                                                      0.000     0.000 r  
    BUFGCTRL_X0Y2        BUFG                         0.000     0.000 r  clk_IBUF_BUFG_inst/O
                         net (fo=297, routed)         1.761     1.761    datapath/Audio_Codec/audiocodec_master_clock/inst/clk_in1
    MMCME2_ADV_X0Y2      MMCME2_ADV (Prop_mmcme2_adv_CLKIN1_CLKOUT1)
                                                     -3.701    -1.939 r  datapath/Audio_Codec/audiocodec_master_clock/inst/mmcm_adv_inst/CLKOUT1
                         net (fo=1, routed)           1.843    -0.096    datapath/Audio_Codec/audiocodec_master_clock/inst/clk_out2_clk_wiz_1
    BUFGCTRL_X0Y3        BUFG (Prop_bufg_I_O)         0.096    -0.000 r  datapath/Audio_Codec/audiocodec_master_clock/inst/clkout2_buf/O
                         net (fo=115, routed)         1.824     1.824    datapath/Audio_Codec/initialize_audio/twi_controller/CLK
    SLICE_X161Y116       FDRE                                         r  datapath/Audio_Codec/initialize_audio/twi_controller/rSda_reg/C
  -------------------------------------------------------------------    -------------------
    SLICE_X161Y116       FDRE (Prop_fdre_C_Q)         0.456     2.280 f  datapath/Audio_Codec/initialize_audio/twi_controller/rSda_reg/Q
                         net (fo=3, routed)           1.775     4.056    sda_IOBUF_inst/T
    V5                   OBUFT (TriStatE_obuft_T_O)
                                                      3.548     7.604 r  sda_IOBUF_inst/OBUFT/O
                         net (fo=1, unset)            0.000     7.604    sda
    V5                                                                r  sda (INOUT)
  -------------------------------------------------------------------    -------------------

Slack:                    inf
  Source:                 datapath/Audio_Codec/initialize_audio/twi_controller/rScl_reg/C
                            (rising edge-triggered cell FDRE clocked by clk_out2_clk_wiz_1  {rise@0.000ns fall@10.000ns period=20.000ns})
  Destination:            scl
                            (output port)
  Path Group:             (none)
  Path Type:              Max at Slow Process Corner
  Data Path Delay:        5.701ns  (logic 4.021ns (70.534%)  route 1.680ns (29.466%))
  Logic Levels:           1  (OBUFT=1)
  Clock Uncertainty:      0.178ns  ((TSJ^2 + DJ^2)^1/2) / 2 + PE
    Total System Jitter     (TSJ):    0.050ns
    Discrete Jitter          (DJ):    0.152ns
    Phase Error              (PE):    0.099ns

    Location             Delay type                Incr(ns)  Path(ns)    Netlist Resource(s)
  -------------------------------------------------------------------    -------------------
                         (clock clk_out2_clk_wiz_1 rise edge)
                                                      0.000     0.000 r  
    BUFGCTRL_X0Y2        BUFG                         0.000     0.000 r  clk_IBUF_BUFG_inst/O
                         net (fo=297, routed)         1.761     1.761    datapath/Audio_Codec/audiocodec_master_clock/inst/clk_in1
    MMCME2_ADV_X0Y2      MMCME2_ADV (Prop_mmcme2_adv_CLKIN1_CLKOUT1)
                                                     -3.701    -1.939 r  datapath/Audio_Codec/audiocodec_master_clock/inst/mmcm_adv_inst/CLKOUT1
                         net (fo=1, routed)           1.843    -0.096    datapath/Audio_Codec/audiocodec_master_clock/inst/clk_out2_clk_wiz_1
    BUFGCTRL_X0Y3        BUFG (Prop_bufg_I_O)         0.096    -0.000 r  datapath/Audio_Codec/audiocodec_master_clock/inst/clkout2_buf/O
                         net (fo=115, routed)         1.825     1.825    datapath/Audio_Codec/initialize_audio/twi_controller/CLK
    SLICE_X163Y115       FDRE                                         r  datapath/Audio_Codec/initialize_audio/twi_controller/rScl_reg/C
  -------------------------------------------------------------------    -------------------
    SLICE_X163Y115       FDRE (Prop_fdre_C_Q)         0.456     2.281 f  datapath/Audio_Codec/initialize_audio/twi_controller/rScl_reg/Q
                         net (fo=3, routed)           1.680     3.961    scl_IOBUF_inst/T
    W5                   OBUFT (TriStatE_obuft_T_O)
                                                      3.565     7.526 r  scl_IOBUF_inst/OBUFT/O
                         net (fo=1, unset)            0.000     7.526    scl
    W5                                                                r  scl (INOUT)
  -------------------------------------------------------------------    -------------------





Min Delay Paths
--------------------------------------------------------------------------------------
Slack:                    inf
  Source:                 datapath/Audio_Codec/initialize_audio/twi_controller/rScl_reg/C
                            (rising edge-triggered cell FDRE clocked by clk_out2_clk_wiz_1  {rise@0.000ns fall@10.000ns period=20.000ns})
  Destination:            scl
                            (output port)
  Path Group:             (none)
  Path Type:              Min at Fast Process Corner
  Data Path Delay:        1.593ns  (logic 0.965ns (60.584%)  route 0.628ns (39.416%))
  Logic Levels:           1  (OBUFT=1)
  Clock Uncertainty:      0.178ns  ((TSJ^2 + DJ^2)^1/2) / 2 + PE
    Total System Jitter     (TSJ):    0.050ns
    Discrete Jitter          (DJ):    0.152ns
    Phase Error              (PE):    0.099ns

    Location             Delay type                Incr(ns)  Path(ns)    Netlist Resource(s)
  -------------------------------------------------------------------    -------------------
                         (clock clk_out2_clk_wiz_1 rise edge)
                                                      0.000     0.000 r  
    BUFGCTRL_X0Y2        BUFG                         0.000     0.000 r  clk_IBUF_BUFG_inst/O
                         net (fo=297, routed)         0.610     0.610    datapath/Audio_Codec/audiocodec_master_clock/inst/clk_in1
    MMCME2_ADV_X0Y2      MMCME2_ADV (Prop_mmcme2_adv_CLKIN1_CLKOUT1)
                                                     -1.180    -0.571 r  datapath/Audio_Codec/audiocodec_master_clock/inst/mmcm_adv_inst/CLKOUT1
                         net (fo=1, routed)           0.545    -0.026    datapath/Audio_Codec/audiocodec_master_clock/inst/clk_out2_clk_wiz_1
    BUFGCTRL_X0Y3        BUFG (Prop_bufg_I_O)         0.026     0.000 r  datapath/Audio_Codec/audiocodec_master_clock/inst/clkout2_buf/O
                         net (fo=115, routed)         0.644     0.644    datapath/Audio_Codec/initialize_audio/twi_controller/CLK
    SLICE_X163Y115       FDRE                                         r  datapath/Audio_Codec/initialize_audio/twi_controller/rScl_reg/C
  -------------------------------------------------------------------    -------------------
    SLICE_X163Y115       FDRE (Prop_fdre_C_Q)         0.141     0.785 r  datapath/Audio_Codec/initialize_audio/twi_controller/rScl_reg/Q
                         net (fo=3, routed)           0.628     1.412    scl_IOBUF_inst/T
    W5                   OBUFT (TriStatD_obuft_T_O)
                                                      0.824     2.236 r  scl_IOBUF_inst/OBUFT/O
                         net (fo=1, unset)            0.000     2.236    scl
    W5                                                                r  scl (INOUT)
  -------------------------------------------------------------------    -------------------

Slack:                    inf
  Source:                 datapath/Audio_Codec/initialize_audio/twi_controller/rSda_reg/C
                            (rising edge-triggered cell FDRE clocked by clk_out2_clk_wiz_1  {rise@0.000ns fall@10.000ns period=20.000ns})
  Destination:            sda
                            (output port)
  Path Group:             (none)
  Path Type:              Min at Fast Process Corner
  Data Path Delay:        1.613ns  (logic 0.965ns (59.811%)  route 0.648ns (40.189%))
  Logic Levels:           1  (OBUFT=1)
  Clock Uncertainty:      0.178ns  ((TSJ^2 + DJ^2)^1/2) / 2 + PE
    Total System Jitter     (TSJ):    0.050ns
    Discrete Jitter          (DJ):    0.152ns
    Phase Error              (PE):    0.099ns

    Location             Delay type                Incr(ns)  Path(ns)    Netlist Resource(s)
  -------------------------------------------------------------------    -------------------
                         (clock clk_out2_clk_wiz_1 rise edge)
                                                      0.000     0.000 r  
    BUFGCTRL_X0Y2        BUFG                         0.000     0.000 r  clk_IBUF_BUFG_inst/O
                         net (fo=297, routed)         0.610     0.610    datapath/Audio_Codec/audiocodec_master_clock/inst/clk_in1
    MMCME2_ADV_X0Y2      MMCME2_ADV (Prop_mmcme2_adv_CLKIN1_CLKOUT1)
                                                     -1.180    -0.571 r  datapath/Audio_Codec/audiocodec_master_clock/inst/mmcm_adv_inst/CLKOUT1
                         net (fo=1, routed)           0.545    -0.026    datapath/Audio_Codec/audiocodec_master_clock/inst/clk_out2_clk_wiz_1
    BUFGCTRL_X0Y3        BUFG (Prop_bufg_I_O)         0.026     0.000 r  datapath/Audio_Codec/audiocodec_master_clock/inst/clkout2_buf/O
                         net (fo=115, routed)         0.643     0.643    datapath/Audio_Codec/initialize_audio/twi_controller/CLK
    SLICE_X161Y116       FDRE                                         r  datapath/Audio_Codec/initialize_audio/twi_controller/rSda_reg/C
  -------------------------------------------------------------------    -------------------
    SLICE_X161Y116       FDRE (Prop_fdre_C_Q)         0.141     0.784 r  datapath/Audio_Codec/initialize_audio/twi_controller/rSda_reg/Q
                         net (fo=3, routed)           0.648     1.432    sda_IOBUF_inst/T
    V5                   OBUFT (TriStatD_obuft_T_O)
                                                      0.824     2.256 r  sda_IOBUF_inst/OBUFT/O
                         net (fo=1, unset)            0.000     2.256    sda
    V5                                                                r  sda (INOUT)
  -------------------------------------------------------------------    -------------------





--------------------------------------------------------------------------------------
Path Group:  (none)
From Clock:  clkfbout_clk_wiz_0
  To Clock:  

Max Delay             1 Endpoint
Min Delay             1 Endpoint
--------------------------------------------------------------------------------------


Max Delay Paths
--------------------------------------------------------------------------------------
Slack:                    inf
  Source:                 datapath/video_inst/mmcm_adv_inst_display_clocks/inst/mmcm_adv_inst/CLKFBOUT
                            (clock source 'clkfbout_clk_wiz_0'  {rise@0.000ns fall@5.000ns period=10.000ns})
  Destination:            datapath/video_inst/mmcm_adv_inst_display_clocks/inst/mmcm_adv_inst/CLKFBIN
  Path Group:             (none)
  Path Type:              Max at Slow Process Corner
  Data Path Delay:        4.900ns  (logic 0.096ns (1.959%)  route 4.804ns (98.041%))
  Logic Levels:           1  (BUFG=1)
  Clock Uncertainty:      0.148ns  ((TSJ^2 + DJ^2)^1/2) / 2 + PE
    Total System Jitter     (TSJ):    0.050ns
    Discrete Jitter          (DJ):    0.086ns
    Phase Error              (PE):    0.099ns

    Location             Delay type                Incr(ns)  Path(ns)    Netlist Resource(s)
  -------------------------------------------------------------------    -------------------
                         (clock clkfbout_clk_wiz_0 fall edge)
                                                      5.000     5.000 f  
    BUFGCTRL_X0Y2        BUFG                         0.000     5.000 f  clk_IBUF_BUFG_inst/O
                         net (fo=297, routed)         2.106     7.106    datapath/video_inst/mmcm_adv_inst_display_clocks/inst/clk_in1
  -------------------------------------------------------------------    -------------------
    MMCME2_ADV_X1Y0      MMCME2_ADV (Prop_mmcme2_adv_CLKIN1_CLKFBOUT)
                                                     -4.900     2.207 f  datapath/video_inst/mmcm_adv_inst_display_clocks/inst/mmcm_adv_inst/CLKFBOUT
                         net (fo=1, routed)           2.697     4.904    datapath/video_inst/mmcm_adv_inst_display_clocks/inst/clkfbout_clk_wiz_0
    BUFGCTRL_X0Y6        BUFG (Prop_bufg_I_O)         0.096     5.000 f  datapath/video_inst/mmcm_adv_inst_display_clocks/inst/clkf_buf/O
                         net (fo=1, routed)           2.106     7.106    datapath/video_inst/mmcm_adv_inst_display_clocks/inst/clkfbout_buf_clk_wiz_0
    MMCME2_ADV_X1Y0      MMCME2_ADV                                   f  datapath/video_inst/mmcm_adv_inst_display_clocks/inst/mmcm_adv_inst/CLKFBIN
  -------------------------------------------------------------------    -------------------





Min Delay Paths
--------------------------------------------------------------------------------------
Slack:                    inf
  Source:                 datapath/video_inst/mmcm_adv_inst_display_clocks/inst/mmcm_adv_inst/CLKFBOUT
                            (clock source 'clkfbout_clk_wiz_0'  {rise@0.000ns fall@5.000ns period=10.000ns})
  Destination:            datapath/video_inst/mmcm_adv_inst_display_clocks/inst/mmcm_adv_inst/CLKFBIN
  Path Group:             (none)
  Path Type:              Min at Fast Process Corner
  Data Path Delay:        1.683ns  (logic 0.026ns (1.545%)  route 1.657ns (98.455%))
  Logic Levels:           1  (BUFG=1)
  Clock Uncertainty:      0.148ns  ((TSJ^2 + DJ^2)^1/2) / 2 + PE
    Total System Jitter     (TSJ):    0.050ns
    Discrete Jitter          (DJ):    0.086ns
    Phase Error              (PE):    0.099ns

    Location             Delay type                Incr(ns)  Path(ns)    Netlist Resource(s)
  -------------------------------------------------------------------    -------------------
                         (clock clkfbout_clk_wiz_0 rise edge)
                                                      0.000     0.000 r  
    BUFGCTRL_X0Y2        BUFG                         0.000     0.000 r  clk_IBUF_BUFG_inst/O
                         net (fo=297, routed)         0.745     0.745    datapath/video_inst/mmcm_adv_inst_display_clocks/inst/clk_in1
  -------------------------------------------------------------------    -------------------
    MMCME2_ADV_X1Y0      MMCME2_ADV (Prop_mmcme2_adv_CLKIN1_CLKFBOUT)
                                                     -1.683    -0.938 r  datapath/video_inst/mmcm_adv_inst_display_clocks/inst/mmcm_adv_inst/CLKFBOUT
                         net (fo=1, routed)           0.912    -0.026    datapath/video_inst/mmcm_adv_inst_display_clocks/inst/clkfbout_clk_wiz_0
    BUFGCTRL_X0Y6        BUFG (Prop_bufg_I_O)         0.026    -0.000 r  datapath/video_inst/mmcm_adv_inst_display_clocks/inst/clkf_buf/O
                         net (fo=1, routed)           0.745     0.745    datapath/video_inst/mmcm_adv_inst_display_clocks/inst/clkfbout_buf_clk_wiz_0
    MMCME2_ADV_X1Y0      MMCME2_ADV                                   r  datapath/video_inst/mmcm_adv_inst_display_clocks/inst/mmcm_adv_inst/CLKFBIN
  -------------------------------------------------------------------    -------------------





--------------------------------------------------------------------------------------
Path Group:  (none)
From Clock:  clkfbout_clk_wiz_1
  To Clock:  

Max Delay             1 Endpoint
Min Delay             1 Endpoint
--------------------------------------------------------------------------------------


Max Delay Paths
--------------------------------------------------------------------------------------
Slack:                    inf
  Source:                 datapath/Audio_Codec/audiocodec_master_clock/inst/mmcm_adv_inst/CLKFBOUT
                            (clock source 'clkfbout_clk_wiz_1'  {rise@0.000ns fall@5.000ns period=10.000ns})
  Destination:            datapath/Audio_Codec/audiocodec_master_clock/inst/mmcm_adv_inst/CLKFBIN
  Path Group:             (none)
  Path Type:              Max at Slow Process Corner
  Data Path Delay:        3.701ns  (logic 0.096ns (2.594%)  route 3.605ns (97.406%))
  Logic Levels:           1  (BUFG=1)
  Clock Uncertainty:      0.148ns  ((TSJ^2 + DJ^2)^1/2) / 2 + PE
    Total System Jitter     (TSJ):    0.050ns
    Discrete Jitter          (DJ):    0.086ns
    Phase Error              (PE):    0.099ns

    Location             Delay type                Incr(ns)  Path(ns)    Netlist Resource(s)
  -------------------------------------------------------------------    -------------------
                         (clock clkfbout_clk_wiz_1 fall edge)
                                                      5.000     5.000 f  
    BUFGCTRL_X0Y2        BUFG                         0.000     5.000 f  clk_IBUF_BUFG_inst/O
                         net (fo=297, routed)         1.761     6.761    datapath/Audio_Codec/audiocodec_master_clock/inst/clk_in1
  -------------------------------------------------------------------    -------------------
    MMCME2_ADV_X0Y2      MMCME2_ADV (Prop_mmcme2_adv_CLKIN1_CLKFBOUT)
                                                     -3.701     3.061 f  datapath/Audio_Codec/audiocodec_master_clock/inst/mmcm_adv_inst/CLKFBOUT
                         net (fo=1, routed)           1.843     4.904    datapath/Audio_Codec/audiocodec_master_clock/inst/clkfbout_clk_wiz_1
    BUFGCTRL_X0Y5        BUFG (Prop_bufg_I_O)         0.096     5.000 f  datapath/Audio_Codec/audiocodec_master_clock/inst/clkf_buf/O
                         net (fo=1, routed)           1.761     6.761    datapath/Audio_Codec/audiocodec_master_clock/inst/clkfbout_buf_clk_wiz_1
    MMCME2_ADV_X0Y2      MMCME2_ADV                                   f  datapath/Audio_Codec/audiocodec_master_clock/inst/mmcm_adv_inst/CLKFBIN
  -------------------------------------------------------------------    -------------------





Min Delay Paths
--------------------------------------------------------------------------------------
Slack:                    inf
  Source:                 datapath/Audio_Codec/audiocodec_master_clock/inst/mmcm_adv_inst/CLKFBOUT
                            (clock source 'clkfbout_clk_wiz_1'  {rise@0.000ns fall@5.000ns period=10.000ns})
  Destination:            datapath/Audio_Codec/audiocodec_master_clock/inst/mmcm_adv_inst/CLKFBIN
  Path Group:             (none)
  Path Type:              Min at Fast Process Corner
  Data Path Delay:        1.180ns  (logic 0.026ns (2.202%)  route 1.155ns (97.798%))
  Logic Levels:           1  (BUFG=1)
  Clock Uncertainty:      0.148ns  ((TSJ^2 + DJ^2)^1/2) / 2 + PE
    Total System Jitter     (TSJ):    0.050ns
    Discrete Jitter          (DJ):    0.086ns
    Phase Error              (PE):    0.099ns

    Location             Delay type                Incr(ns)  Path(ns)    Netlist Resource(s)
  -------------------------------------------------------------------    -------------------
                         (clock clkfbout_clk_wiz_1 rise edge)
                                                      0.000     0.000 r  
    BUFGCTRL_X0Y2        BUFG                         0.000     0.000 r  clk_IBUF_BUFG_inst/O
                         net (fo=297, routed)         0.610     0.610    datapath/Audio_Codec/audiocodec_master_clock/inst/clk_in1
  -------------------------------------------------------------------    -------------------
    MMCME2_ADV_X0Y2      MMCME2_ADV (Prop_mmcme2_adv_CLKIN1_CLKFBOUT)
                                                     -1.180    -0.571 r  datapath/Audio_Codec/audiocodec_master_clock/inst/mmcm_adv_inst/CLKFBOUT
                         net (fo=1, routed)           0.545    -0.026    datapath/Audio_Codec/audiocodec_master_clock/inst/clkfbout_clk_wiz_1
    BUFGCTRL_X0Y5        BUFG (Prop_bufg_I_O)         0.026     0.000 r  datapath/Audio_Codec/audiocodec_master_clock/inst/clkf_buf/O
                         net (fo=1, routed)           0.610     0.610    datapath/Audio_Codec/audiocodec_master_clock/inst/clkfbout_buf_clk_wiz_1
    MMCME2_ADV_X0Y2      MMCME2_ADV                                   r  datapath/Audio_Codec/audiocodec_master_clock/inst/mmcm_adv_inst/CLKFBIN
  -------------------------------------------------------------------    -------------------





--------------------------------------------------------------------------------------
Path Group:  (none)
From Clock:  
  To Clock:  clk_out1_clk_wiz_0

Max Delay            43 Endpoints
Min Delay            43 Endpoints
--------------------------------------------------------------------------------------


Max Delay Paths
--------------------------------------------------------------------------------------
Slack:                    inf
  Source:                 datapath/column_counter/process_q_reg[1]/C
                            (rising edge-triggered cell FDRE)
  Destination:            datapath/video_inst/inst_dvid/TDMS_encoder_blue/dc_bias_reg[3]/D
                            (rising edge-triggered cell FDRE clocked by clk_out1_clk_wiz_0  {rise@0.000ns fall@20.000ns period=40.000ns})
  Path Group:             (none)
  Path Type:              Setup (Max at Slow Process Corner)
  Data Path Delay:        13.605ns  (logic 4.972ns (36.545%)  route 8.633ns (63.455%))
  Logic Levels:           19  (CARRY4=8 FDRE=1 LUT1=1 LUT2=1 LUT3=1 LUT5=4 LUT6=3)
  Clock Uncertainty:      0.190ns  ((TSJ^2 + DJ^2)^1/2) / 2 + PE
    Total System Jitter     (TSJ):    0.050ns
    Discrete Jitter          (DJ):    0.175ns
    Phase Error              (PE):    0.099ns

    Location             Delay type                Incr(ns)  Path(ns)    Netlist Resource(s)
  -------------------------------------------------------------------    -------------------
    SLICE_X159Y130       FDRE                         0.000     0.000 r  datapath/column_counter/process_q_reg[1]/C
    SLICE_X159Y130       FDRE (Prop_fdre_C_Q)         0.456     0.456 r  datapath/column_counter/process_q_reg[1]/Q
                         net (fo=23, routed)          1.375     1.831    datapath/video_inst/Inst_vga/sig_gen/horizontal_counter/is_trigger_time5_carry__1[1]
    SLICE_X157Y128       LUT2 (Prop_lut2_I1_O)        0.124     1.955 r  datapath/video_inst/Inst_vga/sig_gen/horizontal_counter/is_trigger_time5_carry_i_3/O
                         net (fo=1, routed)           0.000     1.955    datapath/video_inst/Inst_vga/col_map/is_trigger_time1_carry_i_4[1]
    SLICE_X157Y128       CARRY4 (Prop_carry4_S[1]_CO[3])
                                                      0.550     2.505 r  datapath/video_inst/Inst_vga/col_map/is_trigger_time5_carry/CO[3]
                         net (fo=1, routed)           0.000     2.505    datapath/video_inst/Inst_vga/col_map/is_trigger_time5_carry_n_0
    SLICE_X157Y129       CARRY4 (Prop_carry4_CI_O[0])
                                                      0.222     2.727 f  datapath/video_inst/Inst_vga/col_map/is_trigger_time5_carry__0/O[0]
                         net (fo=3, routed)           0.963     3.690    datapath/video_inst/Inst_vga/col_map/is_trigger_time5[4]
    SLICE_X157Y125       LUT1 (Prop_lut1_I0_O)        0.299     3.989 r  datapath/video_inst/Inst_vga/col_map/i__carry_i_2__0/O
                         net (fo=1, routed)           0.000     3.989    datapath/video_inst/Inst_vga/col_map/i__carry_i_2__0_n_0
    SLICE_X157Y125       CARRY4 (Prop_carry4_S[3]_CO[3])
                                                      0.401     4.390 r  datapath/video_inst/Inst_vga/col_map/_inferred__6/i__carry/CO[3]
                         net (fo=1, routed)           0.000     4.390    datapath/video_inst/Inst_vga/col_map/_inferred__6/i__carry_n_0
    SLICE_X157Y126       CARRY4 (Prop_carry4_CI_O[1])
                                                      0.334     4.724 f  datapath/video_inst/Inst_vga/col_map/_inferred__6/i__carry__0/O[1]
                         net (fo=2, routed)           0.978     5.703    datapath/video_inst/Inst_vga/col_map/is_trigger_time3[5]
    SLICE_X156Y129       LUT3 (Prop_lut3_I2_O)        0.331     6.034 f  datapath/video_inst/Inst_vga/col_map/is_trigger_time1_carry_i_11/O
                         net (fo=1, routed)           0.162     6.195    datapath/video_inst/Inst_vga/sig_gen/vertical_counter/is_trigger_time1_carry_3
    SLICE_X156Y129       LUT6 (Prop_lut6_I5_O)        0.326     6.521 r  datapath/video_inst/Inst_vga/sig_gen/vertical_counter/is_trigger_time1_carry_i_1/O
                         net (fo=1, routed)           0.903     7.425    datapath/video_inst/Inst_vga/col_map/is_trigger_time1_carry__0_0[3]
    SLICE_X156Y125       CARRY4 (Prop_carry4_DI[3]_CO[3])
                                                      0.385     7.810 r  datapath/video_inst/Inst_vga/col_map/is_trigger_time1_carry/CO[3]
                         net (fo=1, routed)           0.000     7.810    datapath/video_inst/Inst_vga/col_map/is_trigger_time1_carry_n_0
    SLICE_X156Y126       CARRY4 (Prop_carry4_CI_CO[3])
                                                      0.114     7.924 r  datapath/video_inst/Inst_vga/col_map/is_trigger_time1_carry__0/CO[3]
                         net (fo=1, routed)           0.000     7.924    datapath/video_inst/Inst_vga/col_map/is_trigger_time1_carry__0_n_0
    SLICE_X156Y127       CARRY4 (Prop_carry4_CI_CO[3])
                                                      0.114     8.038 r  datapath/video_inst/Inst_vga/col_map/is_trigger_time1_carry__1/CO[3]
                         net (fo=1, routed)           0.000     8.038    datapath/video_inst/Inst_vga/col_map/is_trigger_time1_carry__1_n_0
    SLICE_X156Y128       CARRY4 (Prop_carry4_CI_CO[3])
                                                      0.114     8.152 f  datapath/video_inst/Inst_vga/col_map/is_trigger_time1_carry__2/CO[3]
                         net (fo=1, routed)           0.615     8.766    datapath/video_inst/Inst_vga/sig_gen/vertical_counter/dc_bias[2]_i_5__0[0]
    SLICE_X156Y129       LUT5 (Prop_lut5_I2_O)        0.124     8.890 f  datapath/video_inst/Inst_vga/sig_gen/vertical_counter/dc_bias[2]_i_11/O
                         net (fo=1, routed)           0.515     9.406    datapath/video_inst/Inst_vga/sig_gen/horizontal_counter/dc_bias[2]_i_2__0_0
    SLICE_X155Y130       LUT5 (Prop_lut5_I1_O)        0.124     9.530 f  datapath/video_inst/Inst_vga/sig_gen/horizontal_counter/dc_bias[2]_i_5__0/O
                         net (fo=4, routed)           1.235    10.764    datapath/video_inst/Inst_vga/sig_gen/horizontal_counter/dc_bias[2]_i_5__0_n_0
    SLICE_X157Y134       LUT5 (Prop_lut5_I4_O)        0.150    10.914 f  datapath/video_inst/Inst_vga/sig_gen/horizontal_counter/dc_bias[3]_i_8__0/O
                         net (fo=1, routed)           0.436    11.351    datapath/video_inst/Inst_vga/sig_gen/horizontal_counter/dc_bias[3]_i_8__0_n_0
    SLICE_X157Y134       LUT6 (Prop_lut6_I5_O)        0.326    11.677 r  datapath/video_inst/Inst_vga/sig_gen/horizontal_counter/dc_bias[3]_i_2__1/O
                         net (fo=10, routed)          1.289    12.966    datapath/video_inst/inst_dvid/TDMS_encoder_blue/dc_bias_reg[1]_1
    SLICE_X160Y133       LUT5 (Prop_lut5_I3_O)        0.152    13.118 r  datapath/video_inst/inst_dvid/TDMS_encoder_blue/dc_bias[3]_i_4__1/O
                         net (fo=1, routed)           0.162    13.279    datapath/video_inst/inst_dvid/TDMS_encoder_blue/dc_bias[3]_i_4__1_n_0
    SLICE_X160Y133       LUT6 (Prop_lut6_I2_O)        0.326    13.605 r  datapath/video_inst/inst_dvid/TDMS_encoder_blue/dc_bias[3]_i_1/O
                         net (fo=1, routed)           0.000    13.605    datapath/video_inst/inst_dvid/TDMS_encoder_blue/dc_bias[3]_i_1_n_0
    SLICE_X160Y133       FDRE                                         r  datapath/video_inst/inst_dvid/TDMS_encoder_blue/dc_bias_reg[3]/D
  -------------------------------------------------------------------    -------------------

                         (clock clk_out1_clk_wiz_0 rise edge)
                                                      0.000     0.000 r  
    BUFGCTRL_X0Y2        BUFG                         0.000     0.000 r  clk_IBUF_BUFG_inst/O
                         net (fo=297, routed)         1.972     1.972    datapath/video_inst/mmcm_adv_inst_display_clocks/inst/clk_in1
    MMCME2_ADV_X1Y0      MMCME2_ADV (Prop_mmcme2_adv_CLKIN1_CLKOUT0)
                                                     -4.637    -2.665 r  datapath/video_inst/mmcm_adv_inst_display_clocks/inst/mmcm_adv_inst/CLKOUT0
                         net (fo=1, routed)           2.574    -0.091    datapath/video_inst/mmcm_adv_inst_display_clocks/inst/clk_out1_clk_wiz_0
    BUFGCTRL_X0Y4        BUFG (Prop_bufg_I_O)         0.091     0.000 r  datapath/video_inst/mmcm_adv_inst_display_clocks/inst/clkout1_buf/O
                         net (fo=63, routed)          1.706     1.706    datapath/video_inst/inst_dvid/TDMS_encoder_blue/CLK
    SLICE_X160Y133       FDRE                                         r  datapath/video_inst/inst_dvid/TDMS_encoder_blue/dc_bias_reg[3]/C

Slack:                    inf
  Source:                 datapath/column_counter/process_q_reg[1]/C
                            (rising edge-triggered cell FDRE)
  Destination:            datapath/video_inst/inst_dvid/TDMS_encoder_blue/dc_bias_reg[2]/D
                            (rising edge-triggered cell FDRE clocked by clk_out1_clk_wiz_0  {rise@0.000ns fall@20.000ns period=40.000ns})
  Path Group:             (none)
  Path Type:              Setup (Max at Slow Process Corner)
  Data Path Delay:        13.282ns  (logic 4.742ns (35.703%)  route 8.540ns (64.297%))
  Logic Levels:           19  (CARRY4=8 FDRE=1 LUT1=1 LUT2=2 LUT3=1 LUT5=3 LUT6=3)
  Clock Uncertainty:      0.190ns  ((TSJ^2 + DJ^2)^1/2) / 2 + PE
    Total System Jitter     (TSJ):    0.050ns
    Discrete Jitter          (DJ):    0.175ns
    Phase Error              (PE):    0.099ns

    Location             Delay type                Incr(ns)  Path(ns)    Netlist Resource(s)
  -------------------------------------------------------------------    -------------------
    SLICE_X159Y130       FDRE                         0.000     0.000 r  datapath/column_counter/process_q_reg[1]/C
    SLICE_X159Y130       FDRE (Prop_fdre_C_Q)         0.456     0.456 r  datapath/column_counter/process_q_reg[1]/Q
                         net (fo=23, routed)          1.375     1.831    datapath/video_inst/Inst_vga/sig_gen/horizontal_counter/is_trigger_time5_carry__1[1]
    SLICE_X157Y128       LUT2 (Prop_lut2_I1_O)        0.124     1.955 r  datapath/video_inst/Inst_vga/sig_gen/horizontal_counter/is_trigger_time5_carry_i_3/O
                         net (fo=1, routed)           0.000     1.955    datapath/video_inst/Inst_vga/col_map/is_trigger_time1_carry_i_4[1]
    SLICE_X157Y128       CARRY4 (Prop_carry4_S[1]_CO[3])
                                                      0.550     2.505 r  datapath/video_inst/Inst_vga/col_map/is_trigger_time5_carry/CO[3]
                         net (fo=1, routed)           0.000     2.505    datapath/video_inst/Inst_vga/col_map/is_trigger_time5_carry_n_0
    SLICE_X157Y129       CARRY4 (Prop_carry4_CI_O[0])
                                                      0.222     2.727 f  datapath/video_inst/Inst_vga/col_map/is_trigger_time5_carry__0/O[0]
                         net (fo=3, routed)           0.963     3.690    datapath/video_inst/Inst_vga/col_map/is_trigger_time5[4]
    SLICE_X157Y125       LUT1 (Prop_lut1_I0_O)        0.299     3.989 r  datapath/video_inst/Inst_vga/col_map/i__carry_i_2__0/O
                         net (fo=1, routed)           0.000     3.989    datapath/video_inst/Inst_vga/col_map/i__carry_i_2__0_n_0
    SLICE_X157Y125       CARRY4 (Prop_carry4_S[3]_CO[3])
                                                      0.401     4.390 r  datapath/video_inst/Inst_vga/col_map/_inferred__6/i__carry/CO[3]
                         net (fo=1, routed)           0.000     4.390    datapath/video_inst/Inst_vga/col_map/_inferred__6/i__carry_n_0
    SLICE_X157Y126       CARRY4 (Prop_carry4_CI_O[1])
                                                      0.334     4.724 f  datapath/video_inst/Inst_vga/col_map/_inferred__6/i__carry__0/O[1]
                         net (fo=2, routed)           0.978     5.703    datapath/video_inst/Inst_vga/col_map/is_trigger_time3[5]
    SLICE_X156Y129       LUT3 (Prop_lut3_I2_O)        0.331     6.034 f  datapath/video_inst/Inst_vga/col_map/is_trigger_time1_carry_i_11/O
                         net (fo=1, routed)           0.162     6.195    datapath/video_inst/Inst_vga/sig_gen/vertical_counter/is_trigger_time1_carry_3
    SLICE_X156Y129       LUT6 (Prop_lut6_I5_O)        0.326     6.521 r  datapath/video_inst/Inst_vga/sig_gen/vertical_counter/is_trigger_time1_carry_i_1/O
                         net (fo=1, routed)           0.903     7.425    datapath/video_inst/Inst_vga/col_map/is_trigger_time1_carry__0_0[3]
    SLICE_X156Y125       CARRY4 (Prop_carry4_DI[3]_CO[3])
                                                      0.385     7.810 r  datapath/video_inst/Inst_vga/col_map/is_trigger_time1_carry/CO[3]
                         net (fo=1, routed)           0.000     7.810    datapath/video_inst/Inst_vga/col_map/is_trigger_time1_carry_n_0
    SLICE_X156Y126       CARRY4 (Prop_carry4_CI_CO[3])
                                                      0.114     7.924 r  datapath/video_inst/Inst_vga/col_map/is_trigger_time1_carry__0/CO[3]
                         net (fo=1, routed)           0.000     7.924    datapath/video_inst/Inst_vga/col_map/is_trigger_time1_carry__0_n_0
    SLICE_X156Y127       CARRY4 (Prop_carry4_CI_CO[3])
                                                      0.114     8.038 r  datapath/video_inst/Inst_vga/col_map/is_trigger_time1_carry__1/CO[3]
                         net (fo=1, routed)           0.000     8.038    datapath/video_inst/Inst_vga/col_map/is_trigger_time1_carry__1_n_0
    SLICE_X156Y128       CARRY4 (Prop_carry4_CI_CO[3])
                                                      0.114     8.152 f  datapath/video_inst/Inst_vga/col_map/is_trigger_time1_carry__2/CO[3]
                         net (fo=1, routed)           0.615     8.766    datapath/video_inst/Inst_vga/sig_gen/vertical_counter/dc_bias[2]_i_5__0[0]
    SLICE_X156Y129       LUT5 (Prop_lut5_I2_O)        0.124     8.890 f  datapath/video_inst/Inst_vga/sig_gen/vertical_counter/dc_bias[2]_i_11/O
                         net (fo=1, routed)           0.515     9.406    datapath/video_inst/Inst_vga/sig_gen/horizontal_counter/dc_bias[2]_i_2__0_0
    SLICE_X155Y130       LUT5 (Prop_lut5_I1_O)        0.124     9.530 f  datapath/video_inst/Inst_vga/sig_gen/horizontal_counter/dc_bias[2]_i_5__0/O
                         net (fo=4, routed)           1.235    10.764    datapath/video_inst/Inst_vga/sig_gen/horizontal_counter/dc_bias[2]_i_5__0_n_0
    SLICE_X157Y134       LUT5 (Prop_lut5_I4_O)        0.150    10.914 f  datapath/video_inst/Inst_vga/sig_gen/horizontal_counter/dc_bias[3]_i_8__0/O
                         net (fo=1, routed)           0.436    11.351    datapath/video_inst/Inst_vga/sig_gen/horizontal_counter/dc_bias[3]_i_8__0_n_0
    SLICE_X157Y134       LUT6 (Prop_lut6_I5_O)        0.326    11.677 r  datapath/video_inst/Inst_vga/sig_gen/horizontal_counter/dc_bias[3]_i_2__1/O
                         net (fo=10, routed)          0.469    12.145    datapath/video_inst/inst_dvid/TDMS_encoder_blue/dc_bias_reg[1]_1
    SLICE_X158Y133       LUT2 (Prop_lut2_I1_O)        0.124    12.269 f  datapath/video_inst/inst_dvid/TDMS_encoder_blue/dc_bias[2]_i_3/O
                         net (fo=5, routed)           0.889    13.158    datapath/video_inst/inst_dvid/TDMS_encoder_blue/dc_bias_reg[3]_0
    SLICE_X159Y133       LUT6 (Prop_lut6_I1_O)        0.124    13.282 r  datapath/video_inst/inst_dvid/TDMS_encoder_blue/dc_bias[2]_i_1/O
                         net (fo=1, routed)           0.000    13.282    datapath/video_inst/inst_dvid/TDMS_encoder_blue/dc_bias[2]_i_1_n_0
    SLICE_X159Y133       FDRE                                         r  datapath/video_inst/inst_dvid/TDMS_encoder_blue/dc_bias_reg[2]/D
  -------------------------------------------------------------------    -------------------

                         (clock clk_out1_clk_wiz_0 rise edge)
                                                      0.000     0.000 r  
    BUFGCTRL_X0Y2        BUFG                         0.000     0.000 r  clk_IBUF_BUFG_inst/O
                         net (fo=297, routed)         1.972     1.972    datapath/video_inst/mmcm_adv_inst_display_clocks/inst/clk_in1
    MMCME2_ADV_X1Y0      MMCME2_ADV (Prop_mmcme2_adv_CLKIN1_CLKOUT0)
                                                     -4.637    -2.665 r  datapath/video_inst/mmcm_adv_inst_display_clocks/inst/mmcm_adv_inst/CLKOUT0
                         net (fo=1, routed)           2.574    -0.091    datapath/video_inst/mmcm_adv_inst_display_clocks/inst/clk_out1_clk_wiz_0
    BUFGCTRL_X0Y4        BUFG (Prop_bufg_I_O)         0.091     0.000 r  datapath/video_inst/mmcm_adv_inst_display_clocks/inst/clkout1_buf/O
                         net (fo=63, routed)          1.704     1.704    datapath/video_inst/inst_dvid/TDMS_encoder_blue/CLK
    SLICE_X159Y133       FDRE                                         r  datapath/video_inst/inst_dvid/TDMS_encoder_blue/dc_bias_reg[2]/C

Slack:                    inf
  Source:                 datapath/column_counter/process_q_reg[1]/C
                            (rising edge-triggered cell FDRE)
  Destination:            datapath/video_inst/inst_dvid/TDMS_encoder_blue/encoded_reg[0]/D
                            (rising edge-triggered cell FDRE clocked by clk_out1_clk_wiz_0  {rise@0.000ns fall@20.000ns period=40.000ns})
  Path Group:             (none)
  Path Type:              Setup (Max at Slow Process Corner)
  Data Path Delay:        12.903ns  (logic 4.742ns (36.752%)  route 8.161ns (63.248%))
  Logic Levels:           19  (CARRY4=8 FDRE=1 LUT1=1 LUT2=2 LUT3=1 LUT5=4 LUT6=2)
  Clock Uncertainty:      0.190ns  ((TSJ^2 + DJ^2)^1/2) / 2 + PE
    Total System Jitter     (TSJ):    0.050ns
    Discrete Jitter          (DJ):    0.175ns
    Phase Error              (PE):    0.099ns

    Location             Delay type                Incr(ns)  Path(ns)    Netlist Resource(s)
  -------------------------------------------------------------------    -------------------
    SLICE_X159Y130       FDRE                         0.000     0.000 r  datapath/column_counter/process_q_reg[1]/C
    SLICE_X159Y130       FDRE (Prop_fdre_C_Q)         0.456     0.456 r  datapath/column_counter/process_q_reg[1]/Q
                         net (fo=23, routed)          1.375     1.831    datapath/video_inst/Inst_vga/sig_gen/horizontal_counter/is_trigger_time5_carry__1[1]
    SLICE_X157Y128       LUT2 (Prop_lut2_I1_O)        0.124     1.955 r  datapath/video_inst/Inst_vga/sig_gen/horizontal_counter/is_trigger_time5_carry_i_3/O
                         net (fo=1, routed)           0.000     1.955    datapath/video_inst/Inst_vga/col_map/is_trigger_time1_carry_i_4[1]
    SLICE_X157Y128       CARRY4 (Prop_carry4_S[1]_CO[3])
                                                      0.550     2.505 r  datapath/video_inst/Inst_vga/col_map/is_trigger_time5_carry/CO[3]
                         net (fo=1, routed)           0.000     2.505    datapath/video_inst/Inst_vga/col_map/is_trigger_time5_carry_n_0
    SLICE_X157Y129       CARRY4 (Prop_carry4_CI_O[0])
                                                      0.222     2.727 f  datapath/video_inst/Inst_vga/col_map/is_trigger_time5_carry__0/O[0]
                         net (fo=3, routed)           0.963     3.690    datapath/video_inst/Inst_vga/col_map/is_trigger_time5[4]
    SLICE_X157Y125       LUT1 (Prop_lut1_I0_O)        0.299     3.989 r  datapath/video_inst/Inst_vga/col_map/i__carry_i_2__0/O
                         net (fo=1, routed)           0.000     3.989    datapath/video_inst/Inst_vga/col_map/i__carry_i_2__0_n_0
    SLICE_X157Y125       CARRY4 (Prop_carry4_S[3]_CO[3])
                                                      0.401     4.390 r  datapath/video_inst/Inst_vga/col_map/_inferred__6/i__carry/CO[3]
                         net (fo=1, routed)           0.000     4.390    datapath/video_inst/Inst_vga/col_map/_inferred__6/i__carry_n_0
    SLICE_X157Y126       CARRY4 (Prop_carry4_CI_O[1])
                                                      0.334     4.724 f  datapath/video_inst/Inst_vga/col_map/_inferred__6/i__carry__0/O[1]
                         net (fo=2, routed)           0.978     5.703    datapath/video_inst/Inst_vga/col_map/is_trigger_time3[5]
    SLICE_X156Y129       LUT3 (Prop_lut3_I2_O)        0.331     6.034 f  datapath/video_inst/Inst_vga/col_map/is_trigger_time1_carry_i_11/O
                         net (fo=1, routed)           0.162     6.195    datapath/video_inst/Inst_vga/sig_gen/vertical_counter/is_trigger_time1_carry_3
    SLICE_X156Y129       LUT6 (Prop_lut6_I5_O)        0.326     6.521 r  datapath/video_inst/Inst_vga/sig_gen/vertical_counter/is_trigger_time1_carry_i_1/O
                         net (fo=1, routed)           0.903     7.425    datapath/video_inst/Inst_vga/col_map/is_trigger_time1_carry__0_0[3]
    SLICE_X156Y125       CARRY4 (Prop_carry4_DI[3]_CO[3])
                                                      0.385     7.810 r  datapath/video_inst/Inst_vga/col_map/is_trigger_time1_carry/CO[3]
                         net (fo=1, routed)           0.000     7.810    datapath/video_inst/Inst_vga/col_map/is_trigger_time1_carry_n_0
    SLICE_X156Y126       CARRY4 (Prop_carry4_CI_CO[3])
                                                      0.114     7.924 r  datapath/video_inst/Inst_vga/col_map/is_trigger_time1_carry__0/CO[3]
                         net (fo=1, routed)           0.000     7.924    datapath/video_inst/Inst_vga/col_map/is_trigger_time1_carry__0_n_0
    SLICE_X156Y127       CARRY4 (Prop_carry4_CI_CO[3])
                                                      0.114     8.038 r  datapath/video_inst/Inst_vga/col_map/is_trigger_time1_carry__1/CO[3]
                         net (fo=1, routed)           0.000     8.038    datapath/video_inst/Inst_vga/col_map/is_trigger_time1_carry__1_n_0
    SLICE_X156Y128       CARRY4 (Prop_carry4_CI_CO[3])
                                                      0.114     8.152 f  datapath/video_inst/Inst_vga/col_map/is_trigger_time1_carry__2/CO[3]
                         net (fo=1, routed)           0.615     8.766    datapath/video_inst/Inst_vga/sig_gen/vertical_counter/dc_bias[2]_i_5__0[0]
    SLICE_X156Y129       LUT5 (Prop_lut5_I2_O)        0.124     8.890 f  datapath/video_inst/Inst_vga/sig_gen/vertical_counter/dc_bias[2]_i_11/O
                         net (fo=1, routed)           0.515     9.406    datapath/video_inst/Inst_vga/sig_gen/horizontal_counter/dc_bias[2]_i_2__0_0
    SLICE_X155Y130       LUT5 (Prop_lut5_I1_O)        0.124     9.530 f  datapath/video_inst/Inst_vga/sig_gen/horizontal_counter/dc_bias[2]_i_5__0/O
                         net (fo=4, routed)           1.235    10.764    datapath/video_inst/Inst_vga/sig_gen/horizontal_counter/dc_bias[2]_i_5__0_n_0
    SLICE_X157Y134       LUT5 (Prop_lut5_I4_O)        0.150    10.914 f  datapath/video_inst/Inst_vga/sig_gen/horizontal_counter/dc_bias[3]_i_8__0/O
                         net (fo=1, routed)           0.436    11.351    datapath/video_inst/Inst_vga/sig_gen/horizontal_counter/dc_bias[3]_i_8__0_n_0
    SLICE_X157Y134       LUT6 (Prop_lut6_I5_O)        0.326    11.677 r  datapath/video_inst/Inst_vga/sig_gen/horizontal_counter/dc_bias[3]_i_2__1/O
                         net (fo=10, routed)          0.469    12.145    datapath/video_inst/inst_dvid/TDMS_encoder_blue/dc_bias_reg[1]_1
    SLICE_X158Y133       LUT2 (Prop_lut2_I1_O)        0.124    12.269 r  datapath/video_inst/inst_dvid/TDMS_encoder_blue/dc_bias[2]_i_3/O
                         net (fo=5, routed)           0.510    12.779    datapath/video_inst/Inst_vga/sig_gen/horizontal_counter/encoded_reg[9]_1
    SLICE_X158Y134       LUT5 (Prop_lut5_I4_O)        0.124    12.903 r  datapath/video_inst/Inst_vga/sig_gen/horizontal_counter/encoded[0]_i_1/O
                         net (fo=1, routed)           0.000    12.903    datapath/video_inst/inst_dvid/TDMS_encoder_blue/encoded_reg[0]_0
    SLICE_X158Y134       FDRE                                         r  datapath/video_inst/inst_dvid/TDMS_encoder_blue/encoded_reg[0]/D
  -------------------------------------------------------------------    -------------------

                         (clock clk_out1_clk_wiz_0 rise edge)
                                                      0.000     0.000 r  
    BUFGCTRL_X0Y2        BUFG                         0.000     0.000 r  clk_IBUF_BUFG_inst/O
                         net (fo=297, routed)         1.972     1.972    datapath/video_inst/mmcm_adv_inst_display_clocks/inst/clk_in1
    MMCME2_ADV_X1Y0      MMCME2_ADV (Prop_mmcme2_adv_CLKIN1_CLKOUT0)
                                                     -4.637    -2.665 r  datapath/video_inst/mmcm_adv_inst_display_clocks/inst/mmcm_adv_inst/CLKOUT0
                         net (fo=1, routed)           2.574    -0.091    datapath/video_inst/mmcm_adv_inst_display_clocks/inst/clk_out1_clk_wiz_0
    BUFGCTRL_X0Y4        BUFG (Prop_bufg_I_O)         0.091     0.000 r  datapath/video_inst/mmcm_adv_inst_display_clocks/inst/clkout1_buf/O
                         net (fo=63, routed)          1.705     1.705    datapath/video_inst/inst_dvid/TDMS_encoder_blue/CLK
    SLICE_X158Y134       FDRE                                         r  datapath/video_inst/inst_dvid/TDMS_encoder_blue/encoded_reg[0]/C

Slack:                    inf
  Source:                 datapath/column_counter/process_q_reg[1]/C
                            (rising edge-triggered cell FDRE)
  Destination:            datapath/video_inst/inst_dvid/TDMS_encoder_blue/encoded_reg[2]/D
                            (rising edge-triggered cell FDRE clocked by clk_out1_clk_wiz_0  {rise@0.000ns fall@20.000ns period=40.000ns})
  Path Group:             (none)
  Path Type:              Setup (Max at Slow Process Corner)
  Data Path Delay:        12.896ns  (logic 4.735ns (36.717%)  route 8.161ns (63.283%))
  Logic Levels:           19  (CARRY4=8 FDRE=1 LUT1=1 LUT2=2 LUT3=1 LUT5=4 LUT6=2)
  Clock Uncertainty:      0.190ns  ((TSJ^2 + DJ^2)^1/2) / 2 + PE
    Total System Jitter     (TSJ):    0.050ns
    Discrete Jitter          (DJ):    0.175ns
    Phase Error              (PE):    0.099ns

    Location             Delay type                Incr(ns)  Path(ns)    Netlist Resource(s)
  -------------------------------------------------------------------    -------------------
    SLICE_X159Y130       FDRE                         0.000     0.000 r  datapath/column_counter/process_q_reg[1]/C
    SLICE_X159Y130       FDRE (Prop_fdre_C_Q)         0.456     0.456 r  datapath/column_counter/process_q_reg[1]/Q
                         net (fo=23, routed)          1.375     1.831    datapath/video_inst/Inst_vga/sig_gen/horizontal_counter/is_trigger_time5_carry__1[1]
    SLICE_X157Y128       LUT2 (Prop_lut2_I1_O)        0.124     1.955 r  datapath/video_inst/Inst_vga/sig_gen/horizontal_counter/is_trigger_time5_carry_i_3/O
                         net (fo=1, routed)           0.000     1.955    datapath/video_inst/Inst_vga/col_map/is_trigger_time1_carry_i_4[1]
    SLICE_X157Y128       CARRY4 (Prop_carry4_S[1]_CO[3])
                                                      0.550     2.505 r  datapath/video_inst/Inst_vga/col_map/is_trigger_time5_carry/CO[3]
                         net (fo=1, routed)           0.000     2.505    datapath/video_inst/Inst_vga/col_map/is_trigger_time5_carry_n_0
    SLICE_X157Y129       CARRY4 (Prop_carry4_CI_O[0])
                                                      0.222     2.727 f  datapath/video_inst/Inst_vga/col_map/is_trigger_time5_carry__0/O[0]
                         net (fo=3, routed)           0.963     3.690    datapath/video_inst/Inst_vga/col_map/is_trigger_time5[4]
    SLICE_X157Y125       LUT1 (Prop_lut1_I0_O)        0.299     3.989 r  datapath/video_inst/Inst_vga/col_map/i__carry_i_2__0/O
                         net (fo=1, routed)           0.000     3.989    datapath/video_inst/Inst_vga/col_map/i__carry_i_2__0_n_0
    SLICE_X157Y125       CARRY4 (Prop_carry4_S[3]_CO[3])
                                                      0.401     4.390 r  datapath/video_inst/Inst_vga/col_map/_inferred__6/i__carry/CO[3]
                         net (fo=1, routed)           0.000     4.390    datapath/video_inst/Inst_vga/col_map/_inferred__6/i__carry_n_0
    SLICE_X157Y126       CARRY4 (Prop_carry4_CI_O[1])
                                                      0.334     4.724 f  datapath/video_inst/Inst_vga/col_map/_inferred__6/i__carry__0/O[1]
                         net (fo=2, routed)           0.978     5.703    datapath/video_inst/Inst_vga/col_map/is_trigger_time3[5]
    SLICE_X156Y129       LUT3 (Prop_lut3_I2_O)        0.331     6.034 f  datapath/video_inst/Inst_vga/col_map/is_trigger_time1_carry_i_11/O
                         net (fo=1, routed)           0.162     6.195    datapath/video_inst/Inst_vga/sig_gen/vertical_counter/is_trigger_time1_carry_3
    SLICE_X156Y129       LUT6 (Prop_lut6_I5_O)        0.326     6.521 r  datapath/video_inst/Inst_vga/sig_gen/vertical_counter/is_trigger_time1_carry_i_1/O
                         net (fo=1, routed)           0.903     7.425    datapath/video_inst/Inst_vga/col_map/is_trigger_time1_carry__0_0[3]
    SLICE_X156Y125       CARRY4 (Prop_carry4_DI[3]_CO[3])
                                                      0.385     7.810 r  datapath/video_inst/Inst_vga/col_map/is_trigger_time1_carry/CO[3]
                         net (fo=1, routed)           0.000     7.810    datapath/video_inst/Inst_vga/col_map/is_trigger_time1_carry_n_0
    SLICE_X156Y126       CARRY4 (Prop_carry4_CI_CO[3])
                                                      0.114     7.924 r  datapath/video_inst/Inst_vga/col_map/is_trigger_time1_carry__0/CO[3]
                         net (fo=1, routed)           0.000     7.924    datapath/video_inst/Inst_vga/col_map/is_trigger_time1_carry__0_n_0
    SLICE_X156Y127       CARRY4 (Prop_carry4_CI_CO[3])
                                                      0.114     8.038 r  datapath/video_inst/Inst_vga/col_map/is_trigger_time1_carry__1/CO[3]
                         net (fo=1, routed)           0.000     8.038    datapath/video_inst/Inst_vga/col_map/is_trigger_time1_carry__1_n_0
    SLICE_X156Y128       CARRY4 (Prop_carry4_CI_CO[3])
                                                      0.114     8.152 f  datapath/video_inst/Inst_vga/col_map/is_trigger_time1_carry__2/CO[3]
                         net (fo=1, routed)           0.615     8.766    datapath/video_inst/Inst_vga/sig_gen/vertical_counter/dc_bias[2]_i_5__0[0]
    SLICE_X156Y129       LUT5 (Prop_lut5_I2_O)        0.124     8.890 f  datapath/video_inst/Inst_vga/sig_gen/vertical_counter/dc_bias[2]_i_11/O
                         net (fo=1, routed)           0.515     9.406    datapath/video_inst/Inst_vga/sig_gen/horizontal_counter/dc_bias[2]_i_2__0_0
    SLICE_X155Y130       LUT5 (Prop_lut5_I1_O)        0.124     9.530 f  datapath/video_inst/Inst_vga/sig_gen/horizontal_counter/dc_bias[2]_i_5__0/O
                         net (fo=4, routed)           1.235    10.764    datapath/video_inst/Inst_vga/sig_gen/horizontal_counter/dc_bias[2]_i_5__0_n_0
    SLICE_X157Y134       LUT5 (Prop_lut5_I4_O)        0.150    10.914 f  datapath/video_inst/Inst_vga/sig_gen/horizontal_counter/dc_bias[3]_i_8__0/O
                         net (fo=1, routed)           0.436    11.351    datapath/video_inst/Inst_vga/sig_gen/horizontal_counter/dc_bias[3]_i_8__0_n_0
    SLICE_X157Y134       LUT6 (Prop_lut6_I5_O)        0.326    11.677 r  datapath/video_inst/Inst_vga/sig_gen/horizontal_counter/dc_bias[3]_i_2__1/O
                         net (fo=10, routed)          0.469    12.145    datapath/video_inst/inst_dvid/TDMS_encoder_blue/dc_bias_reg[1]_1
    SLICE_X158Y133       LUT2 (Prop_lut2_I1_O)        0.124    12.269 r  datapath/video_inst/inst_dvid/TDMS_encoder_blue/dc_bias[2]_i_3/O
                         net (fo=5, routed)           0.510    12.779    datapath/video_inst/Inst_vga/sig_gen/horizontal_counter/encoded_reg[9]_1
    SLICE_X158Y134       LUT5 (Prop_lut5_I4_O)        0.117    12.896 r  datapath/video_inst/Inst_vga/sig_gen/horizontal_counter/encoded[2]_i_1/O
                         net (fo=1, routed)           0.000    12.896    datapath/video_inst/inst_dvid/TDMS_encoder_blue/encoded_reg[2]_0
    SLICE_X158Y134       FDRE                                         r  datapath/video_inst/inst_dvid/TDMS_encoder_blue/encoded_reg[2]/D
  -------------------------------------------------------------------    -------------------

                         (clock clk_out1_clk_wiz_0 rise edge)
                                                      0.000     0.000 r  
    BUFGCTRL_X0Y2        BUFG                         0.000     0.000 r  clk_IBUF_BUFG_inst/O
                         net (fo=297, routed)         1.972     1.972    datapath/video_inst/mmcm_adv_inst_display_clocks/inst/clk_in1
    MMCME2_ADV_X1Y0      MMCME2_ADV (Prop_mmcme2_adv_CLKIN1_CLKOUT0)
                                                     -4.637    -2.665 r  datapath/video_inst/mmcm_adv_inst_display_clocks/inst/mmcm_adv_inst/CLKOUT0
                         net (fo=1, routed)           2.574    -0.091    datapath/video_inst/mmcm_adv_inst_display_clocks/inst/clk_out1_clk_wiz_0
    BUFGCTRL_X0Y4        BUFG (Prop_bufg_I_O)         0.091     0.000 r  datapath/video_inst/mmcm_adv_inst_display_clocks/inst/clkout1_buf/O
                         net (fo=63, routed)          1.705     1.705    datapath/video_inst/inst_dvid/TDMS_encoder_blue/CLK
    SLICE_X158Y134       FDRE                                         r  datapath/video_inst/inst_dvid/TDMS_encoder_blue/encoded_reg[2]/C

Slack:                    inf
  Source:                 datapath/column_counter/process_q_reg[1]/C
                            (rising edge-triggered cell FDRE)
  Destination:            datapath/video_inst/inst_dvid/TDMS_encoder_red/dc_bias_reg[1]/D
                            (rising edge-triggered cell FDRE clocked by clk_out1_clk_wiz_0  {rise@0.000ns fall@20.000ns period=40.000ns})
  Path Group:             (none)
  Path Type:              Setup (Max at Slow Process Corner)
  Data Path Delay:        12.893ns  (logic 4.644ns (36.021%)  route 8.249ns (63.979%))
  Logic Levels:           18  (CARRY4=8 FDRE=1 LUT1=1 LUT2=1 LUT3=1 LUT4=1 LUT5=3 LUT6=2)
  Clock Uncertainty:      0.190ns  ((TSJ^2 + DJ^2)^1/2) / 2 + PE
    Total System Jitter     (TSJ):    0.050ns
    Discrete Jitter          (DJ):    0.175ns
    Phase Error              (PE):    0.099ns

    Location             Delay type                Incr(ns)  Path(ns)    Netlist Resource(s)
  -------------------------------------------------------------------    -------------------
    SLICE_X159Y130       FDRE                         0.000     0.000 r  datapath/column_counter/process_q_reg[1]/C
    SLICE_X159Y130       FDRE (Prop_fdre_C_Q)         0.456     0.456 r  datapath/column_counter/process_q_reg[1]/Q
                         net (fo=23, routed)          1.375     1.831    datapath/video_inst/Inst_vga/sig_gen/horizontal_counter/is_trigger_time5_carry__1[1]
    SLICE_X157Y128       LUT2 (Prop_lut2_I1_O)        0.124     1.955 r  datapath/video_inst/Inst_vga/sig_gen/horizontal_counter/is_trigger_time5_carry_i_3/O
                         net (fo=1, routed)           0.000     1.955    datapath/video_inst/Inst_vga/col_map/is_trigger_time1_carry_i_4[1]
    SLICE_X157Y128       CARRY4 (Prop_carry4_S[1]_CO[3])
                                                      0.550     2.505 r  datapath/video_inst/Inst_vga/col_map/is_trigger_time5_carry/CO[3]
                         net (fo=1, routed)           0.000     2.505    datapath/video_inst/Inst_vga/col_map/is_trigger_time5_carry_n_0
    SLICE_X157Y129       CARRY4 (Prop_carry4_CI_O[0])
                                                      0.222     2.727 f  datapath/video_inst/Inst_vga/col_map/is_trigger_time5_carry__0/O[0]
                         net (fo=3, routed)           0.963     3.690    datapath/video_inst/Inst_vga/col_map/is_trigger_time5[4]
    SLICE_X157Y125       LUT1 (Prop_lut1_I0_O)        0.299     3.989 r  datapath/video_inst/Inst_vga/col_map/i__carry_i_2__0/O
                         net (fo=1, routed)           0.000     3.989    datapath/video_inst/Inst_vga/col_map/i__carry_i_2__0_n_0
    SLICE_X157Y125       CARRY4 (Prop_carry4_S[3]_CO[3])
                                                      0.401     4.390 r  datapath/video_inst/Inst_vga/col_map/_inferred__6/i__carry/CO[3]
                         net (fo=1, routed)           0.000     4.390    datapath/video_inst/Inst_vga/col_map/_inferred__6/i__carry_n_0
    SLICE_X157Y126       CARRY4 (Prop_carry4_CI_O[1])
                                                      0.334     4.724 f  datapath/video_inst/Inst_vga/col_map/_inferred__6/i__carry__0/O[1]
                         net (fo=2, routed)           0.978     5.703    datapath/video_inst/Inst_vga/col_map/is_trigger_time3[5]
    SLICE_X156Y129       LUT3 (Prop_lut3_I2_O)        0.331     6.034 f  datapath/video_inst/Inst_vga/col_map/is_trigger_time1_carry_i_11/O
                         net (fo=1, routed)           0.162     6.195    datapath/video_inst/Inst_vga/sig_gen/vertical_counter/is_trigger_time1_carry_3
    SLICE_X156Y129       LUT6 (Prop_lut6_I5_O)        0.326     6.521 r  datapath/video_inst/Inst_vga/sig_gen/vertical_counter/is_trigger_time1_carry_i_1/O
                         net (fo=1, routed)           0.903     7.425    datapath/video_inst/Inst_vga/col_map/is_trigger_time1_carry__0_0[3]
    SLICE_X156Y125       CARRY4 (Prop_carry4_DI[3]_CO[3])
                                                      0.385     7.810 r  datapath/video_inst/Inst_vga/col_map/is_trigger_time1_carry/CO[3]
                         net (fo=1, routed)           0.000     7.810    datapath/video_inst/Inst_vga/col_map/is_trigger_time1_carry_n_0
    SLICE_X156Y126       CARRY4 (Prop_carry4_CI_CO[3])
                                                      0.114     7.924 r  datapath/video_inst/Inst_vga/col_map/is_trigger_time1_carry__0/CO[3]
                         net (fo=1, routed)           0.000     7.924    datapath/video_inst/Inst_vga/col_map/is_trigger_time1_carry__0_n_0
    SLICE_X156Y127       CARRY4 (Prop_carry4_CI_CO[3])
                                                      0.114     8.038 r  datapath/video_inst/Inst_vga/col_map/is_trigger_time1_carry__1/CO[3]
                         net (fo=1, routed)           0.000     8.038    datapath/video_inst/Inst_vga/col_map/is_trigger_time1_carry__1_n_0
    SLICE_X156Y128       CARRY4 (Prop_carry4_CI_CO[3])
                                                      0.114     8.152 f  datapath/video_inst/Inst_vga/col_map/is_trigger_time1_carry__2/CO[3]
                         net (fo=1, routed)           0.615     8.766    datapath/video_inst/Inst_vga/sig_gen/vertical_counter/dc_bias[2]_i_5__0[0]
    SLICE_X156Y129       LUT5 (Prop_lut5_I2_O)        0.124     8.890 f  datapath/video_inst/Inst_vga/sig_gen/vertical_counter/dc_bias[2]_i_11/O
                         net (fo=1, routed)           0.515     9.406    datapath/video_inst/Inst_vga/sig_gen/horizontal_counter/dc_bias[2]_i_2__0_0
    SLICE_X155Y130       LUT5 (Prop_lut5_I1_O)        0.124     9.530 f  datapath/video_inst/Inst_vga/sig_gen/horizontal_counter/dc_bias[2]_i_5__0/O
                         net (fo=4, routed)           1.235    10.764    datapath/video_inst/Inst_vga/sig_gen/horizontal_counter/dc_bias[2]_i_5__0_n_0
    SLICE_X157Y134       LUT5 (Prop_lut5_I4_O)        0.150    10.914 f  datapath/video_inst/Inst_vga/sig_gen/horizontal_counter/dc_bias[3]_i_8__0/O
                         net (fo=1, routed)           0.436    11.351    datapath/video_inst/Inst_vga/sig_gen/horizontal_counter/dc_bias[3]_i_8__0_n_0
    SLICE_X157Y134       LUT6 (Prop_lut6_I5_O)        0.326    11.677 r  datapath/video_inst/Inst_vga/sig_gen/horizontal_counter/dc_bias[3]_i_2__1/O
                         net (fo=10, routed)          1.066    12.743    datapath/video_inst/inst_dvid/TDMS_encoder_red/dc_bias_reg[1]_0
    SLICE_X161Y133       LUT4 (Prop_lut4_I2_O)        0.150    12.893 r  datapath/video_inst/inst_dvid/TDMS_encoder_red/dc_bias[1]_i_1__1/O
                         net (fo=1, routed)           0.000    12.893    datapath/video_inst/inst_dvid/TDMS_encoder_red/dc_bias[1]_i_1__1_n_0
    SLICE_X161Y133       FDRE                                         r  datapath/video_inst/inst_dvid/TDMS_encoder_red/dc_bias_reg[1]/D
  -------------------------------------------------------------------    -------------------

                         (clock clk_out1_clk_wiz_0 rise edge)
                                                      0.000     0.000 r  
    BUFGCTRL_X0Y2        BUFG                         0.000     0.000 r  clk_IBUF_BUFG_inst/O
                         net (fo=297, routed)         1.972     1.972    datapath/video_inst/mmcm_adv_inst_display_clocks/inst/clk_in1
    MMCME2_ADV_X1Y0      MMCME2_ADV (Prop_mmcme2_adv_CLKIN1_CLKOUT0)
                                                     -4.637    -2.665 r  datapath/video_inst/mmcm_adv_inst_display_clocks/inst/mmcm_adv_inst/CLKOUT0
                         net (fo=1, routed)           2.574    -0.091    datapath/video_inst/mmcm_adv_inst_display_clocks/inst/clk_out1_clk_wiz_0
    BUFGCTRL_X0Y4        BUFG (Prop_bufg_I_O)         0.091     0.000 r  datapath/video_inst/mmcm_adv_inst_display_clocks/inst/clkout1_buf/O
                         net (fo=63, routed)          1.706     1.706    datapath/video_inst/inst_dvid/TDMS_encoder_red/CLK
    SLICE_X161Y133       FDRE                                         r  datapath/video_inst/inst_dvid/TDMS_encoder_red/dc_bias_reg[1]/C

Slack:                    inf
  Source:                 datapath/column_counter/process_q_reg[1]/C
                            (rising edge-triggered cell FDRE)
  Destination:            datapath/video_inst/inst_dvid/TDMS_encoder_blue/encoded_reg[9]/D
                            (rising edge-triggered cell FDRE clocked by clk_out1_clk_wiz_0  {rise@0.000ns fall@20.000ns period=40.000ns})
  Path Group:             (none)
  Path Type:              Setup (Max at Slow Process Corner)
  Data Path Delay:        12.892ns  (logic 4.742ns (36.783%)  route 8.150ns (63.217%))
  Logic Levels:           19  (CARRY4=8 FDRE=1 LUT1=1 LUT2=2 LUT3=1 LUT5=3 LUT6=3)
  Clock Uncertainty:      0.190ns  ((TSJ^2 + DJ^2)^1/2) / 2 + PE
    Total System Jitter     (TSJ):    0.050ns
    Discrete Jitter          (DJ):    0.175ns
    Phase Error              (PE):    0.099ns

    Location             Delay type                Incr(ns)  Path(ns)    Netlist Resource(s)
  -------------------------------------------------------------------    -------------------
    SLICE_X159Y130       FDRE                         0.000     0.000 r  datapath/column_counter/process_q_reg[1]/C
    SLICE_X159Y130       FDRE (Prop_fdre_C_Q)         0.456     0.456 r  datapath/column_counter/process_q_reg[1]/Q
                         net (fo=23, routed)          1.375     1.831    datapath/video_inst/Inst_vga/sig_gen/horizontal_counter/is_trigger_time5_carry__1[1]
    SLICE_X157Y128       LUT2 (Prop_lut2_I1_O)        0.124     1.955 r  datapath/video_inst/Inst_vga/sig_gen/horizontal_counter/is_trigger_time5_carry_i_3/O
                         net (fo=1, routed)           0.000     1.955    datapath/video_inst/Inst_vga/col_map/is_trigger_time1_carry_i_4[1]
    SLICE_X157Y128       CARRY4 (Prop_carry4_S[1]_CO[3])
                                                      0.550     2.505 r  datapath/video_inst/Inst_vga/col_map/is_trigger_time5_carry/CO[3]
                         net (fo=1, routed)           0.000     2.505    datapath/video_inst/Inst_vga/col_map/is_trigger_time5_carry_n_0
    SLICE_X157Y129       CARRY4 (Prop_carry4_CI_O[0])
                                                      0.222     2.727 f  datapath/video_inst/Inst_vga/col_map/is_trigger_time5_carry__0/O[0]
                         net (fo=3, routed)           0.963     3.690    datapath/video_inst/Inst_vga/col_map/is_trigger_time5[4]
    SLICE_X157Y125       LUT1 (Prop_lut1_I0_O)        0.299     3.989 r  datapath/video_inst/Inst_vga/col_map/i__carry_i_2__0/O
                         net (fo=1, routed)           0.000     3.989    datapath/video_inst/Inst_vga/col_map/i__carry_i_2__0_n_0
    SLICE_X157Y125       CARRY4 (Prop_carry4_S[3]_CO[3])
                                                      0.401     4.390 r  datapath/video_inst/Inst_vga/col_map/_inferred__6/i__carry/CO[3]
                         net (fo=1, routed)           0.000     4.390    datapath/video_inst/Inst_vga/col_map/_inferred__6/i__carry_n_0
    SLICE_X157Y126       CARRY4 (Prop_carry4_CI_O[1])
                                                      0.334     4.724 f  datapath/video_inst/Inst_vga/col_map/_inferred__6/i__carry__0/O[1]
                         net (fo=2, routed)           0.978     5.703    datapath/video_inst/Inst_vga/col_map/is_trigger_time3[5]
    SLICE_X156Y129       LUT3 (Prop_lut3_I2_O)        0.331     6.034 f  datapath/video_inst/Inst_vga/col_map/is_trigger_time1_carry_i_11/O
                         net (fo=1, routed)           0.162     6.195    datapath/video_inst/Inst_vga/sig_gen/vertical_counter/is_trigger_time1_carry_3
    SLICE_X156Y129       LUT6 (Prop_lut6_I5_O)        0.326     6.521 r  datapath/video_inst/Inst_vga/sig_gen/vertical_counter/is_trigger_time1_carry_i_1/O
                         net (fo=1, routed)           0.903     7.425    datapath/video_inst/Inst_vga/col_map/is_trigger_time1_carry__0_0[3]
    SLICE_X156Y125       CARRY4 (Prop_carry4_DI[3]_CO[3])
                                                      0.385     7.810 r  datapath/video_inst/Inst_vga/col_map/is_trigger_time1_carry/CO[3]
                         net (fo=1, routed)           0.000     7.810    datapath/video_inst/Inst_vga/col_map/is_trigger_time1_carry_n_0
    SLICE_X156Y126       CARRY4 (Prop_carry4_CI_CO[3])
                                                      0.114     7.924 r  datapath/video_inst/Inst_vga/col_map/is_trigger_time1_carry__0/CO[3]
                         net (fo=1, routed)           0.000     7.924    datapath/video_inst/Inst_vga/col_map/is_trigger_time1_carry__0_n_0
    SLICE_X156Y127       CARRY4 (Prop_carry4_CI_CO[3])
                                                      0.114     8.038 r  datapath/video_inst/Inst_vga/col_map/is_trigger_time1_carry__1/CO[3]
                         net (fo=1, routed)           0.000     8.038    datapath/video_inst/Inst_vga/col_map/is_trigger_time1_carry__1_n_0
    SLICE_X156Y128       CARRY4 (Prop_carry4_CI_CO[3])
                                                      0.114     8.152 f  datapath/video_inst/Inst_vga/col_map/is_trigger_time1_carry__2/CO[3]
                         net (fo=1, routed)           0.615     8.766    datapath/video_inst/Inst_vga/sig_gen/vertical_counter/dc_bias[2]_i_5__0[0]
    SLICE_X156Y129       LUT5 (Prop_lut5_I2_O)        0.124     8.890 f  datapath/video_inst/Inst_vga/sig_gen/vertical_counter/dc_bias[2]_i_11/O
                         net (fo=1, routed)           0.515     9.406    datapath/video_inst/Inst_vga/sig_gen/horizontal_counter/dc_bias[2]_i_2__0_0
    SLICE_X155Y130       LUT5 (Prop_lut5_I1_O)        0.124     9.530 f  datapath/video_inst/Inst_vga/sig_gen/horizontal_counter/dc_bias[2]_i_5__0/O
                         net (fo=4, routed)           1.235    10.764    datapath/video_inst/Inst_vga/sig_gen/horizontal_counter/dc_bias[2]_i_5__0_n_0
    SLICE_X157Y134       LUT5 (Prop_lut5_I4_O)        0.150    10.914 f  datapath/video_inst/Inst_vga/sig_gen/horizontal_counter/dc_bias[3]_i_8__0/O
                         net (fo=1, routed)           0.436    11.351    datapath/video_inst/Inst_vga/sig_gen/horizontal_counter/dc_bias[3]_i_8__0_n_0
    SLICE_X157Y134       LUT6 (Prop_lut6_I5_O)        0.326    11.677 r  datapath/video_inst/Inst_vga/sig_gen/horizontal_counter/dc_bias[3]_i_2__1/O
                         net (fo=10, routed)          0.469    12.145    datapath/video_inst/inst_dvid/TDMS_encoder_blue/dc_bias_reg[1]_1
    SLICE_X158Y133       LUT2 (Prop_lut2_I1_O)        0.124    12.269 f  datapath/video_inst/inst_dvid/TDMS_encoder_blue/dc_bias[2]_i_3/O
                         net (fo=5, routed)           0.499    12.768    datapath/video_inst/Inst_vga/sig_gen/horizontal_counter/encoded_reg[9]_1
    SLICE_X158Y134       LUT6 (Prop_lut6_I0_O)        0.124    12.892 r  datapath/video_inst/Inst_vga/sig_gen/horizontal_counter/TDMS_encoder_blue/encoded[9]_i_1/O
                         net (fo=1, routed)           0.000    12.892    datapath/video_inst/inst_dvid/TDMS_encoder_blue/encoded_reg[9]_0
    SLICE_X158Y134       FDRE                                         r  datapath/video_inst/inst_dvid/TDMS_encoder_blue/encoded_reg[9]/D
  -------------------------------------------------------------------    -------------------

                         (clock clk_out1_clk_wiz_0 rise edge)
                                                      0.000     0.000 r  
    BUFGCTRL_X0Y2        BUFG                         0.000     0.000 r  clk_IBUF_BUFG_inst/O
                         net (fo=297, routed)         1.972     1.972    datapath/video_inst/mmcm_adv_inst_display_clocks/inst/clk_in1
    MMCME2_ADV_X1Y0      MMCME2_ADV (Prop_mmcme2_adv_CLKIN1_CLKOUT0)
                                                     -4.637    -2.665 r  datapath/video_inst/mmcm_adv_inst_display_clocks/inst/mmcm_adv_inst/CLKOUT0
                         net (fo=1, routed)           2.574    -0.091    datapath/video_inst/mmcm_adv_inst_display_clocks/inst/clk_out1_clk_wiz_0
    BUFGCTRL_X0Y4        BUFG (Prop_bufg_I_O)         0.091     0.000 r  datapath/video_inst/mmcm_adv_inst_display_clocks/inst/clkout1_buf/O
                         net (fo=63, routed)          1.705     1.705    datapath/video_inst/inst_dvid/TDMS_encoder_blue/CLK
    SLICE_X158Y134       FDRE                                         r  datapath/video_inst/inst_dvid/TDMS_encoder_blue/encoded_reg[9]/C

Slack:                    inf
  Source:                 datapath/column_counter/process_q_reg[1]/C
                            (rising edge-triggered cell FDRE)
  Destination:            datapath/video_inst/inst_dvid/TDMS_encoder_red/dc_bias_reg[3]/D
                            (rising edge-triggered cell FDRE clocked by clk_out1_clk_wiz_0  {rise@0.000ns fall@20.000ns period=40.000ns})
  Path Group:             (none)
  Path Type:              Setup (Max at Slow Process Corner)
  Data Path Delay:        12.891ns  (logic 4.644ns (36.027%)  route 8.247ns (63.973%))
  Logic Levels:           18  (CARRY4=8 FDRE=1 LUT1=1 LUT2=1 LUT3=1 LUT5=4 LUT6=2)
  Clock Uncertainty:      0.190ns  ((TSJ^2 + DJ^2)^1/2) / 2 + PE
    Total System Jitter     (TSJ):    0.050ns
    Discrete Jitter          (DJ):    0.175ns
    Phase Error              (PE):    0.099ns

    Location             Delay type                Incr(ns)  Path(ns)    Netlist Resource(s)
  -------------------------------------------------------------------    -------------------
    SLICE_X159Y130       FDRE                         0.000     0.000 r  datapath/column_counter/process_q_reg[1]/C
    SLICE_X159Y130       FDRE (Prop_fdre_C_Q)         0.456     0.456 r  datapath/column_counter/process_q_reg[1]/Q
                         net (fo=23, routed)          1.375     1.831    datapath/video_inst/Inst_vga/sig_gen/horizontal_counter/is_trigger_time5_carry__1[1]
    SLICE_X157Y128       LUT2 (Prop_lut2_I1_O)        0.124     1.955 r  datapath/video_inst/Inst_vga/sig_gen/horizontal_counter/is_trigger_time5_carry_i_3/O
                         net (fo=1, routed)           0.000     1.955    datapath/video_inst/Inst_vga/col_map/is_trigger_time1_carry_i_4[1]
    SLICE_X157Y128       CARRY4 (Prop_carry4_S[1]_CO[3])
                                                      0.550     2.505 r  datapath/video_inst/Inst_vga/col_map/is_trigger_time5_carry/CO[3]
                         net (fo=1, routed)           0.000     2.505    datapath/video_inst/Inst_vga/col_map/is_trigger_time5_carry_n_0
    SLICE_X157Y129       CARRY4 (Prop_carry4_CI_O[0])
                                                      0.222     2.727 f  datapath/video_inst/Inst_vga/col_map/is_trigger_time5_carry__0/O[0]
                         net (fo=3, routed)           0.963     3.690    datapath/video_inst/Inst_vga/col_map/is_trigger_time5[4]
    SLICE_X157Y125       LUT1 (Prop_lut1_I0_O)        0.299     3.989 r  datapath/video_inst/Inst_vga/col_map/i__carry_i_2__0/O
                         net (fo=1, routed)           0.000     3.989    datapath/video_inst/Inst_vga/col_map/i__carry_i_2__0_n_0
    SLICE_X157Y125       CARRY4 (Prop_carry4_S[3]_CO[3])
                                                      0.401     4.390 r  datapath/video_inst/Inst_vga/col_map/_inferred__6/i__carry/CO[3]
                         net (fo=1, routed)           0.000     4.390    datapath/video_inst/Inst_vga/col_map/_inferred__6/i__carry_n_0
    SLICE_X157Y126       CARRY4 (Prop_carry4_CI_O[1])
                                                      0.334     4.724 f  datapath/video_inst/Inst_vga/col_map/_inferred__6/i__carry__0/O[1]
                         net (fo=2, routed)           0.978     5.703    datapath/video_inst/Inst_vga/col_map/is_trigger_time3[5]
    SLICE_X156Y129       LUT3 (Prop_lut3_I2_O)        0.331     6.034 f  datapath/video_inst/Inst_vga/col_map/is_trigger_time1_carry_i_11/O
                         net (fo=1, routed)           0.162     6.195    datapath/video_inst/Inst_vga/sig_gen/vertical_counter/is_trigger_time1_carry_3
    SLICE_X156Y129       LUT6 (Prop_lut6_I5_O)        0.326     6.521 r  datapath/video_inst/Inst_vga/sig_gen/vertical_counter/is_trigger_time1_carry_i_1/O
                         net (fo=1, routed)           0.903     7.425    datapath/video_inst/Inst_vga/col_map/is_trigger_time1_carry__0_0[3]
    SLICE_X156Y125       CARRY4 (Prop_carry4_DI[3]_CO[3])
                                                      0.385     7.810 r  datapath/video_inst/Inst_vga/col_map/is_trigger_time1_carry/CO[3]
                         net (fo=1, routed)           0.000     7.810    datapath/video_inst/Inst_vga/col_map/is_trigger_time1_carry_n_0
    SLICE_X156Y126       CARRY4 (Prop_carry4_CI_CO[3])
                                                      0.114     7.924 r  datapath/video_inst/Inst_vga/col_map/is_trigger_time1_carry__0/CO[3]
                         net (fo=1, routed)           0.000     7.924    datapath/video_inst/Inst_vga/col_map/is_trigger_time1_carry__0_n_0
    SLICE_X156Y127       CARRY4 (Prop_carry4_CI_CO[3])
                                                      0.114     8.038 r  datapath/video_inst/Inst_vga/col_map/is_trigger_time1_carry__1/CO[3]
                         net (fo=1, routed)           0.000     8.038    datapath/video_inst/Inst_vga/col_map/is_trigger_time1_carry__1_n_0
    SLICE_X156Y128       CARRY4 (Prop_carry4_CI_CO[3])
                                                      0.114     8.152 r  datapath/video_inst/Inst_vga/col_map/is_trigger_time1_carry__2/CO[3]
                         net (fo=1, routed)           0.615     8.766    datapath/video_inst/Inst_vga/sig_gen/vertical_counter/dc_bias[2]_i_5__0[0]
    SLICE_X156Y129       LUT5 (Prop_lut5_I2_O)        0.124     8.890 r  datapath/video_inst/Inst_vga/sig_gen/vertical_counter/dc_bias[2]_i_11/O
                         net (fo=1, routed)           0.515     9.406    datapath/video_inst/Inst_vga/sig_gen/horizontal_counter/dc_bias[2]_i_2__0_0
    SLICE_X155Y130       LUT5 (Prop_lut5_I1_O)        0.124     9.530 r  datapath/video_inst/Inst_vga/sig_gen/horizontal_counter/dc_bias[2]_i_5__0/O
                         net (fo=4, routed)           1.235    10.764    datapath/video_inst/Inst_vga/sig_gen/horizontal_counter/dc_bias[2]_i_5__0_n_0
    SLICE_X157Y134       LUT5 (Prop_lut5_I4_O)        0.150    10.914 r  datapath/video_inst/Inst_vga/sig_gen/horizontal_counter/dc_bias[3]_i_8__0/O
                         net (fo=1, routed)           0.436    11.351    datapath/video_inst/Inst_vga/sig_gen/horizontal_counter/dc_bias[3]_i_8__0_n_0
    SLICE_X157Y134       LUT6 (Prop_lut6_I5_O)        0.326    11.677 f  datapath/video_inst/Inst_vga/sig_gen/horizontal_counter/dc_bias[3]_i_2__1/O
                         net (fo=10, routed)          1.064    12.741    datapath/video_inst/inst_dvid/TDMS_encoder_red/dc_bias_reg[1]_0
    SLICE_X161Y133       LUT5 (Prop_lut5_I1_O)        0.150    12.891 r  datapath/video_inst/inst_dvid/TDMS_encoder_red/dc_bias[3]_i_1__1/O
                         net (fo=1, routed)           0.000    12.891    datapath/video_inst/inst_dvid/TDMS_encoder_red/dc_bias[3]_i_1__1_n_0
    SLICE_X161Y133       FDRE                                         r  datapath/video_inst/inst_dvid/TDMS_encoder_red/dc_bias_reg[3]/D
  -------------------------------------------------------------------    -------------------

                         (clock clk_out1_clk_wiz_0 rise edge)
                                                      0.000     0.000 r  
    BUFGCTRL_X0Y2        BUFG                         0.000     0.000 r  clk_IBUF_BUFG_inst/O
                         net (fo=297, routed)         1.972     1.972    datapath/video_inst/mmcm_adv_inst_display_clocks/inst/clk_in1
    MMCME2_ADV_X1Y0      MMCME2_ADV (Prop_mmcme2_adv_CLKIN1_CLKOUT0)
                                                     -4.637    -2.665 r  datapath/video_inst/mmcm_adv_inst_display_clocks/inst/mmcm_adv_inst/CLKOUT0
                         net (fo=1, routed)           2.574    -0.091    datapath/video_inst/mmcm_adv_inst_display_clocks/inst/clk_out1_clk_wiz_0
    BUFGCTRL_X0Y4        BUFG (Prop_bufg_I_O)         0.091     0.000 r  datapath/video_inst/mmcm_adv_inst_display_clocks/inst/clkout1_buf/O
                         net (fo=63, routed)          1.706     1.706    datapath/video_inst/inst_dvid/TDMS_encoder_red/CLK
    SLICE_X161Y133       FDRE                                         r  datapath/video_inst/inst_dvid/TDMS_encoder_red/dc_bias_reg[3]/C

Slack:                    inf
  Source:                 datapath/column_counter/process_q_reg[1]/C
                            (rising edge-triggered cell FDRE)
  Destination:            datapath/video_inst/inst_dvid/TDMS_encoder_blue/dc_bias_reg[0]/D
                            (rising edge-triggered cell FDRE clocked by clk_out1_clk_wiz_0  {rise@0.000ns fall@20.000ns period=40.000ns})
  Path Group:             (none)
  Path Type:              Setup (Max at Slow Process Corner)
  Data Path Delay:        12.880ns  (logic 4.742ns (36.817%)  route 8.138ns (63.183%))
  Logic Levels:           19  (CARRY4=8 FDRE=1 LUT1=1 LUT2=2 LUT3=1 LUT5=3 LUT6=3)
  Clock Uncertainty:      0.190ns  ((TSJ^2 + DJ^2)^1/2) / 2 + PE
    Total System Jitter     (TSJ):    0.050ns
    Discrete Jitter          (DJ):    0.175ns
    Phase Error              (PE):    0.099ns

    Location             Delay type                Incr(ns)  Path(ns)    Netlist Resource(s)
  -------------------------------------------------------------------    -------------------
    SLICE_X159Y130       FDRE                         0.000     0.000 r  datapath/column_counter/process_q_reg[1]/C
    SLICE_X159Y130       FDRE (Prop_fdre_C_Q)         0.456     0.456 r  datapath/column_counter/process_q_reg[1]/Q
                         net (fo=23, routed)          1.375     1.831    datapath/video_inst/Inst_vga/sig_gen/horizontal_counter/is_trigger_time5_carry__1[1]
    SLICE_X157Y128       LUT2 (Prop_lut2_I1_O)        0.124     1.955 r  datapath/video_inst/Inst_vga/sig_gen/horizontal_counter/is_trigger_time5_carry_i_3/O
                         net (fo=1, routed)           0.000     1.955    datapath/video_inst/Inst_vga/col_map/is_trigger_time1_carry_i_4[1]
    SLICE_X157Y128       CARRY4 (Prop_carry4_S[1]_CO[3])
                                                      0.550     2.505 r  datapath/video_inst/Inst_vga/col_map/is_trigger_time5_carry/CO[3]
                         net (fo=1, routed)           0.000     2.505    datapath/video_inst/Inst_vga/col_map/is_trigger_time5_carry_n_0
    SLICE_X157Y129       CARRY4 (Prop_carry4_CI_O[0])
                                                      0.222     2.727 f  datapath/video_inst/Inst_vga/col_map/is_trigger_time5_carry__0/O[0]
                         net (fo=3, routed)           0.963     3.690    datapath/video_inst/Inst_vga/col_map/is_trigger_time5[4]
    SLICE_X157Y125       LUT1 (Prop_lut1_I0_O)        0.299     3.989 r  datapath/video_inst/Inst_vga/col_map/i__carry_i_2__0/O
                         net (fo=1, routed)           0.000     3.989    datapath/video_inst/Inst_vga/col_map/i__carry_i_2__0_n_0
    SLICE_X157Y125       CARRY4 (Prop_carry4_S[3]_CO[3])
                                                      0.401     4.390 r  datapath/video_inst/Inst_vga/col_map/_inferred__6/i__carry/CO[3]
                         net (fo=1, routed)           0.000     4.390    datapath/video_inst/Inst_vga/col_map/_inferred__6/i__carry_n_0
    SLICE_X157Y126       CARRY4 (Prop_carry4_CI_O[1])
                                                      0.334     4.724 f  datapath/video_inst/Inst_vga/col_map/_inferred__6/i__carry__0/O[1]
                         net (fo=2, routed)           0.978     5.703    datapath/video_inst/Inst_vga/col_map/is_trigger_time3[5]
    SLICE_X156Y129       LUT3 (Prop_lut3_I2_O)        0.331     6.034 f  datapath/video_inst/Inst_vga/col_map/is_trigger_time1_carry_i_11/O
                         net (fo=1, routed)           0.162     6.195    datapath/video_inst/Inst_vga/sig_gen/vertical_counter/is_trigger_time1_carry_3
    SLICE_X156Y129       LUT6 (Prop_lut6_I5_O)        0.326     6.521 r  datapath/video_inst/Inst_vga/sig_gen/vertical_counter/is_trigger_time1_carry_i_1/O
                         net (fo=1, routed)           0.903     7.425    datapath/video_inst/Inst_vga/col_map/is_trigger_time1_carry__0_0[3]
    SLICE_X156Y125       CARRY4 (Prop_carry4_DI[3]_CO[3])
                                                      0.385     7.810 r  datapath/video_inst/Inst_vga/col_map/is_trigger_time1_carry/CO[3]
                         net (fo=1, routed)           0.000     7.810    datapath/video_inst/Inst_vga/col_map/is_trigger_time1_carry_n_0
    SLICE_X156Y126       CARRY4 (Prop_carry4_CI_CO[3])
                                                      0.114     7.924 r  datapath/video_inst/Inst_vga/col_map/is_trigger_time1_carry__0/CO[3]
                         net (fo=1, routed)           0.000     7.924    datapath/video_inst/Inst_vga/col_map/is_trigger_time1_carry__0_n_0
    SLICE_X156Y127       CARRY4 (Prop_carry4_CI_CO[3])
                                                      0.114     8.038 r  datapath/video_inst/Inst_vga/col_map/is_trigger_time1_carry__1/CO[3]
                         net (fo=1, routed)           0.000     8.038    datapath/video_inst/Inst_vga/col_map/is_trigger_time1_carry__1_n_0
    SLICE_X156Y128       CARRY4 (Prop_carry4_CI_CO[3])
                                                      0.114     8.152 f  datapath/video_inst/Inst_vga/col_map/is_trigger_time1_carry__2/CO[3]
                         net (fo=1, routed)           0.615     8.766    datapath/video_inst/Inst_vga/sig_gen/vertical_counter/dc_bias[2]_i_5__0[0]
    SLICE_X156Y129       LUT5 (Prop_lut5_I2_O)        0.124     8.890 f  datapath/video_inst/Inst_vga/sig_gen/vertical_counter/dc_bias[2]_i_11/O
                         net (fo=1, routed)           0.515     9.406    datapath/video_inst/Inst_vga/sig_gen/horizontal_counter/dc_bias[2]_i_2__0_0
    SLICE_X155Y130       LUT5 (Prop_lut5_I1_O)        0.124     9.530 f  datapath/video_inst/Inst_vga/sig_gen/horizontal_counter/dc_bias[2]_i_5__0/O
                         net (fo=4, routed)           1.235    10.764    datapath/video_inst/Inst_vga/sig_gen/horizontal_counter/dc_bias[2]_i_5__0_n_0
    SLICE_X157Y134       LUT5 (Prop_lut5_I4_O)        0.150    10.914 f  datapath/video_inst/Inst_vga/sig_gen/horizontal_counter/dc_bias[3]_i_8__0/O
                         net (fo=1, routed)           0.436    11.351    datapath/video_inst/Inst_vga/sig_gen/horizontal_counter/dc_bias[3]_i_8__0_n_0
    SLICE_X157Y134       LUT6 (Prop_lut6_I5_O)        0.326    11.677 r  datapath/video_inst/Inst_vga/sig_gen/horizontal_counter/dc_bias[3]_i_2__1/O
                         net (fo=10, routed)          0.469    12.145    datapath/video_inst/inst_dvid/TDMS_encoder_blue/dc_bias_reg[1]_1
    SLICE_X158Y133       LUT2 (Prop_lut2_I1_O)        0.124    12.269 r  datapath/video_inst/inst_dvid/TDMS_encoder_blue/dc_bias[2]_i_3/O
                         net (fo=5, routed)           0.487    12.756    datapath/video_inst/inst_dvid/TDMS_encoder_blue/dc_bias_reg[3]_0
    SLICE_X159Y133       LUT6 (Prop_lut6_I5_O)        0.124    12.880 r  datapath/video_inst/inst_dvid/TDMS_encoder_blue/dc_bias[0]_i_1__1/O
                         net (fo=1, routed)           0.000    12.880    datapath/video_inst/inst_dvid/TDMS_encoder_blue/dc_bias[0]_i_1__1_n_0
    SLICE_X159Y133       FDRE                                         r  datapath/video_inst/inst_dvid/TDMS_encoder_blue/dc_bias_reg[0]/D
  -------------------------------------------------------------------    -------------------

                         (clock clk_out1_clk_wiz_0 rise edge)
                                                      0.000     0.000 r  
    BUFGCTRL_X0Y2        BUFG                         0.000     0.000 r  clk_IBUF_BUFG_inst/O
                         net (fo=297, routed)         1.972     1.972    datapath/video_inst/mmcm_adv_inst_display_clocks/inst/clk_in1
    MMCME2_ADV_X1Y0      MMCME2_ADV (Prop_mmcme2_adv_CLKIN1_CLKOUT0)
                                                     -4.637    -2.665 r  datapath/video_inst/mmcm_adv_inst_display_clocks/inst/mmcm_adv_inst/CLKOUT0
                         net (fo=1, routed)           2.574    -0.091    datapath/video_inst/mmcm_adv_inst_display_clocks/inst/clk_out1_clk_wiz_0
    BUFGCTRL_X0Y4        BUFG (Prop_bufg_I_O)         0.091     0.000 r  datapath/video_inst/mmcm_adv_inst_display_clocks/inst/clkout1_buf/O
                         net (fo=63, routed)          1.704     1.704    datapath/video_inst/inst_dvid/TDMS_encoder_blue/CLK
    SLICE_X159Y133       FDRE                                         r  datapath/video_inst/inst_dvid/TDMS_encoder_blue/dc_bias_reg[0]/C

Slack:                    inf
  Source:                 datapath/column_counter/process_q_reg[1]/C
                            (rising edge-triggered cell FDRE)
  Destination:            datapath/video_inst/inst_dvid/TDMS_encoder_red/dc_bias_reg[2]/D
                            (rising edge-triggered cell FDRE clocked by clk_out1_clk_wiz_0  {rise@0.000ns fall@20.000ns period=40.000ns})
  Path Group:             (none)
  Path Type:              Setup (Max at Slow Process Corner)
  Data Path Delay:        12.865ns  (logic 4.618ns (35.897%)  route 8.247ns (64.103%))
  Logic Levels:           18  (CARRY4=8 FDRE=1 LUT1=1 LUT2=1 LUT3=1 LUT5=4 LUT6=2)
  Clock Uncertainty:      0.190ns  ((TSJ^2 + DJ^2)^1/2) / 2 + PE
    Total System Jitter     (TSJ):    0.050ns
    Discrete Jitter          (DJ):    0.175ns
    Phase Error              (PE):    0.099ns

    Location             Delay type                Incr(ns)  Path(ns)    Netlist Resource(s)
  -------------------------------------------------------------------    -------------------
    SLICE_X159Y130       FDRE                         0.000     0.000 r  datapath/column_counter/process_q_reg[1]/C
    SLICE_X159Y130       FDRE (Prop_fdre_C_Q)         0.456     0.456 r  datapath/column_counter/process_q_reg[1]/Q
                         net (fo=23, routed)          1.375     1.831    datapath/video_inst/Inst_vga/sig_gen/horizontal_counter/is_trigger_time5_carry__1[1]
    SLICE_X157Y128       LUT2 (Prop_lut2_I1_O)        0.124     1.955 r  datapath/video_inst/Inst_vga/sig_gen/horizontal_counter/is_trigger_time5_carry_i_3/O
                         net (fo=1, routed)           0.000     1.955    datapath/video_inst/Inst_vga/col_map/is_trigger_time1_carry_i_4[1]
    SLICE_X157Y128       CARRY4 (Prop_carry4_S[1]_CO[3])
                                                      0.550     2.505 r  datapath/video_inst/Inst_vga/col_map/is_trigger_time5_carry/CO[3]
                         net (fo=1, routed)           0.000     2.505    datapath/video_inst/Inst_vga/col_map/is_trigger_time5_carry_n_0
    SLICE_X157Y129       CARRY4 (Prop_carry4_CI_O[0])
                                                      0.222     2.727 f  datapath/video_inst/Inst_vga/col_map/is_trigger_time5_carry__0/O[0]
                         net (fo=3, routed)           0.963     3.690    datapath/video_inst/Inst_vga/col_map/is_trigger_time5[4]
    SLICE_X157Y125       LUT1 (Prop_lut1_I0_O)        0.299     3.989 r  datapath/video_inst/Inst_vga/col_map/i__carry_i_2__0/O
                         net (fo=1, routed)           0.000     3.989    datapath/video_inst/Inst_vga/col_map/i__carry_i_2__0_n_0
    SLICE_X157Y125       CARRY4 (Prop_carry4_S[3]_CO[3])
                                                      0.401     4.390 r  datapath/video_inst/Inst_vga/col_map/_inferred__6/i__carry/CO[3]
                         net (fo=1, routed)           0.000     4.390    datapath/video_inst/Inst_vga/col_map/_inferred__6/i__carry_n_0
    SLICE_X157Y126       CARRY4 (Prop_carry4_CI_O[1])
                                                      0.334     4.724 f  datapath/video_inst/Inst_vga/col_map/_inferred__6/i__carry__0/O[1]
                         net (fo=2, routed)           0.978     5.703    datapath/video_inst/Inst_vga/col_map/is_trigger_time3[5]
    SLICE_X156Y129       LUT3 (Prop_lut3_I2_O)        0.331     6.034 f  datapath/video_inst/Inst_vga/col_map/is_trigger_time1_carry_i_11/O
                         net (fo=1, routed)           0.162     6.195    datapath/video_inst/Inst_vga/sig_gen/vertical_counter/is_trigger_time1_carry_3
    SLICE_X156Y129       LUT6 (Prop_lut6_I5_O)        0.326     6.521 r  datapath/video_inst/Inst_vga/sig_gen/vertical_counter/is_trigger_time1_carry_i_1/O
                         net (fo=1, routed)           0.903     7.425    datapath/video_inst/Inst_vga/col_map/is_trigger_time1_carry__0_0[3]
    SLICE_X156Y125       CARRY4 (Prop_carry4_DI[3]_CO[3])
                                                      0.385     7.810 r  datapath/video_inst/Inst_vga/col_map/is_trigger_time1_carry/CO[3]
                         net (fo=1, routed)           0.000     7.810    datapath/video_inst/Inst_vga/col_map/is_trigger_time1_carry_n_0
    SLICE_X156Y126       CARRY4 (Prop_carry4_CI_CO[3])
                                                      0.114     7.924 r  datapath/video_inst/Inst_vga/col_map/is_trigger_time1_carry__0/CO[3]
                         net (fo=1, routed)           0.000     7.924    datapath/video_inst/Inst_vga/col_map/is_trigger_time1_carry__0_n_0
    SLICE_X156Y127       CARRY4 (Prop_carry4_CI_CO[3])
                                                      0.114     8.038 r  datapath/video_inst/Inst_vga/col_map/is_trigger_time1_carry__1/CO[3]
                         net (fo=1, routed)           0.000     8.038    datapath/video_inst/Inst_vga/col_map/is_trigger_time1_carry__1_n_0
    SLICE_X156Y128       CARRY4 (Prop_carry4_CI_CO[3])
                                                      0.114     8.152 f  datapath/video_inst/Inst_vga/col_map/is_trigger_time1_carry__2/CO[3]
                         net (fo=1, routed)           0.615     8.766    datapath/video_inst/Inst_vga/sig_gen/vertical_counter/dc_bias[2]_i_5__0[0]
    SLICE_X156Y129       LUT5 (Prop_lut5_I2_O)        0.124     8.890 f  datapath/video_inst/Inst_vga/sig_gen/vertical_counter/dc_bias[2]_i_11/O
                         net (fo=1, routed)           0.515     9.406    datapath/video_inst/Inst_vga/sig_gen/horizontal_counter/dc_bias[2]_i_2__0_0
    SLICE_X155Y130       LUT5 (Prop_lut5_I1_O)        0.124     9.530 f  datapath/video_inst/Inst_vga/sig_gen/horizontal_counter/dc_bias[2]_i_5__0/O
                         net (fo=4, routed)           1.235    10.764    datapath/video_inst/Inst_vga/sig_gen/horizontal_counter/dc_bias[2]_i_5__0_n_0
    SLICE_X157Y134       LUT5 (Prop_lut5_I4_O)        0.150    10.914 f  datapath/video_inst/Inst_vga/sig_gen/horizontal_counter/dc_bias[3]_i_8__0/O
                         net (fo=1, routed)           0.436    11.351    datapath/video_inst/Inst_vga/sig_gen/horizontal_counter/dc_bias[3]_i_8__0_n_0
    SLICE_X157Y134       LUT6 (Prop_lut6_I5_O)        0.326    11.677 r  datapath/video_inst/Inst_vga/sig_gen/horizontal_counter/dc_bias[3]_i_2__1/O
                         net (fo=10, routed)          1.064    12.741    datapath/video_inst/inst_dvid/TDMS_encoder_red/dc_bias_reg[1]_0
    SLICE_X161Y133       LUT5 (Prop_lut5_I2_O)        0.124    12.865 r  datapath/video_inst/inst_dvid/TDMS_encoder_red/dc_bias[2]_i_1__1/O
                         net (fo=1, routed)           0.000    12.865    datapath/video_inst/inst_dvid/TDMS_encoder_red/dc_bias[2]_i_1__1_n_0
    SLICE_X161Y133       FDRE                                         r  datapath/video_inst/inst_dvid/TDMS_encoder_red/dc_bias_reg[2]/D
  -------------------------------------------------------------------    -------------------

                         (clock clk_out1_clk_wiz_0 rise edge)
                                                      0.000     0.000 r  
    BUFGCTRL_X0Y2        BUFG                         0.000     0.000 r  clk_IBUF_BUFG_inst/O
                         net (fo=297, routed)         1.972     1.972    datapath/video_inst/mmcm_adv_inst_display_clocks/inst/clk_in1
    MMCME2_ADV_X1Y0      MMCME2_ADV (Prop_mmcme2_adv_CLKIN1_CLKOUT0)
                                                     -4.637    -2.665 r  datapath/video_inst/mmcm_adv_inst_display_clocks/inst/mmcm_adv_inst/CLKOUT0
                         net (fo=1, routed)           2.574    -0.091    datapath/video_inst/mmcm_adv_inst_display_clocks/inst/clk_out1_clk_wiz_0
    BUFGCTRL_X0Y4        BUFG (Prop_bufg_I_O)         0.091     0.000 r  datapath/video_inst/mmcm_adv_inst_display_clocks/inst/clkout1_buf/O
                         net (fo=63, routed)          1.706     1.706    datapath/video_inst/inst_dvid/TDMS_encoder_red/CLK
    SLICE_X161Y133       FDRE                                         r  datapath/video_inst/inst_dvid/TDMS_encoder_red/dc_bias_reg[2]/C

Slack:                    inf
  Source:                 datapath/column_counter/process_q_reg[1]/C
                            (rising edge-triggered cell FDRE)
  Destination:            datapath/video_inst/inst_dvid/TDMS_encoder_red/encoded_reg[9]/D
                            (rising edge-triggered cell FDRE clocked by clk_out1_clk_wiz_0  {rise@0.000ns fall@20.000ns period=40.000ns})
  Path Group:             (none)
  Path Type:              Setup (Max at Slow Process Corner)
  Data Path Delay:        12.847ns  (logic 4.644ns (36.150%)  route 8.203ns (63.850%))
  Logic Levels:           18  (CARRY4=8 FDRE=1 LUT1=1 LUT2=1 LUT3=2 LUT5=3 LUT6=2)
  Clock Uncertainty:      0.190ns  ((TSJ^2 + DJ^2)^1/2) / 2 + PE
    Total System Jitter     (TSJ):    0.050ns
    Discrete Jitter          (DJ):    0.175ns
    Phase Error              (PE):    0.099ns

    Location             Delay type                Incr(ns)  Path(ns)    Netlist Resource(s)
  -------------------------------------------------------------------    -------------------
    SLICE_X159Y130       FDRE                         0.000     0.000 r  datapath/column_counter/process_q_reg[1]/C
    SLICE_X159Y130       FDRE (Prop_fdre_C_Q)         0.456     0.456 r  datapath/column_counter/process_q_reg[1]/Q
                         net (fo=23, routed)          1.375     1.831    datapath/video_inst/Inst_vga/sig_gen/horizontal_counter/is_trigger_time5_carry__1[1]
    SLICE_X157Y128       LUT2 (Prop_lut2_I1_O)        0.124     1.955 r  datapath/video_inst/Inst_vga/sig_gen/horizontal_counter/is_trigger_time5_carry_i_3/O
                         net (fo=1, routed)           0.000     1.955    datapath/video_inst/Inst_vga/col_map/is_trigger_time1_carry_i_4[1]
    SLICE_X157Y128       CARRY4 (Prop_carry4_S[1]_CO[3])
                                                      0.550     2.505 r  datapath/video_inst/Inst_vga/col_map/is_trigger_time5_carry/CO[3]
                         net (fo=1, routed)           0.000     2.505    datapath/video_inst/Inst_vga/col_map/is_trigger_time5_carry_n_0
    SLICE_X157Y129       CARRY4 (Prop_carry4_CI_O[0])
                                                      0.222     2.727 f  datapath/video_inst/Inst_vga/col_map/is_trigger_time5_carry__0/O[0]
                         net (fo=3, routed)           0.963     3.690    datapath/video_inst/Inst_vga/col_map/is_trigger_time5[4]
    SLICE_X157Y125       LUT1 (Prop_lut1_I0_O)        0.299     3.989 r  datapath/video_inst/Inst_vga/col_map/i__carry_i_2__0/O
                         net (fo=1, routed)           0.000     3.989    datapath/video_inst/Inst_vga/col_map/i__carry_i_2__0_n_0
    SLICE_X157Y125       CARRY4 (Prop_carry4_S[3]_CO[3])
                                                      0.401     4.390 r  datapath/video_inst/Inst_vga/col_map/_inferred__6/i__carry/CO[3]
                         net (fo=1, routed)           0.000     4.390    datapath/video_inst/Inst_vga/col_map/_inferred__6/i__carry_n_0
    SLICE_X157Y126       CARRY4 (Prop_carry4_CI_O[1])
                                                      0.334     4.724 f  datapath/video_inst/Inst_vga/col_map/_inferred__6/i__carry__0/O[1]
                         net (fo=2, routed)           0.978     5.703    datapath/video_inst/Inst_vga/col_map/is_trigger_time3[5]
    SLICE_X156Y129       LUT3 (Prop_lut3_I2_O)        0.331     6.034 f  datapath/video_inst/Inst_vga/col_map/is_trigger_time1_carry_i_11/O
                         net (fo=1, routed)           0.162     6.195    datapath/video_inst/Inst_vga/sig_gen/vertical_counter/is_trigger_time1_carry_3
    SLICE_X156Y129       LUT6 (Prop_lut6_I5_O)        0.326     6.521 r  datapath/video_inst/Inst_vga/sig_gen/vertical_counter/is_trigger_time1_carry_i_1/O
                         net (fo=1, routed)           0.903     7.425    datapath/video_inst/Inst_vga/col_map/is_trigger_time1_carry__0_0[3]
    SLICE_X156Y125       CARRY4 (Prop_carry4_DI[3]_CO[3])
                                                      0.385     7.810 r  datapath/video_inst/Inst_vga/col_map/is_trigger_time1_carry/CO[3]
                         net (fo=1, routed)           0.000     7.810    datapath/video_inst/Inst_vga/col_map/is_trigger_time1_carry_n_0
    SLICE_X156Y126       CARRY4 (Prop_carry4_CI_CO[3])
                                                      0.114     7.924 r  datapath/video_inst/Inst_vga/col_map/is_trigger_time1_carry__0/CO[3]
                         net (fo=1, routed)           0.000     7.924    datapath/video_inst/Inst_vga/col_map/is_trigger_time1_carry__0_n_0
    SLICE_X156Y127       CARRY4 (Prop_carry4_CI_CO[3])
                                                      0.114     8.038 r  datapath/video_inst/Inst_vga/col_map/is_trigger_time1_carry__1/CO[3]
                         net (fo=1, routed)           0.000     8.038    datapath/video_inst/Inst_vga/col_map/is_trigger_time1_carry__1_n_0
    SLICE_X156Y128       CARRY4 (Prop_carry4_CI_CO[3])
                                                      0.114     8.152 f  datapath/video_inst/Inst_vga/col_map/is_trigger_time1_carry__2/CO[3]
                         net (fo=1, routed)           0.615     8.766    datapath/video_inst/Inst_vga/sig_gen/vertical_counter/dc_bias[2]_i_5__0[0]
    SLICE_X156Y129       LUT5 (Prop_lut5_I2_O)        0.124     8.890 f  datapath/video_inst/Inst_vga/sig_gen/vertical_counter/dc_bias[2]_i_11/O
                         net (fo=1, routed)           0.515     9.406    datapath/video_inst/Inst_vga/sig_gen/horizontal_counter/dc_bias[2]_i_2__0_0
    SLICE_X155Y130       LUT5 (Prop_lut5_I1_O)        0.124     9.530 f  datapath/video_inst/Inst_vga/sig_gen/horizontal_counter/dc_bias[2]_i_5__0/O
                         net (fo=4, routed)           1.235    10.764    datapath/video_inst/Inst_vga/sig_gen/horizontal_counter/dc_bias[2]_i_5__0_n_0
    SLICE_X157Y134       LUT5 (Prop_lut5_I4_O)        0.150    10.914 f  datapath/video_inst/Inst_vga/sig_gen/horizontal_counter/dc_bias[3]_i_8__0/O
                         net (fo=1, routed)           0.436    11.351    datapath/video_inst/Inst_vga/sig_gen/horizontal_counter/dc_bias[3]_i_8__0_n_0
    SLICE_X157Y134       LUT6 (Prop_lut6_I5_O)        0.326    11.677 r  datapath/video_inst/Inst_vga/sig_gen/horizontal_counter/dc_bias[3]_i_2__1/O
                         net (fo=10, routed)          1.020    12.697    datapath/video_inst/Inst_vga/sig_gen/horizontal_counter/processQ_reg[2]_1
    SLICE_X162Y133       LUT3 (Prop_lut3_I2_O)        0.150    12.847 r  datapath/video_inst/Inst_vga/sig_gen/horizontal_counter/TDMS_encoder_red/encoded[9]_i_1/O
                         net (fo=1, routed)           0.000    12.847    datapath/video_inst/inst_dvid/TDMS_encoder_red/encoded_reg[9]_0
    SLICE_X162Y133       FDRE                                         r  datapath/video_inst/inst_dvid/TDMS_encoder_red/encoded_reg[9]/D
  -------------------------------------------------------------------    -------------------

                         (clock clk_out1_clk_wiz_0 rise edge)
                                                      0.000     0.000 r  
    BUFGCTRL_X0Y2        BUFG                         0.000     0.000 r  clk_IBUF_BUFG_inst/O
                         net (fo=297, routed)         1.972     1.972    datapath/video_inst/mmcm_adv_inst_display_clocks/inst/clk_in1
    MMCME2_ADV_X1Y0      MMCME2_ADV (Prop_mmcme2_adv_CLKIN1_CLKOUT0)
                                                     -4.637    -2.665 r  datapath/video_inst/mmcm_adv_inst_display_clocks/inst/mmcm_adv_inst/CLKOUT0
                         net (fo=1, routed)           2.574    -0.091    datapath/video_inst/mmcm_adv_inst_display_clocks/inst/clk_out1_clk_wiz_0
    BUFGCTRL_X0Y4        BUFG (Prop_bufg_I_O)         0.091     0.000 r  datapath/video_inst/mmcm_adv_inst_display_clocks/inst/clkout1_buf/O
                         net (fo=63, routed)          1.706     1.706    datapath/video_inst/inst_dvid/TDMS_encoder_red/CLK
    SLICE_X162Y133       FDRE                                         r  datapath/video_inst/inst_dvid/TDMS_encoder_red/encoded_reg[9]/C





Min Delay Paths
--------------------------------------------------------------------------------------
Slack:                    inf
  Source:                 datapath/leftChannelMemory/sdp_bl.ramb18_dp_bl.ram18_bl/CLKARDCLK
                            (rising edge-triggered cell RAMB18E1)
  Destination:            datapath/video_inst/inst_dvid/TDMS_encoder_green/encoded_reg[0]/D
                            (rising edge-triggered cell FDRE clocked by clk_out1_clk_wiz_0  {rise@0.000ns fall@20.000ns period=40.000ns})
  Path Group:             (none)
  Path Type:              Hold (Min at Fast Process Corner)
  Data Path Delay:        2.004ns  (logic 0.872ns (43.509%)  route 1.132ns (56.491%))
  Logic Levels:           5  (CARRY4=1 LUT5=1 LUT6=2 RAMB18E1=1)
  Clock Uncertainty:      0.190ns  ((TSJ^2 + DJ^2)^1/2) / 2 + PE
    Total System Jitter     (TSJ):    0.050ns
    Discrete Jitter          (DJ):    0.175ns
    Phase Error              (PE):    0.099ns

    Location             Delay type                Incr(ns)  Path(ns)    Netlist Resource(s)
  -------------------------------------------------------------------    -------------------
    RAMB18_X8Y49         RAMB18E1                     0.000     0.000 r  datapath/leftChannelMemory/sdp_bl.ramb18_dp_bl.ram18_bl/CLKARDCLK
    RAMB18_X8Y49         RAMB18E1 (Prop_ramb18e1_CLKARDCLK_DOADO[8])
                                                      0.585     0.585 r  datapath/leftChannelMemory/sdp_bl.ramb18_dp_bl.ram18_bl/DOADO[8]
                         net (fo=1, routed)           0.377     0.962    datapath/video_inst/Inst_vga/sig_gen/vertical_counter/DOADO[1]
    SLICE_X156Y124       LUT6 (Prop_lut6_I4_O)        0.045     1.007 r  datapath/video_inst/Inst_vga/sig_gen/vertical_counter/dc_bias[3]_i_11__0/O
                         net (fo=1, routed)           0.000     1.007    datapath/video_inst/Inst_vga/sig_gen/vertical_counter/dc_bias[3]_i_11__0_n_0
    SLICE_X156Y124       CARRY4 (Prop_carry4_S[0]_CO[3])
                                                      0.152     1.159 r  datapath/video_inst/Inst_vga/sig_gen/vertical_counter/dc_bias_reg[3]_i_7/CO[3]
                         net (fo=3, routed)           0.572     1.731    datapath/video_inst/Inst_vga/sig_gen/horizontal_counter/encoded_reg[1]_0[0]
    SLICE_X157Y134       LUT5 (Prop_lut5_I2_O)        0.045     1.776 f  datapath/video_inst/Inst_vga/sig_gen/horizontal_counter/dc_bias[3]_i_5__1/O
                         net (fo=12, routed)          0.183     1.959    datapath/video_inst/inst_dvid/TDMS_encoder_green/encoded_reg[0]_0
    SLICE_X158Y135       LUT6 (Prop_lut6_I1_O)        0.045     2.004 r  datapath/video_inst/inst_dvid/TDMS_encoder_green/encoded[0]_i_1__0/O
                         net (fo=1, routed)           0.000     2.004    datapath/video_inst/inst_dvid/TDMS_encoder_green/encoded[0]_i_1__0_n_0
    SLICE_X158Y135       FDRE                                         r  datapath/video_inst/inst_dvid/TDMS_encoder_green/encoded_reg[0]/D
  -------------------------------------------------------------------    -------------------

                         (clock clk_out1_clk_wiz_0 rise edge)
                                                      0.000     0.000 r  
    BUFGCTRL_X0Y2        BUFG                         0.000     0.000 r  clk_IBUF_BUFG_inst/O
                         net (fo=297, routed)         1.022     1.022    datapath/video_inst/mmcm_adv_inst_display_clocks/inst/clk_in1
    MMCME2_ADV_X1Y0      MMCME2_ADV (Prop_mmcme2_adv_CLKIN1_CLKOUT0)
                                                     -2.040    -1.018 r  datapath/video_inst/mmcm_adv_inst_display_clocks/inst/mmcm_adv_inst/CLKOUT0
                         net (fo=1, routed)           0.989    -0.029    datapath/video_inst/mmcm_adv_inst_display_clocks/inst/clk_out1_clk_wiz_0
    BUFGCTRL_X0Y4        BUFG (Prop_bufg_I_O)         0.029    -0.000 r  datapath/video_inst/mmcm_adv_inst_display_clocks/inst/clkout1_buf/O
                         net (fo=63, routed)          0.915     0.915    datapath/video_inst/inst_dvid/TDMS_encoder_green/CLK
    SLICE_X158Y135       FDRE                                         r  datapath/video_inst/inst_dvid/TDMS_encoder_green/encoded_reg[0]/C

Slack:                    inf
  Source:                 datapath/leftChannelMemory/sdp_bl.ramb18_dp_bl.ram18_bl/CLKARDCLK
                            (rising edge-triggered cell RAMB18E1)
  Destination:            datapath/video_inst/inst_dvid/TDMS_encoder_green/encoded_reg[2]/D
                            (rising edge-triggered cell FDRE clocked by clk_out1_clk_wiz_0  {rise@0.000ns fall@20.000ns period=40.000ns})
  Path Group:             (none)
  Path Type:              Hold (Min at Fast Process Corner)
  Data Path Delay:        2.008ns  (logic 0.872ns (43.423%)  route 1.136ns (56.577%))
  Logic Levels:           5  (CARRY4=1 LUT5=1 LUT6=2 RAMB18E1=1)
  Clock Uncertainty:      0.190ns  ((TSJ^2 + DJ^2)^1/2) / 2 + PE
    Total System Jitter     (TSJ):    0.050ns
    Discrete Jitter          (DJ):    0.175ns
    Phase Error              (PE):    0.099ns

    Location             Delay type                Incr(ns)  Path(ns)    Netlist Resource(s)
  -------------------------------------------------------------------    -------------------
    RAMB18_X8Y49         RAMB18E1                     0.000     0.000 r  datapath/leftChannelMemory/sdp_bl.ramb18_dp_bl.ram18_bl/CLKARDCLK
    RAMB18_X8Y49         RAMB18E1 (Prop_ramb18e1_CLKARDCLK_DOADO[8])
                                                      0.585     0.585 r  datapath/leftChannelMemory/sdp_bl.ramb18_dp_bl.ram18_bl/DOADO[8]
                         net (fo=1, routed)           0.377     0.962    datapath/video_inst/Inst_vga/sig_gen/vertical_counter/DOADO[1]
    SLICE_X156Y124       LUT6 (Prop_lut6_I4_O)        0.045     1.007 r  datapath/video_inst/Inst_vga/sig_gen/vertical_counter/dc_bias[3]_i_11__0/O
                         net (fo=1, routed)           0.000     1.007    datapath/video_inst/Inst_vga/sig_gen/vertical_counter/dc_bias[3]_i_11__0_n_0
    SLICE_X156Y124       CARRY4 (Prop_carry4_S[0]_CO[3])
                                                      0.152     1.159 r  datapath/video_inst/Inst_vga/sig_gen/vertical_counter/dc_bias_reg[3]_i_7/CO[3]
                         net (fo=3, routed)           0.572     1.731    datapath/video_inst/Inst_vga/sig_gen/horizontal_counter/encoded_reg[1]_0[0]
    SLICE_X157Y134       LUT5 (Prop_lut5_I2_O)        0.045     1.776 f  datapath/video_inst/Inst_vga/sig_gen/horizontal_counter/dc_bias[3]_i_5__1/O
                         net (fo=12, routed)          0.187     1.963    datapath/video_inst/inst_dvid/TDMS_encoder_green/encoded_reg[0]_0
    SLICE_X158Y135       LUT6 (Prop_lut6_I1_O)        0.045     2.008 r  datapath/video_inst/inst_dvid/TDMS_encoder_green/encoded[2]_i_1__1/O
                         net (fo=1, routed)           0.000     2.008    datapath/video_inst/inst_dvid/TDMS_encoder_green/encoded[2]_i_1__1_n_0
    SLICE_X158Y135       FDRE                                         r  datapath/video_inst/inst_dvid/TDMS_encoder_green/encoded_reg[2]/D
  -------------------------------------------------------------------    -------------------

                         (clock clk_out1_clk_wiz_0 rise edge)
                                                      0.000     0.000 r  
    BUFGCTRL_X0Y2        BUFG                         0.000     0.000 r  clk_IBUF_BUFG_inst/O
                         net (fo=297, routed)         1.022     1.022    datapath/video_inst/mmcm_adv_inst_display_clocks/inst/clk_in1
    MMCME2_ADV_X1Y0      MMCME2_ADV (Prop_mmcme2_adv_CLKIN1_CLKOUT0)
                                                     -2.040    -1.018 r  datapath/video_inst/mmcm_adv_inst_display_clocks/inst/mmcm_adv_inst/CLKOUT0
                         net (fo=1, routed)           0.989    -0.029    datapath/video_inst/mmcm_adv_inst_display_clocks/inst/clk_out1_clk_wiz_0
    BUFGCTRL_X0Y4        BUFG (Prop_bufg_I_O)         0.029    -0.000 r  datapath/video_inst/mmcm_adv_inst_display_clocks/inst/clkout1_buf/O
                         net (fo=63, routed)          0.915     0.915    datapath/video_inst/inst_dvid/TDMS_encoder_green/CLK
    SLICE_X158Y135       FDRE                                         r  datapath/video_inst/inst_dvid/TDMS_encoder_green/encoded_reg[2]/C

Slack:                    inf
  Source:                 datapath/leftChannelMemory/sdp_bl.ramb18_dp_bl.ram18_bl/CLKARDCLK
                            (rising edge-triggered cell RAMB18E1)
  Destination:            datapath/video_inst/inst_dvid/TDMS_encoder_blue/encoded_reg[1]/D
                            (rising edge-triggered cell FDRE clocked by clk_out1_clk_wiz_0  {rise@0.000ns fall@20.000ns period=40.000ns})
  Path Group:             (none)
  Path Type:              Hold (Min at Fast Process Corner)
  Data Path Delay:        2.012ns  (logic 0.872ns (43.349%)  route 1.140ns (56.651%))
  Logic Levels:           5  (CARRY4=1 LUT5=2 LUT6=1 RAMB18E1=1)
  Clock Uncertainty:      0.190ns  ((TSJ^2 + DJ^2)^1/2) / 2 + PE
    Total System Jitter     (TSJ):    0.050ns
    Discrete Jitter          (DJ):    0.175ns
    Phase Error              (PE):    0.099ns

    Location             Delay type                Incr(ns)  Path(ns)    Netlist Resource(s)
  -------------------------------------------------------------------    -------------------
    RAMB18_X8Y49         RAMB18E1                     0.000     0.000 r  datapath/leftChannelMemory/sdp_bl.ramb18_dp_bl.ram18_bl/CLKARDCLK
    RAMB18_X8Y49         RAMB18E1 (Prop_ramb18e1_CLKARDCLK_DOADO[8])
                                                      0.585     0.585 r  datapath/leftChannelMemory/sdp_bl.ramb18_dp_bl.ram18_bl/DOADO[8]
                         net (fo=1, routed)           0.377     0.962    datapath/video_inst/Inst_vga/sig_gen/vertical_counter/DOADO[1]
    SLICE_X156Y124       LUT6 (Prop_lut6_I4_O)        0.045     1.007 r  datapath/video_inst/Inst_vga/sig_gen/vertical_counter/dc_bias[3]_i_11__0/O
                         net (fo=1, routed)           0.000     1.007    datapath/video_inst/Inst_vga/sig_gen/vertical_counter/dc_bias[3]_i_11__0_n_0
    SLICE_X156Y124       CARRY4 (Prop_carry4_S[0]_CO[3])
                                                      0.152     1.159 r  datapath/video_inst/Inst_vga/sig_gen/vertical_counter/dc_bias_reg[3]_i_7/CO[3]
                         net (fo=3, routed)           0.572     1.731    datapath/video_inst/Inst_vga/sig_gen/horizontal_counter/encoded_reg[1]_0[0]
    SLICE_X157Y134       LUT5 (Prop_lut5_I2_O)        0.045     1.776 f  datapath/video_inst/Inst_vga/sig_gen/horizontal_counter/dc_bias[3]_i_5__1/O
                         net (fo=12, routed)          0.190     1.967    datapath/video_inst/Inst_vga/sig_gen/horizontal_counter/processQ_reg[9]_6
    SLICE_X160Y134       LUT5 (Prop_lut5_I3_O)        0.045     2.012 r  datapath/video_inst/Inst_vga/sig_gen/horizontal_counter/encoded[1]_i_1/O
                         net (fo=1, routed)           0.000     2.012    datapath/video_inst/inst_dvid/TDMS_encoder_blue/encoded_reg[1]_0
    SLICE_X160Y134       FDRE                                         r  datapath/video_inst/inst_dvid/TDMS_encoder_blue/encoded_reg[1]/D
  -------------------------------------------------------------------    -------------------

                         (clock clk_out1_clk_wiz_0 rise edge)
                                                      0.000     0.000 r  
    BUFGCTRL_X0Y2        BUFG                         0.000     0.000 r  clk_IBUF_BUFG_inst/O
                         net (fo=297, routed)         1.022     1.022    datapath/video_inst/mmcm_adv_inst_display_clocks/inst/clk_in1
    MMCME2_ADV_X1Y0      MMCME2_ADV (Prop_mmcme2_adv_CLKIN1_CLKOUT0)
                                                     -2.040    -1.018 r  datapath/video_inst/mmcm_adv_inst_display_clocks/inst/mmcm_adv_inst/CLKOUT0
                         net (fo=1, routed)           0.989    -0.029    datapath/video_inst/mmcm_adv_inst_display_clocks/inst/clk_out1_clk_wiz_0
    BUFGCTRL_X0Y4        BUFG (Prop_bufg_I_O)         0.029    -0.000 r  datapath/video_inst/mmcm_adv_inst_display_clocks/inst/clkout1_buf/O
                         net (fo=63, routed)          0.915     0.915    datapath/video_inst/inst_dvid/TDMS_encoder_blue/CLK
    SLICE_X160Y134       FDRE                                         r  datapath/video_inst/inst_dvid/TDMS_encoder_blue/encoded_reg[1]/C

Slack:                    inf
  Source:                 datapath/leftChannelMemory/sdp_bl.ramb18_dp_bl.ram18_bl/CLKARDCLK
                            (rising edge-triggered cell RAMB18E1)
  Destination:            datapath/video_inst/inst_dvid/TDMS_encoder_blue/dc_bias_reg[1]/D
                            (rising edge-triggered cell FDRE clocked by clk_out1_clk_wiz_0  {rise@0.000ns fall@20.000ns period=40.000ns})
  Path Group:             (none)
  Path Type:              Hold (Min at Fast Process Corner)
  Data Path Delay:        2.013ns  (logic 0.872ns (43.311%)  route 1.141ns (56.689%))
  Logic Levels:           5  (CARRY4=1 LUT5=1 LUT6=2 RAMB18E1=1)
  Clock Uncertainty:      0.190ns  ((TSJ^2 + DJ^2)^1/2) / 2 + PE
    Total System Jitter     (TSJ):    0.050ns
    Discrete Jitter          (DJ):    0.175ns
    Phase Error              (PE):    0.099ns

    Location             Delay type                Incr(ns)  Path(ns)    Netlist Resource(s)
  -------------------------------------------------------------------    -------------------
    RAMB18_X8Y49         RAMB18E1                     0.000     0.000 r  datapath/leftChannelMemory/sdp_bl.ramb18_dp_bl.ram18_bl/CLKARDCLK
    RAMB18_X8Y49         RAMB18E1 (Prop_ramb18e1_CLKARDCLK_DOADO[8])
                                                      0.585     0.585 r  datapath/leftChannelMemory/sdp_bl.ramb18_dp_bl.ram18_bl/DOADO[8]
                         net (fo=1, routed)           0.377     0.962    datapath/video_inst/Inst_vga/sig_gen/vertical_counter/DOADO[1]
    SLICE_X156Y124       LUT6 (Prop_lut6_I4_O)        0.045     1.007 r  datapath/video_inst/Inst_vga/sig_gen/vertical_counter/dc_bias[3]_i_11__0/O
                         net (fo=1, routed)           0.000     1.007    datapath/video_inst/Inst_vga/sig_gen/vertical_counter/dc_bias[3]_i_11__0_n_0
    SLICE_X156Y124       CARRY4 (Prop_carry4_S[0]_CO[3])
                                                      0.152     1.159 f  datapath/video_inst/Inst_vga/sig_gen/vertical_counter/dc_bias_reg[3]_i_7/CO[3]
                         net (fo=3, routed)           0.572     1.731    datapath/video_inst/Inst_vga/sig_gen/horizontal_counter/encoded_reg[1]_0[0]
    SLICE_X157Y134       LUT5 (Prop_lut5_I2_O)        0.045     1.776 r  datapath/video_inst/Inst_vga/sig_gen/horizontal_counter/dc_bias[3]_i_5__1/O
                         net (fo=12, routed)          0.192     1.968    datapath/video_inst/inst_dvid/TDMS_encoder_blue/dc_bias_reg[1]_2
    SLICE_X158Y133       LUT6 (Prop_lut6_I4_O)        0.045     2.013 r  datapath/video_inst/inst_dvid/TDMS_encoder_blue/dc_bias[1]_i_1/O
                         net (fo=1, routed)           0.000     2.013    datapath/video_inst/inst_dvid/TDMS_encoder_blue/dc_bias[1]_i_1_n_0
    SLICE_X158Y133       FDRE                                         r  datapath/video_inst/inst_dvid/TDMS_encoder_blue/dc_bias_reg[1]/D
  -------------------------------------------------------------------    -------------------

                         (clock clk_out1_clk_wiz_0 rise edge)
                                                      0.000     0.000 r  
    BUFGCTRL_X0Y2        BUFG                         0.000     0.000 r  clk_IBUF_BUFG_inst/O
                         net (fo=297, routed)         1.022     1.022    datapath/video_inst/mmcm_adv_inst_display_clocks/inst/clk_in1
    MMCME2_ADV_X1Y0      MMCME2_ADV (Prop_mmcme2_adv_CLKIN1_CLKOUT0)
                                                     -2.040    -1.018 r  datapath/video_inst/mmcm_adv_inst_display_clocks/inst/mmcm_adv_inst/CLKOUT0
                         net (fo=1, routed)           0.989    -0.029    datapath/video_inst/mmcm_adv_inst_display_clocks/inst/clk_out1_clk_wiz_0
    BUFGCTRL_X0Y4        BUFG (Prop_bufg_I_O)         0.029    -0.000 r  datapath/video_inst/mmcm_adv_inst_display_clocks/inst/clkout1_buf/O
                         net (fo=63, routed)          0.913     0.913    datapath/video_inst/inst_dvid/TDMS_encoder_blue/CLK
    SLICE_X158Y133       FDRE                                         r  datapath/video_inst/inst_dvid/TDMS_encoder_blue/dc_bias_reg[1]/C

Slack:                    inf
  Source:                 datapath/leftChannelMemory/sdp_bl.ramb18_dp_bl.ram18_bl/CLKARDCLK
                            (rising edge-triggered cell RAMB18E1)
  Destination:            datapath/video_inst/inst_dvid/TDMS_encoder_blue/encoded_reg[4]/D
                            (rising edge-triggered cell FDRE clocked by clk_out1_clk_wiz_0  {rise@0.000ns fall@20.000ns period=40.000ns})
  Path Group:             (none)
  Path Type:              Hold (Min at Fast Process Corner)
  Data Path Delay:        2.015ns  (logic 0.875ns (43.433%)  route 1.140ns (56.567%))
  Logic Levels:           5  (CARRY4=1 LUT5=2 LUT6=1 RAMB18E1=1)
  Clock Uncertainty:      0.190ns  ((TSJ^2 + DJ^2)^1/2) / 2 + PE
    Total System Jitter     (TSJ):    0.050ns
    Discrete Jitter          (DJ):    0.175ns
    Phase Error              (PE):    0.099ns

    Location             Delay type                Incr(ns)  Path(ns)    Netlist Resource(s)
  -------------------------------------------------------------------    -------------------
    RAMB18_X8Y49         RAMB18E1                     0.000     0.000 r  datapath/leftChannelMemory/sdp_bl.ramb18_dp_bl.ram18_bl/CLKARDCLK
    RAMB18_X8Y49         RAMB18E1 (Prop_ramb18e1_CLKARDCLK_DOADO[8])
                                                      0.585     0.585 r  datapath/leftChannelMemory/sdp_bl.ramb18_dp_bl.ram18_bl/DOADO[8]
                         net (fo=1, routed)           0.377     0.962    datapath/video_inst/Inst_vga/sig_gen/vertical_counter/DOADO[1]
    SLICE_X156Y124       LUT6 (Prop_lut6_I4_O)        0.045     1.007 r  datapath/video_inst/Inst_vga/sig_gen/vertical_counter/dc_bias[3]_i_11__0/O
                         net (fo=1, routed)           0.000     1.007    datapath/video_inst/Inst_vga/sig_gen/vertical_counter/dc_bias[3]_i_11__0_n_0
    SLICE_X156Y124       CARRY4 (Prop_carry4_S[0]_CO[3])
                                                      0.152     1.159 r  datapath/video_inst/Inst_vga/sig_gen/vertical_counter/dc_bias_reg[3]_i_7/CO[3]
                         net (fo=3, routed)           0.572     1.731    datapath/video_inst/Inst_vga/sig_gen/horizontal_counter/encoded_reg[1]_0[0]
    SLICE_X157Y134       LUT5 (Prop_lut5_I2_O)        0.045     1.776 f  datapath/video_inst/Inst_vga/sig_gen/horizontal_counter/dc_bias[3]_i_5__1/O
                         net (fo=12, routed)          0.190     1.967    datapath/video_inst/Inst_vga/sig_gen/horizontal_counter/processQ_reg[9]_6
    SLICE_X160Y134       LUT5 (Prop_lut5_I3_O)        0.048     2.015 r  datapath/video_inst/Inst_vga/sig_gen/horizontal_counter/encoded[4]_i_1/O
                         net (fo=1, routed)           0.000     2.015    datapath/video_inst/inst_dvid/TDMS_encoder_blue/encoded_reg[4]_0
    SLICE_X160Y134       FDRE                                         r  datapath/video_inst/inst_dvid/TDMS_encoder_blue/encoded_reg[4]/D
  -------------------------------------------------------------------    -------------------

                         (clock clk_out1_clk_wiz_0 rise edge)
                                                      0.000     0.000 r  
    BUFGCTRL_X0Y2        BUFG                         0.000     0.000 r  clk_IBUF_BUFG_inst/O
                         net (fo=297, routed)         1.022     1.022    datapath/video_inst/mmcm_adv_inst_display_clocks/inst/clk_in1
    MMCME2_ADV_X1Y0      MMCME2_ADV (Prop_mmcme2_adv_CLKIN1_CLKOUT0)
                                                     -2.040    -1.018 r  datapath/video_inst/mmcm_adv_inst_display_clocks/inst/mmcm_adv_inst/CLKOUT0
                         net (fo=1, routed)           0.989    -0.029    datapath/video_inst/mmcm_adv_inst_display_clocks/inst/clk_out1_clk_wiz_0
    BUFGCTRL_X0Y4        BUFG (Prop_bufg_I_O)         0.029    -0.000 r  datapath/video_inst/mmcm_adv_inst_display_clocks/inst/clkout1_buf/O
                         net (fo=63, routed)          0.915     0.915    datapath/video_inst/inst_dvid/TDMS_encoder_blue/CLK
    SLICE_X160Y134       FDRE                                         r  datapath/video_inst/inst_dvid/TDMS_encoder_blue/encoded_reg[4]/C

Slack:                    inf
  Source:                 datapath/row_stepper/process_q_reg[4]/C
                            (rising edge-triggered cell FDRE)
  Destination:            datapath/video_inst/inst_dvid/TDMS_encoder_blue/dc_bias_reg[0]/D
                            (rising edge-triggered cell FDRE clocked by clk_out1_clk_wiz_0  {rise@0.000ns fall@20.000ns period=40.000ns})
  Path Group:             (none)
  Path Type:              Hold (Min at Fast Process Corner)
  Data Path Delay:        2.058ns  (logic 0.727ns (35.329%)  route 1.331ns (64.671%))
  Logic Levels:           11  (CARRY4=5 FDRE=1 LUT2=1 LUT5=1 LUT6=3)
  Clock Uncertainty:      0.190ns  ((TSJ^2 + DJ^2)^1/2) / 2 + PE
    Total System Jitter     (TSJ):    0.050ns
    Discrete Jitter          (DJ):    0.175ns
    Phase Error              (PE):    0.099ns

    Location             Delay type                Incr(ns)  Path(ns)    Netlist Resource(s)
  -------------------------------------------------------------------    -------------------
    SLICE_X149Y125       FDRE                         0.000     0.000 r  datapath/row_stepper/process_q_reg[4]/C
    SLICE_X149Y125       FDRE (Prop_fdre_C_Q)         0.141     0.141 r  datapath/row_stepper/process_q_reg[4]/Q
                         net (fo=18, routed)          0.155     0.296    datapath/video_inst/Inst_vga/sig_gen/vertical_counter/is_trigger_volt5_carry__1[4]
    SLICE_X150Y126       LUT2 (Prop_lut2_I1_O)        0.045     0.341 r  datapath/video_inst/Inst_vga/sig_gen/vertical_counter/is_trigger_volt5_carry__0_i_4/O
                         net (fo=1, routed)           0.000     0.341    datapath/video_inst/Inst_vga/col_map/is_trigger_volt1_carry_i_6[0]
    SLICE_X150Y126       CARRY4 (Prop_carry4_S[0]_O[0])
                                                      0.070     0.411 r  datapath/video_inst/Inst_vga/col_map/is_trigger_volt5_carry__0/O[0]
                         net (fo=3, routed)           0.216     0.627    datapath/video_inst/Inst_vga/sig_gen/horizontal_counter/is_trigger_volt5[4]
    SLICE_X148Y127       LUT6 (Prop_lut6_I1_O)        0.105     0.732 r  datapath/video_inst/Inst_vga/sig_gen/horizontal_counter/is_trigger_volt1_carry_i_6/O
                         net (fo=1, routed)           0.000     0.732    datapath/video_inst/Inst_vga/col_map/is_trigger_volt1_carry__0_1[1]
    SLICE_X148Y127       CARRY4 (Prop_carry4_S[2]_CO[3])
                                                      0.111     0.843 r  datapath/video_inst/Inst_vga/col_map/is_trigger_volt1_carry/CO[3]
                         net (fo=1, routed)           0.000     0.843    datapath/video_inst/Inst_vga/col_map/is_trigger_volt1_carry_n_0
    SLICE_X148Y128       CARRY4 (Prop_carry4_CI_CO[3])
                                                      0.040     0.883 r  datapath/video_inst/Inst_vga/col_map/is_trigger_volt1_carry__0/CO[3]
                         net (fo=1, routed)           0.000     0.883    datapath/video_inst/Inst_vga/col_map/is_trigger_volt1_carry__0_n_0
    SLICE_X148Y129       CARRY4 (Prop_carry4_CI_CO[3])
                                                      0.040     0.923 r  datapath/video_inst/Inst_vga/col_map/is_trigger_volt1_carry__1/CO[3]
                         net (fo=1, routed)           0.000     0.923    datapath/video_inst/Inst_vga/col_map/is_trigger_volt1_carry__1_n_0
    SLICE_X148Y130       CARRY4 (Prop_carry4_CI_CO[3])
                                                      0.040     0.963 f  datapath/video_inst/Inst_vga/col_map/is_trigger_volt1_carry__2/CO[3]
                         net (fo=1, routed)           0.509     1.472    datapath/video_inst/Inst_vga/sig_gen/horizontal_counter/dc_bias[2]_i_2__0_1[0]
    SLICE_X155Y130       LUT5 (Prop_lut5_I4_O)        0.045     1.517 f  datapath/video_inst/Inst_vga/sig_gen/horizontal_counter/dc_bias[2]_i_5__0/O
                         net (fo=4, routed)           0.309     1.826    datapath/video_inst/Inst_vga/sig_gen/horizontal_counter/dc_bias[2]_i_5__0_n_0
    SLICE_X157Y134       LUT6 (Prop_lut6_I5_O)        0.045     1.871 r  datapath/video_inst/Inst_vga/sig_gen/horizontal_counter/dc_bias[1]_i_2/O
                         net (fo=10, routed)          0.142     2.013    datapath/video_inst/inst_dvid/TDMS_encoder_blue/dc_bias_reg[0]_0
    SLICE_X159Y133       LUT6 (Prop_lut6_I4_O)        0.045     2.058 r  datapath/video_inst/inst_dvid/TDMS_encoder_blue/dc_bias[0]_i_1__1/O
                         net (fo=1, routed)           0.000     2.058    datapath/video_inst/inst_dvid/TDMS_encoder_blue/dc_bias[0]_i_1__1_n_0
    SLICE_X159Y133       FDRE                                         r  datapath/video_inst/inst_dvid/TDMS_encoder_blue/dc_bias_reg[0]/D
  -------------------------------------------------------------------    -------------------

                         (clock clk_out1_clk_wiz_0 rise edge)
                                                      0.000     0.000 r  
    BUFGCTRL_X0Y2        BUFG                         0.000     0.000 r  clk_IBUF_BUFG_inst/O
                         net (fo=297, routed)         1.022     1.022    datapath/video_inst/mmcm_adv_inst_display_clocks/inst/clk_in1
    MMCME2_ADV_X1Y0      MMCME2_ADV (Prop_mmcme2_adv_CLKIN1_CLKOUT0)
                                                     -2.040    -1.018 r  datapath/video_inst/mmcm_adv_inst_display_clocks/inst/mmcm_adv_inst/CLKOUT0
                         net (fo=1, routed)           0.989    -0.029    datapath/video_inst/mmcm_adv_inst_display_clocks/inst/clk_out1_clk_wiz_0
    BUFGCTRL_X0Y4        BUFG (Prop_bufg_I_O)         0.029    -0.000 r  datapath/video_inst/mmcm_adv_inst_display_clocks/inst/clkout1_buf/O
                         net (fo=63, routed)          0.913     0.913    datapath/video_inst/inst_dvid/TDMS_encoder_blue/CLK
    SLICE_X159Y133       FDRE                                         r  datapath/video_inst/inst_dvid/TDMS_encoder_blue/dc_bias_reg[0]/C

Slack:                    inf
  Source:                 datapath/row_stepper/process_q_reg[4]/C
                            (rising edge-triggered cell FDRE)
  Destination:            datapath/video_inst/inst_dvid/TDMS_encoder_blue/encoded_reg[8]/D
                            (rising edge-triggered cell FDRE clocked by clk_out1_clk_wiz_0  {rise@0.000ns fall@20.000ns period=40.000ns})
  Path Group:             (none)
  Path Type:              Hold (Min at Fast Process Corner)
  Data Path Delay:        2.074ns  (logic 0.727ns (35.056%)  route 1.347ns (64.944%))
  Logic Levels:           11  (CARRY4=5 FDRE=1 LUT2=1 LUT3=1 LUT5=1 LUT6=2)
  Clock Uncertainty:      0.190ns  ((TSJ^2 + DJ^2)^1/2) / 2 + PE
    Total System Jitter     (TSJ):    0.050ns
    Discrete Jitter          (DJ):    0.175ns
    Phase Error              (PE):    0.099ns

    Location             Delay type                Incr(ns)  Path(ns)    Netlist Resource(s)
  -------------------------------------------------------------------    -------------------
    SLICE_X149Y125       FDRE                         0.000     0.000 r  datapath/row_stepper/process_q_reg[4]/C
    SLICE_X149Y125       FDRE (Prop_fdre_C_Q)         0.141     0.141 r  datapath/row_stepper/process_q_reg[4]/Q
                         net (fo=18, routed)          0.155     0.296    datapath/video_inst/Inst_vga/sig_gen/vertical_counter/is_trigger_volt5_carry__1[4]
    SLICE_X150Y126       LUT2 (Prop_lut2_I1_O)        0.045     0.341 r  datapath/video_inst/Inst_vga/sig_gen/vertical_counter/is_trigger_volt5_carry__0_i_4/O
                         net (fo=1, routed)           0.000     0.341    datapath/video_inst/Inst_vga/col_map/is_trigger_volt1_carry_i_6[0]
    SLICE_X150Y126       CARRY4 (Prop_carry4_S[0]_O[0])
                                                      0.070     0.411 r  datapath/video_inst/Inst_vga/col_map/is_trigger_volt5_carry__0/O[0]
                         net (fo=3, routed)           0.216     0.627    datapath/video_inst/Inst_vga/sig_gen/horizontal_counter/is_trigger_volt5[4]
    SLICE_X148Y127       LUT6 (Prop_lut6_I1_O)        0.105     0.732 r  datapath/video_inst/Inst_vga/sig_gen/horizontal_counter/is_trigger_volt1_carry_i_6/O
                         net (fo=1, routed)           0.000     0.732    datapath/video_inst/Inst_vga/col_map/is_trigger_volt1_carry__0_1[1]
    SLICE_X148Y127       CARRY4 (Prop_carry4_S[2]_CO[3])
                                                      0.111     0.843 r  datapath/video_inst/Inst_vga/col_map/is_trigger_volt1_carry/CO[3]
                         net (fo=1, routed)           0.000     0.843    datapath/video_inst/Inst_vga/col_map/is_trigger_volt1_carry_n_0
    SLICE_X148Y128       CARRY4 (Prop_carry4_CI_CO[3])
                                                      0.040     0.883 r  datapath/video_inst/Inst_vga/col_map/is_trigger_volt1_carry__0/CO[3]
                         net (fo=1, routed)           0.000     0.883    datapath/video_inst/Inst_vga/col_map/is_trigger_volt1_carry__0_n_0
    SLICE_X148Y129       CARRY4 (Prop_carry4_CI_CO[3])
                                                      0.040     0.923 r  datapath/video_inst/Inst_vga/col_map/is_trigger_volt1_carry__1/CO[3]
                         net (fo=1, routed)           0.000     0.923    datapath/video_inst/Inst_vga/col_map/is_trigger_volt1_carry__1_n_0
    SLICE_X148Y130       CARRY4 (Prop_carry4_CI_CO[3])
                                                      0.040     0.963 r  datapath/video_inst/Inst_vga/col_map/is_trigger_volt1_carry__2/CO[3]
                         net (fo=1, routed)           0.509     1.472    datapath/video_inst/Inst_vga/sig_gen/horizontal_counter/dc_bias[2]_i_2__0_1[0]
    SLICE_X155Y130       LUT5 (Prop_lut5_I4_O)        0.045     1.517 r  datapath/video_inst/Inst_vga/sig_gen/horizontal_counter/dc_bias[2]_i_5__0/O
                         net (fo=4, routed)           0.309     1.826    datapath/video_inst/Inst_vga/sig_gen/horizontal_counter/dc_bias[2]_i_5__0_n_0
    SLICE_X157Y134       LUT6 (Prop_lut6_I5_O)        0.045     1.871 f  datapath/video_inst/Inst_vga/sig_gen/horizontal_counter/dc_bias[1]_i_2/O
                         net (fo=10, routed)          0.158     2.029    datapath/video_inst/Inst_vga/sig_gen/horizontal_counter/processQ_reg[9]_7
    SLICE_X159Y134       LUT3 (Prop_lut3_I1_O)        0.045     2.074 r  datapath/video_inst/Inst_vga/sig_gen/horizontal_counter/TDMS_encoder_blue/encoded[8]_i_1/O
                         net (fo=1, routed)           0.000     2.074    datapath/video_inst/inst_dvid/TDMS_encoder_blue/encoded_reg[8]_0
    SLICE_X159Y134       FDRE                                         r  datapath/video_inst/inst_dvid/TDMS_encoder_blue/encoded_reg[8]/D
  -------------------------------------------------------------------    -------------------

                         (clock clk_out1_clk_wiz_0 rise edge)
                                                      0.000     0.000 r  
    BUFGCTRL_X0Y2        BUFG                         0.000     0.000 r  clk_IBUF_BUFG_inst/O
                         net (fo=297, routed)         1.022     1.022    datapath/video_inst/mmcm_adv_inst_display_clocks/inst/clk_in1
    MMCME2_ADV_X1Y0      MMCME2_ADV (Prop_mmcme2_adv_CLKIN1_CLKOUT0)
                                                     -2.040    -1.018 r  datapath/video_inst/mmcm_adv_inst_display_clocks/inst/mmcm_adv_inst/CLKOUT0
                         net (fo=1, routed)           0.989    -0.029    datapath/video_inst/mmcm_adv_inst_display_clocks/inst/clk_out1_clk_wiz_0
    BUFGCTRL_X0Y4        BUFG (Prop_bufg_I_O)         0.029    -0.000 r  datapath/video_inst/mmcm_adv_inst_display_clocks/inst/clkout1_buf/O
                         net (fo=63, routed)          0.914     0.914    datapath/video_inst/inst_dvid/TDMS_encoder_blue/CLK
    SLICE_X159Y134       FDRE                                         r  datapath/video_inst/inst_dvid/TDMS_encoder_blue/encoded_reg[8]/C

Slack:                    inf
  Source:                 reset_n
                            (input port)
  Destination:            datapath/video_inst/Inst_vga/sig_gen/vertical_counter/processQ_reg[6]/R
                            (rising edge-triggered cell FDRE clocked by clk_out1_clk_wiz_0  {rise@0.000ns fall@20.000ns period=40.000ns})
  Path Group:             (none)
  Path Type:              Hold (Min at Fast Process Corner)
  Data Path Delay:        2.081ns  (logic 0.231ns (11.098%)  route 1.850ns (88.902%))
  Logic Levels:           2  (IBUF=1 LUT3=1)
  Clock Path Skew:        0.884ns (DCD - SCD - CPR)
    Destination Clock Delay (DCD):    0.884ns
    Source Clock Delay      (SCD):    0.000ns
    Clock Pessimism Removal (CPR):    -0.000ns

    Location             Delay type                Incr(ns)  Path(ns)    Netlist Resource(s)
  -------------------------------------------------------------------    -------------------
    G4                                                0.000     0.000 f  reset_n (IN)
                         net (fo=0)                   0.000     0.000    reset_n
    G4                   IBUF (Prop_ibuf_I_O)         0.186     0.186 f  reset_n_IBUF_inst/O
                         net (fo=78, routed)          1.678     1.864    datapath/video_inst/Inst_vga/sig_gen/horizontal_counter/reset_n_IBUF
    SLICE_X151Y132       LUT3 (Prop_lut3_I2_O)        0.045     1.909 r  datapath/video_inst/Inst_vga/sig_gen/horizontal_counter/processQ[9]_i_1__5/O
                         net (fo=10, routed)          0.172     2.081    datapath/video_inst/Inst_vga/sig_gen/vertical_counter/SR[0]
    SLICE_X149Y132       FDRE                                         r  datapath/video_inst/Inst_vga/sig_gen/vertical_counter/processQ_reg[6]/R
  -------------------------------------------------------------------    -------------------

                         (clock clk_out1_clk_wiz_0 rise edge)
                                                      0.000     0.000 r  
    BUFGCTRL_X0Y2        BUFG                         0.000     0.000 r  clk_IBUF_BUFG_inst/O
                         net (fo=297, routed)         1.022     1.022    datapath/video_inst/mmcm_adv_inst_display_clocks/inst/clk_in1
    MMCME2_ADV_X1Y0      MMCME2_ADV (Prop_mmcme2_adv_CLKIN1_CLKOUT0)
                                                     -2.040    -1.018 r  datapath/video_inst/mmcm_adv_inst_display_clocks/inst/mmcm_adv_inst/CLKOUT0
                         net (fo=1, routed)           0.989    -0.029    datapath/video_inst/mmcm_adv_inst_display_clocks/inst/clk_out1_clk_wiz_0
    BUFGCTRL_X0Y4        BUFG (Prop_bufg_I_O)         0.029    -0.000 r  datapath/video_inst/mmcm_adv_inst_display_clocks/inst/clkout1_buf/O
                         net (fo=63, routed)          0.884     0.884    datapath/video_inst/Inst_vga/sig_gen/vertical_counter/CLK
    SLICE_X149Y132       FDRE                                         r  datapath/video_inst/Inst_vga/sig_gen/vertical_counter/processQ_reg[6]/C

Slack:                    inf
  Source:                 reset_n
                            (input port)
  Destination:            datapath/video_inst/Inst_vga/sig_gen/vertical_counter/processQ_reg[7]/R
                            (rising edge-triggered cell FDRE clocked by clk_out1_clk_wiz_0  {rise@0.000ns fall@20.000ns period=40.000ns})
  Path Group:             (none)
  Path Type:              Hold (Min at Fast Process Corner)
  Data Path Delay:        2.081ns  (logic 0.231ns (11.098%)  route 1.850ns (88.902%))
  Logic Levels:           2  (IBUF=1 LUT3=1)
  Clock Path Skew:        0.884ns (DCD - SCD - CPR)
    Destination Clock Delay (DCD):    0.884ns
    Source Clock Delay      (SCD):    0.000ns
    Clock Pessimism Removal (CPR):    -0.000ns

    Location             Delay type                Incr(ns)  Path(ns)    Netlist Resource(s)
  -------------------------------------------------------------------    -------------------
    G4                                                0.000     0.000 f  reset_n (IN)
                         net (fo=0)                   0.000     0.000    reset_n
    G4                   IBUF (Prop_ibuf_I_O)         0.186     0.186 f  reset_n_IBUF_inst/O
                         net (fo=78, routed)          1.678     1.864    datapath/video_inst/Inst_vga/sig_gen/horizontal_counter/reset_n_IBUF
    SLICE_X151Y132       LUT3 (Prop_lut3_I2_O)        0.045     1.909 r  datapath/video_inst/Inst_vga/sig_gen/horizontal_counter/processQ[9]_i_1__5/O
                         net (fo=10, routed)          0.172     2.081    datapath/video_inst/Inst_vga/sig_gen/vertical_counter/SR[0]
    SLICE_X149Y132       FDRE                                         r  datapath/video_inst/Inst_vga/sig_gen/vertical_counter/processQ_reg[7]/R
  -------------------------------------------------------------------    -------------------

                         (clock clk_out1_clk_wiz_0 rise edge)
                                                      0.000     0.000 r  
    BUFGCTRL_X0Y2        BUFG                         0.000     0.000 r  clk_IBUF_BUFG_inst/O
                         net (fo=297, routed)         1.022     1.022    datapath/video_inst/mmcm_adv_inst_display_clocks/inst/clk_in1
    MMCME2_ADV_X1Y0      MMCME2_ADV (Prop_mmcme2_adv_CLKIN1_CLKOUT0)
                                                     -2.040    -1.018 r  datapath/video_inst/mmcm_adv_inst_display_clocks/inst/mmcm_adv_inst/CLKOUT0
                         net (fo=1, routed)           0.989    -0.029    datapath/video_inst/mmcm_adv_inst_display_clocks/inst/clk_out1_clk_wiz_0
    BUFGCTRL_X0Y4        BUFG (Prop_bufg_I_O)         0.029    -0.000 r  datapath/video_inst/mmcm_adv_inst_display_clocks/inst/clkout1_buf/O
                         net (fo=63, routed)          0.884     0.884    datapath/video_inst/Inst_vga/sig_gen/vertical_counter/CLK
    SLICE_X149Y132       FDRE                                         r  datapath/video_inst/Inst_vga/sig_gen/vertical_counter/processQ_reg[7]/C

Slack:                    inf
  Source:                 datapath/leftChannelMemory/sdp_bl.ramb18_dp_bl.ram18_bl/CLKARDCLK
                            (rising edge-triggered cell RAMB18E1)
  Destination:            datapath/video_inst/inst_dvid/TDMS_encoder_blue/dc_bias_reg[2]/D
                            (rising edge-triggered cell FDRE clocked by clk_out1_clk_wiz_0  {rise@0.000ns fall@20.000ns period=40.000ns})
  Path Group:             (none)
  Path Type:              Hold (Min at Fast Process Corner)
  Data Path Delay:        2.082ns  (logic 0.872ns (41.876%)  route 1.210ns (58.124%))
  Logic Levels:           5  (CARRY4=1 LUT5=1 LUT6=2 RAMB18E1=1)
  Clock Uncertainty:      0.190ns  ((TSJ^2 + DJ^2)^1/2) / 2 + PE
    Total System Jitter     (TSJ):    0.050ns
    Discrete Jitter          (DJ):    0.175ns
    Phase Error              (PE):    0.099ns

    Location             Delay type                Incr(ns)  Path(ns)    Netlist Resource(s)
  -------------------------------------------------------------------    -------------------
    RAMB18_X8Y49         RAMB18E1                     0.000     0.000 r  datapath/leftChannelMemory/sdp_bl.ramb18_dp_bl.ram18_bl/CLKARDCLK
    RAMB18_X8Y49         RAMB18E1 (Prop_ramb18e1_CLKARDCLK_DOADO[8])
                                                      0.585     0.585 r  datapath/leftChannelMemory/sdp_bl.ramb18_dp_bl.ram18_bl/DOADO[8]
                         net (fo=1, routed)           0.377     0.962    datapath/video_inst/Inst_vga/sig_gen/vertical_counter/DOADO[1]
    SLICE_X156Y124       LUT6 (Prop_lut6_I4_O)        0.045     1.007 r  datapath/video_inst/Inst_vga/sig_gen/vertical_counter/dc_bias[3]_i_11__0/O
                         net (fo=1, routed)           0.000     1.007    datapath/video_inst/Inst_vga/sig_gen/vertical_counter/dc_bias[3]_i_11__0_n_0
    SLICE_X156Y124       CARRY4 (Prop_carry4_S[0]_CO[3])
                                                      0.152     1.159 f  datapath/video_inst/Inst_vga/sig_gen/vertical_counter/dc_bias_reg[3]_i_7/CO[3]
                         net (fo=3, routed)           0.572     1.731    datapath/video_inst/Inst_vga/sig_gen/horizontal_counter/encoded_reg[1]_0[0]
    SLICE_X157Y134       LUT5 (Prop_lut5_I2_O)        0.045     1.776 r  datapath/video_inst/Inst_vga/sig_gen/horizontal_counter/dc_bias[3]_i_5__1/O
                         net (fo=12, routed)          0.261     2.037    datapath/video_inst/inst_dvid/TDMS_encoder_blue/dc_bias_reg[1]_2
    SLICE_X159Y133       LUT6 (Prop_lut6_I4_O)        0.045     2.082 r  datapath/video_inst/inst_dvid/TDMS_encoder_blue/dc_bias[2]_i_1/O
                         net (fo=1, routed)           0.000     2.082    datapath/video_inst/inst_dvid/TDMS_encoder_blue/dc_bias[2]_i_1_n_0
    SLICE_X159Y133       FDRE                                         r  datapath/video_inst/inst_dvid/TDMS_encoder_blue/dc_bias_reg[2]/D
  -------------------------------------------------------------------    -------------------

                         (clock clk_out1_clk_wiz_0 rise edge)
                                                      0.000     0.000 r  
    BUFGCTRL_X0Y2        BUFG                         0.000     0.000 r  clk_IBUF_BUFG_inst/O
                         net (fo=297, routed)         1.022     1.022    datapath/video_inst/mmcm_adv_inst_display_clocks/inst/clk_in1
    MMCME2_ADV_X1Y0      MMCME2_ADV (Prop_mmcme2_adv_CLKIN1_CLKOUT0)
                                                     -2.040    -1.018 r  datapath/video_inst/mmcm_adv_inst_display_clocks/inst/mmcm_adv_inst/CLKOUT0
                         net (fo=1, routed)           0.989    -0.029    datapath/video_inst/mmcm_adv_inst_display_clocks/inst/clk_out1_clk_wiz_0
    BUFGCTRL_X0Y4        BUFG (Prop_bufg_I_O)         0.029    -0.000 r  datapath/video_inst/mmcm_adv_inst_display_clocks/inst/clkout1_buf/O
                         net (fo=63, routed)          0.913     0.913    datapath/video_inst/inst_dvid/TDMS_encoder_blue/CLK
    SLICE_X159Y133       FDRE                                         r  datapath/video_inst/inst_dvid/TDMS_encoder_blue/dc_bias_reg[2]/C





--------------------------------------------------------------------------------------
Path Group:  (none)
From Clock:  
  To Clock:  clk_out2_clk_wiz_1

Max Delay            30 Endpoints
Min Delay            30 Endpoints
--------------------------------------------------------------------------------------


Max Delay Paths
--------------------------------------------------------------------------------------
Slack:                    inf
  Source:                 reset_n
                            (input port)
  Destination:            datapath/Audio_Codec/initialize_audio/state_reg[1]/S
                            (rising edge-triggered cell FDSE clocked by clk_out2_clk_wiz_1  {rise@0.000ns fall@10.000ns period=20.000ns})
  Path Group:             (none)
  Path Type:              Setup (Max at Slow Process Corner)
  Data Path Delay:        8.492ns  (logic 1.219ns (14.352%)  route 7.273ns (85.648%))
  Logic Levels:           2  (IBUF=1 LUT1=1)
  Clock Path Skew:        1.702ns (DCD - SCD + CPR)
    Destination Clock Delay (DCD):    1.702ns
    Source Clock Delay      (SCD):    0.000ns
    Clock Pessimism Removal (CPR):    0.000ns
  Clock Uncertainty:      0.178ns  ((TSJ^2 + DJ^2)^1/2) / 2 + PE
    Total System Jitter     (TSJ):    0.050ns
    Discrete Jitter          (DJ):    0.152ns
    Phase Error              (PE):    0.099ns

    Location             Delay type                Incr(ns)  Path(ns)    Netlist Resource(s)
  -------------------------------------------------------------------    -------------------
    G4                                                0.000     0.000 f  reset_n (IN)
                         net (fo=0)                   0.000     0.000    reset_n
    G4                   IBUF (Prop_ibuf_I_O)         1.062     1.062 f  reset_n_IBUF_inst/O
                         net (fo=78, routed)          4.369     5.431    datapath/Audio_Codec/audio_inout/reset_n_IBUF
    SLICE_X148Y131       LUT1 (Prop_lut1_I0_O)        0.157     5.588 r  datapath/Audio_Codec/audio_inout/process_q[10]_i_1__0/O
                         net (fo=203, routed)         2.904     8.492    datapath/Audio_Codec/initialize_audio/SR[0]
    SLICE_X161Y119       FDSE                                         r  datapath/Audio_Codec/initialize_audio/state_reg[1]/S
  -------------------------------------------------------------------    -------------------

                         (clock clk_out2_clk_wiz_1 rise edge)
                                                      0.000     0.000 r  
    BUFGCTRL_X0Y2        BUFG                         0.000     0.000 r  clk_IBUF_BUFG_inst/O
                         net (fo=297, routed)         1.643     1.643    datapath/Audio_Codec/audiocodec_master_clock/inst/clk_in1
    MMCME2_ADV_X0Y2      MMCME2_ADV (Prop_mmcme2_adv_CLKIN1_CLKOUT1)
                                                     -3.494    -1.851 r  datapath/Audio_Codec/audiocodec_master_clock/inst/mmcm_adv_inst/CLKOUT1
                         net (fo=1, routed)           1.760    -0.091    datapath/Audio_Codec/audiocodec_master_clock/inst/clk_out2_clk_wiz_1
    BUFGCTRL_X0Y3        BUFG (Prop_bufg_I_O)         0.091     0.000 r  datapath/Audio_Codec/audiocodec_master_clock/inst/clkout2_buf/O
                         net (fo=115, routed)         1.702     1.702    datapath/Audio_Codec/initialize_audio/CLK
    SLICE_X161Y119       FDSE                                         r  datapath/Audio_Codec/initialize_audio/state_reg[1]/C

Slack:                    inf
  Source:                 reset_n
                            (input port)
  Destination:            datapath/Audio_Codec/initialize_audio/state_reg[3]/R
                            (rising edge-triggered cell FDRE clocked by clk_out2_clk_wiz_1  {rise@0.000ns fall@10.000ns period=20.000ns})
  Path Group:             (none)
  Path Type:              Setup (Max at Slow Process Corner)
  Data Path Delay:        8.492ns  (logic 1.219ns (14.352%)  route 7.273ns (85.648%))
  Logic Levels:           2  (IBUF=1 LUT1=1)
  Clock Path Skew:        1.702ns (DCD - SCD + CPR)
    Destination Clock Delay (DCD):    1.702ns
    Source Clock Delay      (SCD):    0.000ns
    Clock Pessimism Removal (CPR):    0.000ns
  Clock Uncertainty:      0.178ns  ((TSJ^2 + DJ^2)^1/2) / 2 + PE
    Total System Jitter     (TSJ):    0.050ns
    Discrete Jitter          (DJ):    0.152ns
    Phase Error              (PE):    0.099ns

    Location             Delay type                Incr(ns)  Path(ns)    Netlist Resource(s)
  -------------------------------------------------------------------    -------------------
    G4                                                0.000     0.000 f  reset_n (IN)
                         net (fo=0)                   0.000     0.000    reset_n
    G4                   IBUF (Prop_ibuf_I_O)         1.062     1.062 f  reset_n_IBUF_inst/O
                         net (fo=78, routed)          4.369     5.431    datapath/Audio_Codec/audio_inout/reset_n_IBUF
    SLICE_X148Y131       LUT1 (Prop_lut1_I0_O)        0.157     5.588 r  datapath/Audio_Codec/audio_inout/process_q[10]_i_1__0/O
                         net (fo=203, routed)         2.904     8.492    datapath/Audio_Codec/initialize_audio/SR[0]
    SLICE_X161Y119       FDRE                                         r  datapath/Audio_Codec/initialize_audio/state_reg[3]/R
  -------------------------------------------------------------------    -------------------

                         (clock clk_out2_clk_wiz_1 rise edge)
                                                      0.000     0.000 r  
    BUFGCTRL_X0Y2        BUFG                         0.000     0.000 r  clk_IBUF_BUFG_inst/O
                         net (fo=297, routed)         1.643     1.643    datapath/Audio_Codec/audiocodec_master_clock/inst/clk_in1
    MMCME2_ADV_X0Y2      MMCME2_ADV (Prop_mmcme2_adv_CLKIN1_CLKOUT1)
                                                     -3.494    -1.851 r  datapath/Audio_Codec/audiocodec_master_clock/inst/mmcm_adv_inst/CLKOUT1
                         net (fo=1, routed)           1.760    -0.091    datapath/Audio_Codec/audiocodec_master_clock/inst/clk_out2_clk_wiz_1
    BUFGCTRL_X0Y3        BUFG (Prop_bufg_I_O)         0.091     0.000 r  datapath/Audio_Codec/audiocodec_master_clock/inst/clkout2_buf/O
                         net (fo=115, routed)         1.702     1.702    datapath/Audio_Codec/initialize_audio/CLK
    SLICE_X161Y119       FDRE                                         r  datapath/Audio_Codec/initialize_audio/state_reg[3]/C

Slack:                    inf
  Source:                 reset_n
                            (input port)
  Destination:            datapath/Audio_Codec/initialize_audio/state_reg[0]/R
                            (rising edge-triggered cell FDRE clocked by clk_out2_clk_wiz_1  {rise@0.000ns fall@10.000ns period=20.000ns})
  Path Group:             (none)
  Path Type:              Setup (Max at Slow Process Corner)
  Data Path Delay:        8.354ns  (logic 1.219ns (14.590%)  route 7.135ns (85.410%))
  Logic Levels:           2  (IBUF=1 LUT1=1)
  Clock Path Skew:        1.703ns (DCD - SCD + CPR)
    Destination Clock Delay (DCD):    1.703ns
    Source Clock Delay      (SCD):    0.000ns
    Clock Pessimism Removal (CPR):    0.000ns
  Clock Uncertainty:      0.178ns  ((TSJ^2 + DJ^2)^1/2) / 2 + PE
    Total System Jitter     (TSJ):    0.050ns
    Discrete Jitter          (DJ):    0.152ns
    Phase Error              (PE):    0.099ns

    Location             Delay type                Incr(ns)  Path(ns)    Netlist Resource(s)
  -------------------------------------------------------------------    -------------------
    G4                                                0.000     0.000 f  reset_n (IN)
                         net (fo=0)                   0.000     0.000    reset_n
    G4                   IBUF (Prop_ibuf_I_O)         1.062     1.062 f  reset_n_IBUF_inst/O
                         net (fo=78, routed)          4.369     5.431    datapath/Audio_Codec/audio_inout/reset_n_IBUF
    SLICE_X148Y131       LUT1 (Prop_lut1_I0_O)        0.157     5.588 r  datapath/Audio_Codec/audio_inout/process_q[10]_i_1__0/O
                         net (fo=203, routed)         2.766     8.354    datapath/Audio_Codec/initialize_audio/SR[0]
    SLICE_X161Y118       FDRE                                         r  datapath/Audio_Codec/initialize_audio/state_reg[0]/R
  -------------------------------------------------------------------    -------------------

                         (clock clk_out2_clk_wiz_1 rise edge)
                                                      0.000     0.000 r  
    BUFGCTRL_X0Y2        BUFG                         0.000     0.000 r  clk_IBUF_BUFG_inst/O
                         net (fo=297, routed)         1.643     1.643    datapath/Audio_Codec/audiocodec_master_clock/inst/clk_in1
    MMCME2_ADV_X0Y2      MMCME2_ADV (Prop_mmcme2_adv_CLKIN1_CLKOUT1)
                                                     -3.494    -1.851 r  datapath/Audio_Codec/audiocodec_master_clock/inst/mmcm_adv_inst/CLKOUT1
                         net (fo=1, routed)           1.760    -0.091    datapath/Audio_Codec/audiocodec_master_clock/inst/clk_out2_clk_wiz_1
    BUFGCTRL_X0Y3        BUFG (Prop_bufg_I_O)         0.091     0.000 r  datapath/Audio_Codec/audiocodec_master_clock/inst/clkout2_buf/O
                         net (fo=115, routed)         1.703     1.703    datapath/Audio_Codec/initialize_audio/CLK
    SLICE_X161Y118       FDRE                                         r  datapath/Audio_Codec/initialize_audio/state_reg[0]/C

Slack:                    inf
  Source:                 reset_n
                            (input port)
  Destination:            datapath/Audio_Codec/initialize_audio/state_reg[2]/S
                            (rising edge-triggered cell FDSE clocked by clk_out2_clk_wiz_1  {rise@0.000ns fall@10.000ns period=20.000ns})
  Path Group:             (none)
  Path Type:              Setup (Max at Slow Process Corner)
  Data Path Delay:        8.354ns  (logic 1.219ns (14.590%)  route 7.135ns (85.410%))
  Logic Levels:           2  (IBUF=1 LUT1=1)
  Clock Path Skew:        1.703ns (DCD - SCD + CPR)
    Destination Clock Delay (DCD):    1.703ns
    Source Clock Delay      (SCD):    0.000ns
    Clock Pessimism Removal (CPR):    0.000ns
  Clock Uncertainty:      0.178ns  ((TSJ^2 + DJ^2)^1/2) / 2 + PE
    Total System Jitter     (TSJ):    0.050ns
    Discrete Jitter          (DJ):    0.152ns
    Phase Error              (PE):    0.099ns

    Location             Delay type                Incr(ns)  Path(ns)    Netlist Resource(s)
  -------------------------------------------------------------------    -------------------
    G4                                                0.000     0.000 f  reset_n (IN)
                         net (fo=0)                   0.000     0.000    reset_n
    G4                   IBUF (Prop_ibuf_I_O)         1.062     1.062 f  reset_n_IBUF_inst/O
                         net (fo=78, routed)          4.369     5.431    datapath/Audio_Codec/audio_inout/reset_n_IBUF
    SLICE_X148Y131       LUT1 (Prop_lut1_I0_O)        0.157     5.588 r  datapath/Audio_Codec/audio_inout/process_q[10]_i_1__0/O
                         net (fo=203, routed)         2.766     8.354    datapath/Audio_Codec/initialize_audio/SR[0]
    SLICE_X161Y118       FDSE                                         r  datapath/Audio_Codec/initialize_audio/state_reg[2]/S
  -------------------------------------------------------------------    -------------------

                         (clock clk_out2_clk_wiz_1 rise edge)
                                                      0.000     0.000 r  
    BUFGCTRL_X0Y2        BUFG                         0.000     0.000 r  clk_IBUF_BUFG_inst/O
                         net (fo=297, routed)         1.643     1.643    datapath/Audio_Codec/audiocodec_master_clock/inst/clk_in1
    MMCME2_ADV_X0Y2      MMCME2_ADV (Prop_mmcme2_adv_CLKIN1_CLKOUT1)
                                                     -3.494    -1.851 r  datapath/Audio_Codec/audiocodec_master_clock/inst/mmcm_adv_inst/CLKOUT1
                         net (fo=1, routed)           1.760    -0.091    datapath/Audio_Codec/audiocodec_master_clock/inst/clk_out2_clk_wiz_1
    BUFGCTRL_X0Y3        BUFG (Prop_bufg_I_O)         0.091     0.000 r  datapath/Audio_Codec/audiocodec_master_clock/inst/clkout2_buf/O
                         net (fo=115, routed)         1.703     1.703    datapath/Audio_Codec/initialize_audio/CLK
    SLICE_X161Y118       FDSE                                         r  datapath/Audio_Codec/initialize_audio/state_reg[2]/C

Slack:                    inf
  Source:                 reset_n
                            (input port)
  Destination:            datapath/Audio_Codec/initialize_audio/initA_reg[4]/R
                            (rising edge-triggered cell FDRE clocked by clk_out2_clk_wiz_1  {rise@0.000ns fall@10.000ns period=20.000ns})
  Path Group:             (none)
  Path Type:              Setup (Max at Slow Process Corner)
  Data Path Delay:        7.642ns  (logic 1.219ns (15.948%)  route 6.423ns (84.052%))
  Logic Levels:           2  (IBUF=1 LUT1=1)
  Clock Path Skew:        1.702ns (DCD - SCD + CPR)
    Destination Clock Delay (DCD):    1.702ns
    Source Clock Delay      (SCD):    0.000ns
    Clock Pessimism Removal (CPR):    0.000ns
  Clock Uncertainty:      0.178ns  ((TSJ^2 + DJ^2)^1/2) / 2 + PE
    Total System Jitter     (TSJ):    0.050ns
    Discrete Jitter          (DJ):    0.152ns
    Phase Error              (PE):    0.099ns

    Location             Delay type                Incr(ns)  Path(ns)    Netlist Resource(s)
  -------------------------------------------------------------------    -------------------
    G4                                                0.000     0.000 f  reset_n (IN)
                         net (fo=0)                   0.000     0.000    reset_n
    G4                   IBUF (Prop_ibuf_I_O)         1.062     1.062 f  reset_n_IBUF_inst/O
                         net (fo=78, routed)          4.369     5.431    datapath/Audio_Codec/audio_inout/reset_n_IBUF
    SLICE_X148Y131       LUT1 (Prop_lut1_I0_O)        0.157     5.588 r  datapath/Audio_Codec/audio_inout/process_q[10]_i_1__0/O
                         net (fo=203, routed)         2.054     7.642    datapath/Audio_Codec/initialize_audio/SR[0]
    SLICE_X162Y119       FDRE                                         r  datapath/Audio_Codec/initialize_audio/initA_reg[4]/R
  -------------------------------------------------------------------    -------------------

                         (clock clk_out2_clk_wiz_1 rise edge)
                                                      0.000     0.000 r  
    BUFGCTRL_X0Y2        BUFG                         0.000     0.000 r  clk_IBUF_BUFG_inst/O
                         net (fo=297, routed)         1.643     1.643    datapath/Audio_Codec/audiocodec_master_clock/inst/clk_in1
    MMCME2_ADV_X0Y2      MMCME2_ADV (Prop_mmcme2_adv_CLKIN1_CLKOUT1)
                                                     -3.494    -1.851 r  datapath/Audio_Codec/audiocodec_master_clock/inst/mmcm_adv_inst/CLKOUT1
                         net (fo=1, routed)           1.760    -0.091    datapath/Audio_Codec/audiocodec_master_clock/inst/clk_out2_clk_wiz_1
    BUFGCTRL_X0Y3        BUFG (Prop_bufg_I_O)         0.091     0.000 r  datapath/Audio_Codec/audiocodec_master_clock/inst/clkout2_buf/O
                         net (fo=115, routed)         1.702     1.702    datapath/Audio_Codec/initialize_audio/CLK
    SLICE_X162Y119       FDRE                                         r  datapath/Audio_Codec/initialize_audio/initA_reg[4]/C

Slack:                    inf
  Source:                 reset_n
                            (input port)
  Destination:            datapath/Audio_Codec/initialize_audio/initA_reg[0]/R
                            (rising edge-triggered cell FDRE clocked by clk_out2_clk_wiz_1  {rise@0.000ns fall@10.000ns period=20.000ns})
  Path Group:             (none)
  Path Type:              Setup (Max at Slow Process Corner)
  Data Path Delay:        7.169ns  (logic 1.219ns (17.001%)  route 5.950ns (82.999%))
  Logic Levels:           2  (IBUF=1 LUT1=1)
  Clock Path Skew:        1.701ns (DCD - SCD + CPR)
    Destination Clock Delay (DCD):    1.701ns
    Source Clock Delay      (SCD):    0.000ns
    Clock Pessimism Removal (CPR):    0.000ns
  Clock Uncertainty:      0.178ns  ((TSJ^2 + DJ^2)^1/2) / 2 + PE
    Total System Jitter     (TSJ):    0.050ns
    Discrete Jitter          (DJ):    0.152ns
    Phase Error              (PE):    0.099ns

    Location             Delay type                Incr(ns)  Path(ns)    Netlist Resource(s)
  -------------------------------------------------------------------    -------------------
    G4                                                0.000     0.000 f  reset_n (IN)
                         net (fo=0)                   0.000     0.000    reset_n
    G4                   IBUF (Prop_ibuf_I_O)         1.062     1.062 f  reset_n_IBUF_inst/O
                         net (fo=78, routed)          4.369     5.431    datapath/Audio_Codec/audio_inout/reset_n_IBUF
    SLICE_X148Y131       LUT1 (Prop_lut1_I0_O)        0.157     5.588 r  datapath/Audio_Codec/audio_inout/process_q[10]_i_1__0/O
                         net (fo=203, routed)         1.581     7.169    datapath/Audio_Codec/initialize_audio/SR[0]
    SLICE_X160Y121       FDRE                                         r  datapath/Audio_Codec/initialize_audio/initA_reg[0]/R
  -------------------------------------------------------------------    -------------------

                         (clock clk_out2_clk_wiz_1 rise edge)
                                                      0.000     0.000 r  
    BUFGCTRL_X0Y2        BUFG                         0.000     0.000 r  clk_IBUF_BUFG_inst/O
                         net (fo=297, routed)         1.643     1.643    datapath/Audio_Codec/audiocodec_master_clock/inst/clk_in1
    MMCME2_ADV_X0Y2      MMCME2_ADV (Prop_mmcme2_adv_CLKIN1_CLKOUT1)
                                                     -3.494    -1.851 r  datapath/Audio_Codec/audiocodec_master_clock/inst/mmcm_adv_inst/CLKOUT1
                         net (fo=1, routed)           1.760    -0.091    datapath/Audio_Codec/audiocodec_master_clock/inst/clk_out2_clk_wiz_1
    BUFGCTRL_X0Y3        BUFG (Prop_bufg_I_O)         0.091     0.000 r  datapath/Audio_Codec/audiocodec_master_clock/inst/clkout2_buf/O
                         net (fo=115, routed)         1.701     1.701    datapath/Audio_Codec/initialize_audio/CLK
    SLICE_X160Y121       FDRE                                         r  datapath/Audio_Codec/initialize_audio/initA_reg[0]/C

Slack:                    inf
  Source:                 reset_n
                            (input port)
  Destination:            datapath/Audio_Codec/initialize_audio/initA_reg[1]/R
                            (rising edge-triggered cell FDRE clocked by clk_out2_clk_wiz_1  {rise@0.000ns fall@10.000ns period=20.000ns})
  Path Group:             (none)
  Path Type:              Setup (Max at Slow Process Corner)
  Data Path Delay:        7.169ns  (logic 1.219ns (17.001%)  route 5.950ns (82.999%))
  Logic Levels:           2  (IBUF=1 LUT1=1)
  Clock Path Skew:        1.701ns (DCD - SCD + CPR)
    Destination Clock Delay (DCD):    1.701ns
    Source Clock Delay      (SCD):    0.000ns
    Clock Pessimism Removal (CPR):    0.000ns
  Clock Uncertainty:      0.178ns  ((TSJ^2 + DJ^2)^1/2) / 2 + PE
    Total System Jitter     (TSJ):    0.050ns
    Discrete Jitter          (DJ):    0.152ns
    Phase Error              (PE):    0.099ns

    Location             Delay type                Incr(ns)  Path(ns)    Netlist Resource(s)
  -------------------------------------------------------------------    -------------------
    G4                                                0.000     0.000 f  reset_n (IN)
                         net (fo=0)                   0.000     0.000    reset_n
    G4                   IBUF (Prop_ibuf_I_O)         1.062     1.062 f  reset_n_IBUF_inst/O
                         net (fo=78, routed)          4.369     5.431    datapath/Audio_Codec/audio_inout/reset_n_IBUF
    SLICE_X148Y131       LUT1 (Prop_lut1_I0_O)        0.157     5.588 r  datapath/Audio_Codec/audio_inout/process_q[10]_i_1__0/O
                         net (fo=203, routed)         1.581     7.169    datapath/Audio_Codec/initialize_audio/SR[0]
    SLICE_X160Y121       FDRE                                         r  datapath/Audio_Codec/initialize_audio/initA_reg[1]/R
  -------------------------------------------------------------------    -------------------

                         (clock clk_out2_clk_wiz_1 rise edge)
                                                      0.000     0.000 r  
    BUFGCTRL_X0Y2        BUFG                         0.000     0.000 r  clk_IBUF_BUFG_inst/O
                         net (fo=297, routed)         1.643     1.643    datapath/Audio_Codec/audiocodec_master_clock/inst/clk_in1
    MMCME2_ADV_X0Y2      MMCME2_ADV (Prop_mmcme2_adv_CLKIN1_CLKOUT1)
                                                     -3.494    -1.851 r  datapath/Audio_Codec/audiocodec_master_clock/inst/mmcm_adv_inst/CLKOUT1
                         net (fo=1, routed)           1.760    -0.091    datapath/Audio_Codec/audiocodec_master_clock/inst/clk_out2_clk_wiz_1
    BUFGCTRL_X0Y3        BUFG (Prop_bufg_I_O)         0.091     0.000 r  datapath/Audio_Codec/audiocodec_master_clock/inst/clkout2_buf/O
                         net (fo=115, routed)         1.701     1.701    datapath/Audio_Codec/initialize_audio/CLK
    SLICE_X160Y121       FDRE                                         r  datapath/Audio_Codec/initialize_audio/initA_reg[1]/C

Slack:                    inf
  Source:                 reset_n
                            (input port)
  Destination:            datapath/Audio_Codec/initialize_audio/initA_reg[2]/R
                            (rising edge-triggered cell FDRE clocked by clk_out2_clk_wiz_1  {rise@0.000ns fall@10.000ns period=20.000ns})
  Path Group:             (none)
  Path Type:              Setup (Max at Slow Process Corner)
  Data Path Delay:        7.169ns  (logic 1.219ns (17.001%)  route 5.950ns (82.999%))
  Logic Levels:           2  (IBUF=1 LUT1=1)
  Clock Path Skew:        1.701ns (DCD - SCD + CPR)
    Destination Clock Delay (DCD):    1.701ns
    Source Clock Delay      (SCD):    0.000ns
    Clock Pessimism Removal (CPR):    0.000ns
  Clock Uncertainty:      0.178ns  ((TSJ^2 + DJ^2)^1/2) / 2 + PE
    Total System Jitter     (TSJ):    0.050ns
    Discrete Jitter          (DJ):    0.152ns
    Phase Error              (PE):    0.099ns

    Location             Delay type                Incr(ns)  Path(ns)    Netlist Resource(s)
  -------------------------------------------------------------------    -------------------
    G4                                                0.000     0.000 f  reset_n (IN)
                         net (fo=0)                   0.000     0.000    reset_n
    G4                   IBUF (Prop_ibuf_I_O)         1.062     1.062 f  reset_n_IBUF_inst/O
                         net (fo=78, routed)          4.369     5.431    datapath/Audio_Codec/audio_inout/reset_n_IBUF
    SLICE_X148Y131       LUT1 (Prop_lut1_I0_O)        0.157     5.588 r  datapath/Audio_Codec/audio_inout/process_q[10]_i_1__0/O
                         net (fo=203, routed)         1.581     7.169    datapath/Audio_Codec/initialize_audio/SR[0]
    SLICE_X160Y121       FDRE                                         r  datapath/Audio_Codec/initialize_audio/initA_reg[2]/R
  -------------------------------------------------------------------    -------------------

                         (clock clk_out2_clk_wiz_1 rise edge)
                                                      0.000     0.000 r  
    BUFGCTRL_X0Y2        BUFG                         0.000     0.000 r  clk_IBUF_BUFG_inst/O
                         net (fo=297, routed)         1.643     1.643    datapath/Audio_Codec/audiocodec_master_clock/inst/clk_in1
    MMCME2_ADV_X0Y2      MMCME2_ADV (Prop_mmcme2_adv_CLKIN1_CLKOUT1)
                                                     -3.494    -1.851 r  datapath/Audio_Codec/audiocodec_master_clock/inst/mmcm_adv_inst/CLKOUT1
                         net (fo=1, routed)           1.760    -0.091    datapath/Audio_Codec/audiocodec_master_clock/inst/clk_out2_clk_wiz_1
    BUFGCTRL_X0Y3        BUFG (Prop_bufg_I_O)         0.091     0.000 r  datapath/Audio_Codec/audiocodec_master_clock/inst/clkout2_buf/O
                         net (fo=115, routed)         1.701     1.701    datapath/Audio_Codec/initialize_audio/CLK
    SLICE_X160Y121       FDRE                                         r  datapath/Audio_Codec/initialize_audio/initA_reg[2]/C

Slack:                    inf
  Source:                 reset_n
                            (input port)
  Destination:            datapath/Audio_Codec/initialize_audio/initA_reg[3]/R
                            (rising edge-triggered cell FDRE clocked by clk_out2_clk_wiz_1  {rise@0.000ns fall@10.000ns period=20.000ns})
  Path Group:             (none)
  Path Type:              Setup (Max at Slow Process Corner)
  Data Path Delay:        7.169ns  (logic 1.219ns (17.001%)  route 5.950ns (82.999%))
  Logic Levels:           2  (IBUF=1 LUT1=1)
  Clock Path Skew:        1.701ns (DCD - SCD + CPR)
    Destination Clock Delay (DCD):    1.701ns
    Source Clock Delay      (SCD):    0.000ns
    Clock Pessimism Removal (CPR):    0.000ns
  Clock Uncertainty:      0.178ns  ((TSJ^2 + DJ^2)^1/2) / 2 + PE
    Total System Jitter     (TSJ):    0.050ns
    Discrete Jitter          (DJ):    0.152ns
    Phase Error              (PE):    0.099ns

    Location             Delay type                Incr(ns)  Path(ns)    Netlist Resource(s)
  -------------------------------------------------------------------    -------------------
    G4                                                0.000     0.000 f  reset_n (IN)
                         net (fo=0)                   0.000     0.000    reset_n
    G4                   IBUF (Prop_ibuf_I_O)         1.062     1.062 f  reset_n_IBUF_inst/O
                         net (fo=78, routed)          4.369     5.431    datapath/Audio_Codec/audio_inout/reset_n_IBUF
    SLICE_X148Y131       LUT1 (Prop_lut1_I0_O)        0.157     5.588 r  datapath/Audio_Codec/audio_inout/process_q[10]_i_1__0/O
                         net (fo=203, routed)         1.581     7.169    datapath/Audio_Codec/initialize_audio/SR[0]
    SLICE_X160Y121       FDRE                                         r  datapath/Audio_Codec/initialize_audio/initA_reg[3]/R
  -------------------------------------------------------------------    -------------------

                         (clock clk_out2_clk_wiz_1 rise edge)
                                                      0.000     0.000 r  
    BUFGCTRL_X0Y2        BUFG                         0.000     0.000 r  clk_IBUF_BUFG_inst/O
                         net (fo=297, routed)         1.643     1.643    datapath/Audio_Codec/audiocodec_master_clock/inst/clk_in1
    MMCME2_ADV_X0Y2      MMCME2_ADV (Prop_mmcme2_adv_CLKIN1_CLKOUT1)
                                                     -3.494    -1.851 r  datapath/Audio_Codec/audiocodec_master_clock/inst/mmcm_adv_inst/CLKOUT1
                         net (fo=1, routed)           1.760    -0.091    datapath/Audio_Codec/audiocodec_master_clock/inst/clk_out2_clk_wiz_1
    BUFGCTRL_X0Y3        BUFG (Prop_bufg_I_O)         0.091     0.000 r  datapath/Audio_Codec/audiocodec_master_clock/inst/clkout2_buf/O
                         net (fo=115, routed)         1.701     1.701    datapath/Audio_Codec/initialize_audio/CLK
    SLICE_X160Y121       FDRE                                         r  datapath/Audio_Codec/initialize_audio/initA_reg[3]/C

Slack:                    inf
  Source:                 reset_n
                            (input port)
  Destination:            datapath/Audio_Codec/initialize_audio/initA_reg[5]/R
                            (rising edge-triggered cell FDRE clocked by clk_out2_clk_wiz_1  {rise@0.000ns fall@10.000ns period=20.000ns})
  Path Group:             (none)
  Path Type:              Setup (Max at Slow Process Corner)
  Data Path Delay:        7.169ns  (logic 1.219ns (17.001%)  route 5.950ns (82.999%))
  Logic Levels:           2  (IBUF=1 LUT1=1)
  Clock Path Skew:        1.701ns (DCD - SCD + CPR)
    Destination Clock Delay (DCD):    1.701ns
    Source Clock Delay      (SCD):    0.000ns
    Clock Pessimism Removal (CPR):    0.000ns
  Clock Uncertainty:      0.178ns  ((TSJ^2 + DJ^2)^1/2) / 2 + PE
    Total System Jitter     (TSJ):    0.050ns
    Discrete Jitter          (DJ):    0.152ns
    Phase Error              (PE):    0.099ns

    Location             Delay type                Incr(ns)  Path(ns)    Netlist Resource(s)
  -------------------------------------------------------------------    -------------------
    G4                                                0.000     0.000 f  reset_n (IN)
                         net (fo=0)                   0.000     0.000    reset_n
    G4                   IBUF (Prop_ibuf_I_O)         1.062     1.062 f  reset_n_IBUF_inst/O
                         net (fo=78, routed)          4.369     5.431    datapath/Audio_Codec/audio_inout/reset_n_IBUF
    SLICE_X148Y131       LUT1 (Prop_lut1_I0_O)        0.157     5.588 r  datapath/Audio_Codec/audio_inout/process_q[10]_i_1__0/O
                         net (fo=203, routed)         1.581     7.169    datapath/Audio_Codec/initialize_audio/SR[0]
    SLICE_X160Y121       FDRE                                         r  datapath/Audio_Codec/initialize_audio/initA_reg[5]/R
  -------------------------------------------------------------------    -------------------

                         (clock clk_out2_clk_wiz_1 rise edge)
                                                      0.000     0.000 r  
    BUFGCTRL_X0Y2        BUFG                         0.000     0.000 r  clk_IBUF_BUFG_inst/O
                         net (fo=297, routed)         1.643     1.643    datapath/Audio_Codec/audiocodec_master_clock/inst/clk_in1
    MMCME2_ADV_X0Y2      MMCME2_ADV (Prop_mmcme2_adv_CLKIN1_CLKOUT1)
                                                     -3.494    -1.851 r  datapath/Audio_Codec/audiocodec_master_clock/inst/mmcm_adv_inst/CLKOUT1
                         net (fo=1, routed)           1.760    -0.091    datapath/Audio_Codec/audiocodec_master_clock/inst/clk_out2_clk_wiz_1
    BUFGCTRL_X0Y3        BUFG (Prop_bufg_I_O)         0.091     0.000 r  datapath/Audio_Codec/audiocodec_master_clock/inst/clkout2_buf/O
                         net (fo=115, routed)         1.701     1.701    datapath/Audio_Codec/initialize_audio/CLK
    SLICE_X160Y121       FDRE                                         r  datapath/Audio_Codec/initialize_audio/initA_reg[5]/C





Min Delay Paths
--------------------------------------------------------------------------------------
Slack:                    inf
  Source:                 sda
                            (input port)
  Destination:            datapath/Audio_Codec/initialize_audio/twi_controller/dSda_reg/D
                            (rising edge-triggered cell FDRE clocked by clk_out2_clk_wiz_1  {rise@0.000ns fall@10.000ns period=20.000ns})
  Path Group:             (none)
  Path Type:              Hold (Min at Fast Process Corner)
  Data Path Delay:        0.593ns  (logic 0.246ns (41.418%)  route 0.347ns (58.582%))
  Logic Levels:           1  (IBUF=1)
  Clock Path Skew:        0.913ns (DCD - SCD - CPR)
    Destination Clock Delay (DCD):    0.913ns
    Source Clock Delay      (SCD):    0.000ns
    Clock Pessimism Removal (CPR):    -0.000ns

    Location             Delay type                Incr(ns)  Path(ns)    Netlist Resource(s)
  -------------------------------------------------------------------    -------------------
    V5                                                0.000     0.000 r  sda (INOUT)
                         net (fo=1, unset)            0.000     0.000    sda_IOBUF_inst/IO
    V5                   IBUF (Prop_ibuf_I_O)         0.246     0.246 r  sda_IOBUF_inst/IBUF/O
                         net (fo=1, routed)           0.347     0.593    datapath/Audio_Codec/initialize_audio/twi_controller/sda_IBUF
    SLICE_X163Y117       FDRE                                         r  datapath/Audio_Codec/initialize_audio/twi_controller/dSda_reg/D
  -------------------------------------------------------------------    -------------------

                         (clock clk_out2_clk_wiz_1 rise edge)
                                                      0.000     0.000 r  
    BUFGCTRL_X0Y2        BUFG                         0.000     0.000 r  clk_IBUF_BUFG_inst/O
                         net (fo=297, routed)         0.879     0.879    datapath/Audio_Codec/audiocodec_master_clock/inst/clk_in1
    MMCME2_ADV_X0Y2      MMCME2_ADV (Prop_mmcme2_adv_CLKIN1_CLKOUT1)
                                                     -1.502    -0.624 r  datapath/Audio_Codec/audiocodec_master_clock/inst/mmcm_adv_inst/CLKOUT1
                         net (fo=1, routed)           0.595    -0.029    datapath/Audio_Codec/audiocodec_master_clock/inst/clk_out2_clk_wiz_1
    BUFGCTRL_X0Y3        BUFG (Prop_bufg_I_O)         0.029    -0.000 r  datapath/Audio_Codec/audiocodec_master_clock/inst/clkout2_buf/O
                         net (fo=115, routed)         0.913     0.913    datapath/Audio_Codec/initialize_audio/twi_controller/CLK
    SLICE_X163Y117       FDRE                                         r  datapath/Audio_Codec/initialize_audio/twi_controller/dSda_reg/C

Slack:                    inf
  Source:                 scl
                            (input port)
  Destination:            datapath/Audio_Codec/initialize_audio/twi_controller/dScl_reg/D
                            (rising edge-triggered cell FDRE clocked by clk_out2_clk_wiz_1  {rise@0.000ns fall@10.000ns period=20.000ns})
  Path Group:             (none)
  Path Type:              Hold (Min at Fast Process Corner)
  Data Path Delay:        0.633ns  (logic 0.263ns (41.459%)  route 0.371ns (58.541%))
  Logic Levels:           1  (IBUF=1)
  Clock Path Skew:        0.914ns (DCD - SCD - CPR)
    Destination Clock Delay (DCD):    0.914ns
    Source Clock Delay      (SCD):    0.000ns
    Clock Pessimism Removal (CPR):    -0.000ns

    Location             Delay type                Incr(ns)  Path(ns)    Netlist Resource(s)
  -------------------------------------------------------------------    -------------------
    W5                                                0.000     0.000 r  scl (INOUT)
                         net (fo=1, unset)            0.000     0.000    scl_IOBUF_inst/IO
    W5                   IBUF (Prop_ibuf_I_O)         0.263     0.263 r  scl_IOBUF_inst/IBUF/O
                         net (fo=1, routed)           0.371     0.633    datapath/Audio_Codec/initialize_audio/twi_controller/scl_IBUF
    SLICE_X163Y116       FDRE                                         r  datapath/Audio_Codec/initialize_audio/twi_controller/dScl_reg/D
  -------------------------------------------------------------------    -------------------

                         (clock clk_out2_clk_wiz_1 rise edge)
                                                      0.000     0.000 r  
    BUFGCTRL_X0Y2        BUFG                         0.000     0.000 r  clk_IBUF_BUFG_inst/O
                         net (fo=297, routed)         0.879     0.879    datapath/Audio_Codec/audiocodec_master_clock/inst/clk_in1
    MMCME2_ADV_X0Y2      MMCME2_ADV (Prop_mmcme2_adv_CLKIN1_CLKOUT1)
                                                     -1.502    -0.624 r  datapath/Audio_Codec/audiocodec_master_clock/inst/mmcm_adv_inst/CLKOUT1
                         net (fo=1, routed)           0.595    -0.029    datapath/Audio_Codec/audiocodec_master_clock/inst/clk_out2_clk_wiz_1
    BUFGCTRL_X0Y3        BUFG (Prop_bufg_I_O)         0.029    -0.000 r  datapath/Audio_Codec/audiocodec_master_clock/inst/clkout2_buf/O
                         net (fo=115, routed)         0.914     0.914    datapath/Audio_Codec/initialize_audio/twi_controller/CLK
    SLICE_X163Y116       FDRE                                         r  datapath/Audio_Codec/initialize_audio/twi_controller/dScl_reg/C

Slack:                    inf
  Source:                 reset_n
                            (input port)
  Destination:            datapath/Audio_Codec/initialize_audio/data_i_reg[1]/CE
                            (rising edge-triggered cell FDRE clocked by clk_out2_clk_wiz_1  {rise@0.000ns fall@10.000ns period=20.000ns})
  Path Group:             (none)
  Path Type:              Hold (Min at Fast Process Corner)
  Data Path Delay:        1.663ns  (logic 0.186ns (11.178%)  route 1.477ns (88.822%))
  Logic Levels:           1  (IBUF=1)
  Clock Path Skew:        0.913ns (DCD - SCD - CPR)
    Destination Clock Delay (DCD):    0.913ns
    Source Clock Delay      (SCD):    0.000ns
    Clock Pessimism Removal (CPR):    -0.000ns

    Location             Delay type                Incr(ns)  Path(ns)    Netlist Resource(s)
  -------------------------------------------------------------------    -------------------
    G4                                                0.000     0.000 r  reset_n (IN)
                         net (fo=0)                   0.000     0.000    reset_n
    G4                   IBUF (Prop_ibuf_I_O)         0.186     0.186 r  reset_n_IBUF_inst/O
                         net (fo=78, routed)          1.477     1.663    datapath/Audio_Codec/initialize_audio/reset_n_IBUF
    SLICE_X160Y117       FDRE                                         r  datapath/Audio_Codec/initialize_audio/data_i_reg[1]/CE
  -------------------------------------------------------------------    -------------------

                         (clock clk_out2_clk_wiz_1 rise edge)
                                                      0.000     0.000 r  
    BUFGCTRL_X0Y2        BUFG                         0.000     0.000 r  clk_IBUF_BUFG_inst/O
                         net (fo=297, routed)         0.879     0.879    datapath/Audio_Codec/audiocodec_master_clock/inst/clk_in1
    MMCME2_ADV_X0Y2      MMCME2_ADV (Prop_mmcme2_adv_CLKIN1_CLKOUT1)
                                                     -1.502    -0.624 r  datapath/Audio_Codec/audiocodec_master_clock/inst/mmcm_adv_inst/CLKOUT1
                         net (fo=1, routed)           0.595    -0.029    datapath/Audio_Codec/audiocodec_master_clock/inst/clk_out2_clk_wiz_1
    BUFGCTRL_X0Y3        BUFG (Prop_bufg_I_O)         0.029    -0.000 r  datapath/Audio_Codec/audiocodec_master_clock/inst/clkout2_buf/O
                         net (fo=115, routed)         0.913     0.913    datapath/Audio_Codec/initialize_audio/CLK
    SLICE_X160Y117       FDRE                                         r  datapath/Audio_Codec/initialize_audio/data_i_reg[1]/C

Slack:                    inf
  Source:                 reset_n
                            (input port)
  Destination:            datapath/Audio_Codec/initialize_audio/data_i_reg[6]/CE
                            (rising edge-triggered cell FDRE clocked by clk_out2_clk_wiz_1  {rise@0.000ns fall@10.000ns period=20.000ns})
  Path Group:             (none)
  Path Type:              Hold (Min at Fast Process Corner)
  Data Path Delay:        1.663ns  (logic 0.186ns (11.178%)  route 1.477ns (88.822%))
  Logic Levels:           1  (IBUF=1)
  Clock Path Skew:        0.913ns (DCD - SCD - CPR)
    Destination Clock Delay (DCD):    0.913ns
    Source Clock Delay      (SCD):    0.000ns
    Clock Pessimism Removal (CPR):    -0.000ns

    Location             Delay type                Incr(ns)  Path(ns)    Netlist Resource(s)
  -------------------------------------------------------------------    -------------------
    G4                                                0.000     0.000 r  reset_n (IN)
                         net (fo=0)                   0.000     0.000    reset_n
    G4                   IBUF (Prop_ibuf_I_O)         0.186     0.186 r  reset_n_IBUF_inst/O
                         net (fo=78, routed)          1.477     1.663    datapath/Audio_Codec/initialize_audio/reset_n_IBUF
    SLICE_X160Y117       FDRE                                         r  datapath/Audio_Codec/initialize_audio/data_i_reg[6]/CE
  -------------------------------------------------------------------    -------------------

                         (clock clk_out2_clk_wiz_1 rise edge)
                                                      0.000     0.000 r  
    BUFGCTRL_X0Y2        BUFG                         0.000     0.000 r  clk_IBUF_BUFG_inst/O
                         net (fo=297, routed)         0.879     0.879    datapath/Audio_Codec/audiocodec_master_clock/inst/clk_in1
    MMCME2_ADV_X0Y2      MMCME2_ADV (Prop_mmcme2_adv_CLKIN1_CLKOUT1)
                                                     -1.502    -0.624 r  datapath/Audio_Codec/audiocodec_master_clock/inst/mmcm_adv_inst/CLKOUT1
                         net (fo=1, routed)           0.595    -0.029    datapath/Audio_Codec/audiocodec_master_clock/inst/clk_out2_clk_wiz_1
    BUFGCTRL_X0Y3        BUFG (Prop_bufg_I_O)         0.029    -0.000 r  datapath/Audio_Codec/audiocodec_master_clock/inst/clkout2_buf/O
                         net (fo=115, routed)         0.913     0.913    datapath/Audio_Codec/initialize_audio/CLK
    SLICE_X160Y117       FDRE                                         r  datapath/Audio_Codec/initialize_audio/data_i_reg[6]/C

Slack:                    inf
  Source:                 reset_n
                            (input port)
  Destination:            datapath/Audio_Codec/initialize_audio/stb_reg/CE
                            (rising edge-triggered cell FDRE clocked by clk_out2_clk_wiz_1  {rise@0.000ns fall@10.000ns period=20.000ns})
  Path Group:             (none)
  Path Type:              Hold (Min at Fast Process Corner)
  Data Path Delay:        1.663ns  (logic 0.186ns (11.178%)  route 1.477ns (88.822%))
  Logic Levels:           1  (IBUF=1)
  Clock Path Skew:        0.913ns (DCD - SCD - CPR)
    Destination Clock Delay (DCD):    0.913ns
    Source Clock Delay      (SCD):    0.000ns
    Clock Pessimism Removal (CPR):    -0.000ns

    Location             Delay type                Incr(ns)  Path(ns)    Netlist Resource(s)
  -------------------------------------------------------------------    -------------------
    G4                                                0.000     0.000 r  reset_n (IN)
                         net (fo=0)                   0.000     0.000    reset_n
    G4                   IBUF (Prop_ibuf_I_O)         0.186     0.186 r  reset_n_IBUF_inst/O
                         net (fo=78, routed)          1.477     1.663    datapath/Audio_Codec/initialize_audio/reset_n_IBUF
    SLICE_X160Y117       FDRE                                         r  datapath/Audio_Codec/initialize_audio/stb_reg/CE
  -------------------------------------------------------------------    -------------------

                         (clock clk_out2_clk_wiz_1 rise edge)
                                                      0.000     0.000 r  
    BUFGCTRL_X0Y2        BUFG                         0.000     0.000 r  clk_IBUF_BUFG_inst/O
                         net (fo=297, routed)         0.879     0.879    datapath/Audio_Codec/audiocodec_master_clock/inst/clk_in1
    MMCME2_ADV_X0Y2      MMCME2_ADV (Prop_mmcme2_adv_CLKIN1_CLKOUT1)
                                                     -1.502    -0.624 r  datapath/Audio_Codec/audiocodec_master_clock/inst/mmcm_adv_inst/CLKOUT1
                         net (fo=1, routed)           0.595    -0.029    datapath/Audio_Codec/audiocodec_master_clock/inst/clk_out2_clk_wiz_1
    BUFGCTRL_X0Y3        BUFG (Prop_bufg_I_O)         0.029    -0.000 r  datapath/Audio_Codec/audiocodec_master_clock/inst/clkout2_buf/O
                         net (fo=115, routed)         0.913     0.913    datapath/Audio_Codec/initialize_audio/CLK
    SLICE_X160Y117       FDRE                                         r  datapath/Audio_Codec/initialize_audio/stb_reg/C

Slack:                    inf
  Source:                 reset_n
                            (input port)
  Destination:            datapath/Audio_Codec/initialize_audio/data_i_reg[0]/CE
                            (rising edge-triggered cell FDRE clocked by clk_out2_clk_wiz_1  {rise@0.000ns fall@10.000ns period=20.000ns})
  Path Group:             (none)
  Path Type:              Hold (Min at Fast Process Corner)
  Data Path Delay:        1.721ns  (logic 0.186ns (10.800%)  route 1.535ns (89.200%))
  Logic Levels:           1  (IBUF=1)
  Clock Path Skew:        0.912ns (DCD - SCD - CPR)
    Destination Clock Delay (DCD):    0.912ns
    Source Clock Delay      (SCD):    0.000ns
    Clock Pessimism Removal (CPR):    -0.000ns

    Location             Delay type                Incr(ns)  Path(ns)    Netlist Resource(s)
  -------------------------------------------------------------------    -------------------
    G4                                                0.000     0.000 r  reset_n (IN)
                         net (fo=0)                   0.000     0.000    reset_n
    G4                   IBUF (Prop_ibuf_I_O)         0.186     0.186 r  reset_n_IBUF_inst/O
                         net (fo=78, routed)          1.535     1.721    datapath/Audio_Codec/initialize_audio/reset_n_IBUF
    SLICE_X159Y117       FDRE                                         r  datapath/Audio_Codec/initialize_audio/data_i_reg[0]/CE
  -------------------------------------------------------------------    -------------------

                         (clock clk_out2_clk_wiz_1 rise edge)
                                                      0.000     0.000 r  
    BUFGCTRL_X0Y2        BUFG                         0.000     0.000 r  clk_IBUF_BUFG_inst/O
                         net (fo=297, routed)         0.879     0.879    datapath/Audio_Codec/audiocodec_master_clock/inst/clk_in1
    MMCME2_ADV_X0Y2      MMCME2_ADV (Prop_mmcme2_adv_CLKIN1_CLKOUT1)
                                                     -1.502    -0.624 r  datapath/Audio_Codec/audiocodec_master_clock/inst/mmcm_adv_inst/CLKOUT1
                         net (fo=1, routed)           0.595    -0.029    datapath/Audio_Codec/audiocodec_master_clock/inst/clk_out2_clk_wiz_1
    BUFGCTRL_X0Y3        BUFG (Prop_bufg_I_O)         0.029    -0.000 r  datapath/Audio_Codec/audiocodec_master_clock/inst/clkout2_buf/O
                         net (fo=115, routed)         0.912     0.912    datapath/Audio_Codec/initialize_audio/CLK
    SLICE_X159Y117       FDRE                                         r  datapath/Audio_Codec/initialize_audio/data_i_reg[0]/C

Slack:                    inf
  Source:                 reset_n
                            (input port)
  Destination:            datapath/Audio_Codec/initialize_audio/data_i_reg[3]/CE
                            (rising edge-triggered cell FDRE clocked by clk_out2_clk_wiz_1  {rise@0.000ns fall@10.000ns period=20.000ns})
  Path Group:             (none)
  Path Type:              Hold (Min at Fast Process Corner)
  Data Path Delay:        1.721ns  (logic 0.186ns (10.800%)  route 1.535ns (89.200%))
  Logic Levels:           1  (IBUF=1)
  Clock Path Skew:        0.912ns (DCD - SCD - CPR)
    Destination Clock Delay (DCD):    0.912ns
    Source Clock Delay      (SCD):    0.000ns
    Clock Pessimism Removal (CPR):    -0.000ns

    Location             Delay type                Incr(ns)  Path(ns)    Netlist Resource(s)
  -------------------------------------------------------------------    -------------------
    G4                                                0.000     0.000 r  reset_n (IN)
                         net (fo=0)                   0.000     0.000    reset_n
    G4                   IBUF (Prop_ibuf_I_O)         0.186     0.186 r  reset_n_IBUF_inst/O
                         net (fo=78, routed)          1.535     1.721    datapath/Audio_Codec/initialize_audio/reset_n_IBUF
    SLICE_X159Y117       FDRE                                         r  datapath/Audio_Codec/initialize_audio/data_i_reg[3]/CE
  -------------------------------------------------------------------    -------------------

                         (clock clk_out2_clk_wiz_1 rise edge)
                                                      0.000     0.000 r  
    BUFGCTRL_X0Y2        BUFG                         0.000     0.000 r  clk_IBUF_BUFG_inst/O
                         net (fo=297, routed)         0.879     0.879    datapath/Audio_Codec/audiocodec_master_clock/inst/clk_in1
    MMCME2_ADV_X0Y2      MMCME2_ADV (Prop_mmcme2_adv_CLKIN1_CLKOUT1)
                                                     -1.502    -0.624 r  datapath/Audio_Codec/audiocodec_master_clock/inst/mmcm_adv_inst/CLKOUT1
                         net (fo=1, routed)           0.595    -0.029    datapath/Audio_Codec/audiocodec_master_clock/inst/clk_out2_clk_wiz_1
    BUFGCTRL_X0Y3        BUFG (Prop_bufg_I_O)         0.029    -0.000 r  datapath/Audio_Codec/audiocodec_master_clock/inst/clkout2_buf/O
                         net (fo=115, routed)         0.912     0.912    datapath/Audio_Codec/initialize_audio/CLK
    SLICE_X159Y117       FDRE                                         r  datapath/Audio_Codec/initialize_audio/data_i_reg[3]/C

Slack:                    inf
  Source:                 reset_n
                            (input port)
  Destination:            datapath/Audio_Codec/initialize_audio/data_i_reg[7]/CE
                            (rising edge-triggered cell FDRE clocked by clk_out2_clk_wiz_1  {rise@0.000ns fall@10.000ns period=20.000ns})
  Path Group:             (none)
  Path Type:              Hold (Min at Fast Process Corner)
  Data Path Delay:        1.721ns  (logic 0.186ns (10.800%)  route 1.535ns (89.200%))
  Logic Levels:           1  (IBUF=1)
  Clock Path Skew:        0.912ns (DCD - SCD - CPR)
    Destination Clock Delay (DCD):    0.912ns
    Source Clock Delay      (SCD):    0.000ns
    Clock Pessimism Removal (CPR):    -0.000ns

    Location             Delay type                Incr(ns)  Path(ns)    Netlist Resource(s)
  -------------------------------------------------------------------    -------------------
    G4                                                0.000     0.000 r  reset_n (IN)
                         net (fo=0)                   0.000     0.000    reset_n
    G4                   IBUF (Prop_ibuf_I_O)         0.186     0.186 r  reset_n_IBUF_inst/O
                         net (fo=78, routed)          1.535     1.721    datapath/Audio_Codec/initialize_audio/reset_n_IBUF
    SLICE_X159Y117       FDRE                                         r  datapath/Audio_Codec/initialize_audio/data_i_reg[7]/CE
  -------------------------------------------------------------------    -------------------

                         (clock clk_out2_clk_wiz_1 rise edge)
                                                      0.000     0.000 r  
    BUFGCTRL_X0Y2        BUFG                         0.000     0.000 r  clk_IBUF_BUFG_inst/O
                         net (fo=297, routed)         0.879     0.879    datapath/Audio_Codec/audiocodec_master_clock/inst/clk_in1
    MMCME2_ADV_X0Y2      MMCME2_ADV (Prop_mmcme2_adv_CLKIN1_CLKOUT1)
                                                     -1.502    -0.624 r  datapath/Audio_Codec/audiocodec_master_clock/inst/mmcm_adv_inst/CLKOUT1
                         net (fo=1, routed)           0.595    -0.029    datapath/Audio_Codec/audiocodec_master_clock/inst/clk_out2_clk_wiz_1
    BUFGCTRL_X0Y3        BUFG (Prop_bufg_I_O)         0.029    -0.000 r  datapath/Audio_Codec/audiocodec_master_clock/inst/clkout2_buf/O
                         net (fo=115, routed)         0.912     0.912    datapath/Audio_Codec/initialize_audio/CLK
    SLICE_X159Y117       FDRE                                         r  datapath/Audio_Codec/initialize_audio/data_i_reg[7]/C

Slack:                    inf
  Source:                 reset_n
                            (input port)
  Destination:            datapath/Audio_Codec/initialize_audio/msg_reg/CE
                            (rising edge-triggered cell FDRE clocked by clk_out2_clk_wiz_1  {rise@0.000ns fall@10.000ns period=20.000ns})
  Path Group:             (none)
  Path Type:              Hold (Min at Fast Process Corner)
  Data Path Delay:        1.721ns  (logic 0.186ns (10.800%)  route 1.535ns (89.200%))
  Logic Levels:           1  (IBUF=1)
  Clock Path Skew:        0.912ns (DCD - SCD - CPR)
    Destination Clock Delay (DCD):    0.912ns
    Source Clock Delay      (SCD):    0.000ns
    Clock Pessimism Removal (CPR):    -0.000ns

    Location             Delay type                Incr(ns)  Path(ns)    Netlist Resource(s)
  -------------------------------------------------------------------    -------------------
    G4                                                0.000     0.000 r  reset_n (IN)
                         net (fo=0)                   0.000     0.000    reset_n
    G4                   IBUF (Prop_ibuf_I_O)         0.186     0.186 r  reset_n_IBUF_inst/O
                         net (fo=78, routed)          1.535     1.721    datapath/Audio_Codec/initialize_audio/reset_n_IBUF
    SLICE_X159Y117       FDRE                                         r  datapath/Audio_Codec/initialize_audio/msg_reg/CE
  -------------------------------------------------------------------    -------------------

                         (clock clk_out2_clk_wiz_1 rise edge)
                                                      0.000     0.000 r  
    BUFGCTRL_X0Y2        BUFG                         0.000     0.000 r  clk_IBUF_BUFG_inst/O
                         net (fo=297, routed)         0.879     0.879    datapath/Audio_Codec/audiocodec_master_clock/inst/clk_in1
    MMCME2_ADV_X0Y2      MMCME2_ADV (Prop_mmcme2_adv_CLKIN1_CLKOUT1)
                                                     -1.502    -0.624 r  datapath/Audio_Codec/audiocodec_master_clock/inst/mmcm_adv_inst/CLKOUT1
                         net (fo=1, routed)           0.595    -0.029    datapath/Audio_Codec/audiocodec_master_clock/inst/clk_out2_clk_wiz_1
    BUFGCTRL_X0Y3        BUFG (Prop_bufg_I_O)         0.029    -0.000 r  datapath/Audio_Codec/audiocodec_master_clock/inst/clkout2_buf/O
                         net (fo=115, routed)         0.912     0.912    datapath/Audio_Codec/initialize_audio/CLK
    SLICE_X159Y117       FDRE                                         r  datapath/Audio_Codec/initialize_audio/msg_reg/C

Slack:                    inf
  Source:                 reset_n
                            (input port)
  Destination:            datapath/Audio_Codec/initialize_audio/twi_controller/int_Rst_reg/D
                            (rising edge-triggered cell FDRE clocked by clk_out2_clk_wiz_1  {rise@0.000ns fall@10.000ns period=20.000ns})
  Path Group:             (none)
  Path Type:              Hold (Min at Fast Process Corner)
  Data Path Delay:        1.762ns  (logic 0.231ns (13.104%)  route 1.531ns (86.896%))
  Logic Levels:           2  (IBUF=1 LUT6=1)
  Clock Path Skew:        0.914ns (DCD - SCD - CPR)
    Destination Clock Delay (DCD):    0.914ns
    Source Clock Delay      (SCD):    0.000ns
    Clock Pessimism Removal (CPR):    -0.000ns

    Location             Delay type                Incr(ns)  Path(ns)    Netlist Resource(s)
  -------------------------------------------------------------------    -------------------
    G4                                                0.000     0.000 f  reset_n (IN)
                         net (fo=0)                   0.000     0.000    reset_n
    G4                   IBUF (Prop_ibuf_I_O)         0.186     0.186 f  reset_n_IBUF_inst/O
                         net (fo=78, routed)          1.531     1.717    datapath/Audio_Codec/initialize_audio/twi_controller/reset_n_IBUF
    SLICE_X160Y116       LUT6 (Prop_lut6_I4_O)        0.045     1.762 r  datapath/Audio_Codec/initialize_audio/twi_controller/int_Rst_i_1/O
                         net (fo=1, routed)           0.000     1.762    datapath/Audio_Codec/initialize_audio/twi_controller/int_Rst_i_1_n_0
    SLICE_X160Y116       FDRE                                         r  datapath/Audio_Codec/initialize_audio/twi_controller/int_Rst_reg/D
  -------------------------------------------------------------------    -------------------

                         (clock clk_out2_clk_wiz_1 rise edge)
                                                      0.000     0.000 r  
    BUFGCTRL_X0Y2        BUFG                         0.000     0.000 r  clk_IBUF_BUFG_inst/O
                         net (fo=297, routed)         0.879     0.879    datapath/Audio_Codec/audiocodec_master_clock/inst/clk_in1
    MMCME2_ADV_X0Y2      MMCME2_ADV (Prop_mmcme2_adv_CLKIN1_CLKOUT1)
                                                     -1.502    -0.624 r  datapath/Audio_Codec/audiocodec_master_clock/inst/mmcm_adv_inst/CLKOUT1
                         net (fo=1, routed)           0.595    -0.029    datapath/Audio_Codec/audiocodec_master_clock/inst/clk_out2_clk_wiz_1
    BUFGCTRL_X0Y3        BUFG (Prop_bufg_I_O)         0.029    -0.000 r  datapath/Audio_Codec/audiocodec_master_clock/inst/clkout2_buf/O
                         net (fo=115, routed)         0.914     0.914    datapath/Audio_Codec/initialize_audio/twi_controller/CLK
    SLICE_X160Y116       FDRE                                         r  datapath/Audio_Codec/initialize_audio/twi_controller/int_Rst_reg/C





